# Arena v2 - Z-up meters, UV tiled every ~4m
mtllib low_poly_arena_v2.mtl
v -200.000 -200.000 -2.000
v 200.000 -200.000 -2.000
v 200.000 200.000 -2.000
v -200.000 200.000 -2.000
v -200.000 -200.000 0.000
v 200.000 -200.000 0.000
v 200.000 200.000 0.000
v -200.000 200.000 0.000
v -4.000 -13.000 -0.075
v 4.000 -13.000 -0.075
v 4.000 57.000 -0.075
v -4.000 57.000 -0.075
v -4.000 -13.000 0.175
v 4.000 -13.000 0.175
v 4.000 57.000 0.175
v -4.000 57.000 0.175
v 4.000 -2.000 -0.075
v 60.000 -2.000 -0.075
v 60.000 6.000 -0.075
v 4.000 6.000 -0.075
v 4.000 -2.000 0.175
v 60.000 -2.000 0.175
v 60.000 6.000 0.175
v 4.000 6.000 0.175
v -60.000 0.000 -0.075
v -4.000 0.000 -0.075
v -4.000 8.000 -0.075
v -60.000 8.000 -0.075
v -60.000 0.000 0.175
v -4.000 0.000 0.175
v -4.000 8.000 0.175
v -60.000 8.000 0.175
v -4.000 -57.000 -0.075
v 4.000 -57.000 -0.075
v 4.000 -7.000 -0.075
v -4.000 -7.000 -0.075
v -4.000 -57.000 0.175
v 4.000 -57.000 0.175
v 4.000 -7.000 0.175
v -4.000 -7.000 0.175
v -16.000 36.000 0.000
v 16.000 36.000 0.000
v 16.000 68.000 0.000
v -16.000 68.000 0.000
v -16.000 36.000 1.000
v 16.000 36.000 1.000
v 16.000 68.000 1.000
v -16.000 68.000 1.000
v -16.200 35.800 0.925
v 16.200 35.800 0.925
v 16.200 68.200 0.925
v -16.200 68.200 0.925
v -16.200 35.800 1.275
v 16.200 35.800 1.275
v 16.200 68.200 1.275
v -16.200 68.200 1.275
v -1.200 50.800 1.500
v 1.200 50.800 1.500
v 1.200 53.200 1.500
v -1.200 53.200 1.500
v -1.200 50.800 7.500
v 1.200 50.800 7.500
v 1.200 53.200 7.500
v -1.200 53.200 7.500
v -1.500 50.500 7.450
v 1.500 50.500 7.450
v 1.500 53.500 7.450
v -1.500 53.500 7.450
v -1.500 50.500 8.150
v 1.500 50.500 8.150
v 1.500 53.500 8.150
v -1.500 53.500 8.150
v -3.000 49.000 1.300
v 3.000 49.000 1.300
v 3.000 55.000 1.300
v -3.000 55.000 1.300
v -3.000 49.000 1.900
v 3.000 49.000 1.900
v 3.000 55.000 1.900
v -3.000 55.000 1.900
v -2.500 49.500 1.850
v 2.500 49.500 1.850
v 2.500 54.500 1.850
v -2.500 54.500 1.850
v -2.500 49.500 2.050
v 2.500 49.500 2.050
v 2.500 54.500 2.050
v -2.500 54.500 2.050
v -13.200 38.800 0.500
v -12.800 38.800 0.500
v -12.800 39.200 0.500
v -13.200 39.200 0.500
v -13.200 38.800 3.500
v -12.800 38.800 3.500
v -12.800 39.200 3.500
v -13.200 39.200 3.500
v -13.350 38.650 3.350
v -12.650 38.650 3.350
v -12.650 39.350 3.350
v -13.350 39.350 3.350
v -13.350 38.650 4.250
v -12.650 38.650 4.250
v -12.650 39.350 4.250
v -13.350 39.350 4.250
v 12.800 38.800 0.500
v 13.200 38.800 0.500
v 13.200 39.200 0.500
v 12.800 39.200 0.500
v 12.800 38.800 3.500
v 13.200 38.800 3.500
v 13.200 39.200 3.500
v 12.800 39.200 3.500
v 12.650 38.650 3.350
v 13.350 38.650 3.350
v 13.350 39.350 3.350
v 12.650 39.350 3.350
v 12.650 38.650 4.250
v 13.350 38.650 4.250
v 13.350 39.350 4.250
v 12.650 39.350 4.250
v -13.200 64.800 0.500
v -12.800 64.800 0.500
v -12.800 65.200 0.500
v -13.200 65.200 0.500
v -13.200 64.800 3.500
v -12.800 64.800 3.500
v -12.800 65.200 3.500
v -13.200 65.200 3.500
v -13.350 64.650 3.350
v -12.650 64.650 3.350
v -12.650 65.350 3.350
v -13.350 65.350 3.350
v -13.350 64.650 4.250
v -12.650 64.650 4.250
v -12.650 65.350 4.250
v -13.350 65.350 4.250
v 12.800 64.800 0.500
v 13.200 64.800 0.500
v 13.200 65.200 0.500
v 12.800 65.200 0.500
v 12.800 64.800 3.500
v 13.200 64.800 3.500
v 13.200 65.200 3.500
v 12.800 65.200 3.500
v 12.650 64.650 3.350
v 13.350 64.650 3.350
v 13.350 65.350 3.350
v 12.650 65.350 3.350
v 12.650 64.650 4.250
v 13.350 64.650 4.250
v 13.350 65.350 4.250
v 12.650 65.350 4.250
v -8.175 63.825 0.000
v -7.825 63.825 0.000
v -7.825 64.175 0.000
v -8.175 64.175 0.000
v -8.175 63.825 5.000
v -7.825 63.825 5.000
v -7.825 64.175 5.000
v -8.175 64.175 5.000
v -8.900 63.325 3.100
v -7.100 63.325 3.100
v -7.100 63.475 3.100
v -8.900 63.475 3.100
v -8.900 63.325 5.300
v -7.100 63.325 5.300
v -7.100 63.475 5.300
v -8.900 63.475 5.300
v 7.825 63.825 0.000
v 8.175 63.825 0.000
v 8.175 64.175 0.000
v 7.825 64.175 0.000
v 7.825 63.825 5.000
v 8.175 63.825 5.000
v 8.175 64.175 5.000
v 7.825 64.175 5.000
v 7.100 63.325 3.100
v 8.900 63.325 3.100
v 8.900 63.475 3.100
v 7.100 63.475 3.100
v 7.100 63.325 5.300
v 8.900 63.325 5.300
v 8.900 63.475 5.300
v 7.100 63.475 5.300
v -18.000 -14.000 0.000
v 18.000 -14.000 0.000
v 18.000 14.000 0.000
v -18.000 14.000 0.000
v -18.000 -14.000 6.000
v 18.000 -14.000 6.000
v 18.000 14.000 6.000
v -18.000 14.000 6.000
v -18.200 -14.200 5.800
v 18.200 -14.200 5.800
v 18.200 14.200 5.800
v -18.200 14.200 5.800
v -18.200 -14.200 6.600
v 18.200 -14.200 6.600
v 18.200 14.200 6.600
v -18.200 14.200 6.600
v -17.250 -13.250 3.000
v -12.750 -13.250 3.000
v -12.750 -8.750 3.000
v -17.250 -8.750 3.000
v -17.250 -13.250 13.000
v -12.750 -13.250 13.000
v -12.750 -8.750 13.000
v -17.250 -8.750 13.000
v -17.600 -13.600 12.950
v -12.400 -13.600 12.950
v -12.400 -8.400 12.950
v -17.600 -8.400 12.950
v -17.600 -13.600 13.650
v -12.400 -13.600 13.650
v -12.400 -8.400 13.650
v -17.600 -8.400 13.650
v -15.600 -11.600 13.700
v -14.400 -11.600 13.700
v -14.400 -10.400 13.700
v -15.600 -10.400 13.700
v -15.600 -11.600 14.500
v -14.400 -11.600 14.500
v -14.400 -10.400 14.500
v -15.600 -10.400 14.500
v 12.750 -13.250 3.000
v 17.250 -13.250 3.000
v 17.250 -8.750 3.000
v 12.750 -8.750 3.000
v 12.750 -13.250 13.000
v 17.250 -13.250 13.000
v 17.250 -8.750 13.000
v 12.750 -8.750 13.000
v 12.400 -13.600 12.950
v 17.600 -13.600 12.950
v 17.600 -8.400 12.950
v 12.400 -8.400 12.950
v 12.400 -13.600 13.650
v 17.600 -13.600 13.650
v 17.600 -8.400 13.650
v 12.400 -8.400 13.650
v 14.400 -11.600 13.700
v 15.600 -11.600 13.700
v 15.600 -10.400 13.700
v 14.400 -10.400 13.700
v 14.400 -11.600 14.500
v 15.600 -11.600 14.500
v 15.600 -10.400 14.500
v 14.400 -10.400 14.500
v -17.250 8.750 3.000
v -12.750 8.750 3.000
v -12.750 13.250 3.000
v -17.250 13.250 3.000
v -17.250 8.750 13.000
v -12.750 8.750 13.000
v -12.750 13.250 13.000
v -17.250 13.250 13.000
v -17.600 8.400 12.950
v -12.400 8.400 12.950
v -12.400 13.600 12.950
v -17.600 13.600 12.950
v -17.600 8.400 13.650
v -12.400 8.400 13.650
v -12.400 13.600 13.650
v -17.600 13.600 13.650
v -15.600 10.400 13.700
v -14.400 10.400 13.700
v -14.400 11.600 13.700
v -15.600 11.600 13.700
v -15.600 10.400 14.500
v -14.400 10.400 14.500
v -14.400 11.600 14.500
v -15.600 11.600 14.500
v 12.750 8.750 3.000
v 17.250 8.750 3.000
v 17.250 13.250 3.000
v 12.750 13.250 3.000
v 12.750 8.750 13.000
v 17.250 8.750 13.000
v 17.250 13.250 13.000
v 12.750 13.250 13.000
v 12.400 8.400 12.950
v 17.600 8.400 12.950
v 17.600 13.600 12.950
v 12.400 13.600 12.950
v 12.400 8.400 13.650
v 17.600 8.400 13.650
v 17.600 13.600 13.650
v 12.400 13.600 13.650
v 14.400 10.400 13.700
v 15.600 10.400 13.700
v 15.600 11.600 13.700
v 14.400 11.600 13.700
v 14.400 10.400 14.500
v 15.600 10.400 14.500
v 15.600 11.600 14.500
v 14.400 11.600 14.500
v -12.000 -0.600 6.300
v -4.000 -0.600 6.300
v -4.000 0.600 6.300
v -12.000 0.600 6.300
v -12.000 -0.600 8.300
v -4.000 -0.600 8.300
v -4.000 0.600 8.300
v -12.000 0.600 8.300
v 4.000 -0.600 6.300
v 12.000 -0.600 6.300
v 12.000 0.600 6.300
v 4.000 0.600 6.300
v 4.000 -0.600 8.300
v 12.000 -0.600 8.300
v 12.000 0.600 8.300
v 4.000 0.600 8.300
v -0.600 -12.000 6.300
v 0.600 -12.000 6.300
v 0.600 -4.000 6.300
v -0.600 -4.000 6.300
v -0.600 -12.000 8.300
v 0.600 -12.000 8.300
v 0.600 -4.000 8.300
v -0.600 -4.000 8.300
v -1.600 4.400 6.775
v 1.600 4.400 6.775
v 1.600 7.600 6.775
v -1.600 7.600 6.775
v -1.600 4.400 7.125
v 1.600 4.400 7.125
v 1.600 7.600 7.125
v -1.600 7.600 7.125
v 36.000 -4.000 0.000
v 48.000 -4.000 0.000
v 48.000 8.000 0.000
v 36.000 8.000 0.000
v 36.000 -4.000 2.000
v 48.000 -4.000 2.000
v 48.000 8.000 2.000
v 36.000 8.000 2.000
v 35.800 -4.200 2.000
v 48.200 -4.200 2.000
v 48.200 8.200 2.000
v 35.800 8.200 2.000
v 35.800 -4.200 2.300
v 48.200 -4.200 2.300
v 48.200 8.200 2.300
v 35.800 8.200 2.300
v 48.500 2.500 0.000
v 55.500 2.500 0.000
v 55.500 9.500 0.000
v 48.500 9.500 0.000
v 48.500 2.500 5.000
v 55.500 2.500 5.000
v 55.500 9.500 5.000
v 48.500 9.500 5.000
v 48.300 2.300 5.000
v 55.700 2.300 5.000
v 55.700 9.700 5.000
v 48.300 9.700 5.000
v 48.300 2.300 5.300
v 55.700 2.300 5.300
v 55.700 9.700 5.300
v 48.300 9.700 5.300
v 51.000 5.000 5.275
v 53.000 5.000 5.275
v 53.000 7.000 5.275
v 51.000 7.000 5.275
v 51.000 5.000 5.425
v 53.000 5.000 5.425
v 53.000 7.000 5.425
v 51.000 7.000 5.425
v 57.000 -4.000 0.000
v 63.000 -4.000 0.000
v 63.000 2.000 0.000
v 57.000 2.000 0.000
v 57.000 -4.000 8.000
v 63.000 -4.000 8.000
v 63.000 2.000 8.000
v 57.000 2.000 8.000
v 56.800 -4.200 8.000
v 63.200 -4.200 8.000
v 63.200 2.200 8.000
v 56.800 2.200 8.000
v 56.800 -4.200 8.300
v 63.200 -4.200 8.300
v 63.200 2.200 8.300
v 56.800 2.200 8.300
v 59.000 -2.000 8.275
v 61.000 -2.000 8.275
v 61.000 0.000 8.275
v 59.000 0.000 8.275
v 59.000 -2.000 8.425
v 61.000 -2.000 8.425
v 61.000 0.000 8.425
v 59.000 0.000 8.425
v 65.250 2.250 0.000
v 70.750 2.250 0.000
v 70.750 7.750 0.000
v 65.250 7.750 0.000
v 65.250 2.250 11.000
v 70.750 2.250 11.000
v 70.750 7.750 11.000
v 65.250 7.750 11.000
v 65.050 2.050 11.000
v 70.950 2.050 11.000
v 70.950 7.950 11.000
v 65.050 7.950 11.000
v 65.050 2.050 11.300
v 70.950 2.050 11.300
v 70.950 7.950 11.300
v 65.050 7.950 11.300
v 67.000 4.000 11.275
v 69.000 4.000 11.275
v 69.000 6.000 11.275
v 67.000 6.000 11.275
v 67.000 4.000 11.425
v 69.000 4.000 11.425
v 69.000 6.000 11.425
v 67.000 6.000 11.425
v 73.750 -4.250 0.000
v 78.250 -4.250 0.000
v 78.250 0.250 0.000
v 73.750 0.250 0.000
v 73.750 -4.250 14.000
v 78.250 -4.250 14.000
v 78.250 0.250 14.000
v 73.750 0.250 14.000
v 73.550 -4.450 14.000
v 78.450 -4.450 14.000
v 78.450 0.450 14.000
v 73.550 0.450 14.000
v 73.550 -4.450 14.300
v 78.450 -4.450 14.300
v 78.450 0.450 14.300
v 73.550 0.450 14.300
v 75.000 -3.000 14.275
v 77.000 -3.000 14.275
v 77.000 -1.000 14.275
v 75.000 -1.000 14.275
v 75.000 -3.000 14.425
v 77.000 -3.000 14.425
v 77.000 -1.000 14.425
v 75.000 -1.000 14.425
v 82.000 2.000 0.000
v 86.000 2.000 0.000
v 86.000 6.000 0.000
v 82.000 6.000 0.000
v 82.000 2.000 17.000
v 86.000 2.000 17.000
v 86.000 6.000 17.000
v 82.000 6.000 17.000
v 81.800 1.800 17.000
v 86.200 1.800 17.000
v 86.200 6.200 17.000
v 81.800 6.200 17.000
v 81.800 1.800 17.300
v 86.200 1.800 17.300
v 86.200 6.200 17.300
v 81.800 6.200 17.300
v 83.000 3.000 17.275
v 85.000 3.000 17.275
v 85.000 5.000 17.275
v 83.000 5.000 17.275
v 83.000 3.000 17.425
v 85.000 3.000 17.425
v 85.000 5.000 17.425
v 83.000 5.000 17.425
v 59.000 1.650 6.150
v 69.000 1.650 6.150
v 69.000 2.350 6.150
v 59.000 2.350 6.150
v 59.000 1.650 6.850
v 69.000 1.650 6.850
v 69.000 2.350 6.850
v 59.000 2.350 6.850
v 67.500 0.650 7.650
v 76.500 0.650 7.650
v 76.500 1.350 7.650
v 67.500 1.350 7.650
v 67.500 0.650 8.350
v 76.500 0.650 8.350
v 76.500 1.350 8.350
v 67.500 1.350 8.350
v 55.650 2.150 2.500
v 56.350 2.150 2.500
v 56.350 2.850 2.500
v 55.650 2.850 2.500
v 55.650 2.150 8.500
v 56.350 2.150 8.500
v 56.350 2.850 8.500
v 55.650 2.850 8.500
v 79.650 0.650 5.000
v 80.350 0.650 5.000
v 80.350 1.350 5.000
v 79.650 1.350 5.000
v 79.650 0.650 12.000
v 80.350 0.650 12.000
v 80.350 1.350 12.000
v 79.650 1.350 12.000
v 87.500 0.500 0.000
v 96.500 0.500 0.000
v 96.500 9.500 0.000
v 87.500 9.500 0.000
v 87.500 0.500 12.000
v 96.500 0.500 12.000
v 96.500 9.500 12.000
v 87.500 9.500 12.000
v 87.200 0.200 11.950
v 96.800 0.200 11.950
v 96.800 9.800 11.950
v 87.200 9.800 11.950
v 87.200 0.200 12.650
v 96.800 0.200 12.650
v 96.800 9.800 12.650
v 87.200 9.800 12.650
v 91.825 4.825 12.500
v 92.175 4.825 12.500
v 92.175 5.175 12.500
v 91.825 5.175 12.500
v 91.825 4.825 17.500
v 92.175 4.825 17.500
v 92.175 5.175 17.500
v 91.825 5.175 17.500
v 92.000 4.925 15.800
v 94.200 4.925 15.800
v 94.200 5.075 15.800
v 92.000 5.075 15.800
v 92.000 4.925 17.200
v 94.200 4.925 17.200
v 94.200 5.075 17.200
v 92.000 5.075 17.200
v 90.500 3.500 12.650
v 93.500 3.500 12.650
v 93.500 6.500 12.650
v 90.500 6.500 12.650
v 90.500 3.500 12.950
v 93.500 3.500 12.950
v 93.500 6.500 12.950
v 90.500 6.500 12.950
v -92.500 -13.750 0.000
v -27.500 -13.750 0.000
v -27.500 -10.250 0.000
v -92.500 -10.250 0.000
v -92.500 -13.750 10.000
v -27.500 -13.750 10.000
v -27.500 -10.250 10.000
v -92.500 -10.250 10.000
v -92.500 14.250 0.000
v -27.500 14.250 0.000
v -27.500 17.750 0.000
v -92.500 17.750 0.000
v -92.500 14.250 10.000
v -27.500 14.250 10.000
v -27.500 17.750 10.000
v -92.500 17.750 10.000
v -92.500 -10.250 7.900
v -27.500 -10.250 7.900
v -27.500 -9.950 7.900
v -92.500 -9.950 7.900
v -92.500 -10.250 9.100
v -27.500 -10.250 9.100
v -27.500 -9.950 9.100
v -92.500 -9.950 9.100
v -49.250 -9.250 0.000
v -46.750 -9.250 0.000
v -46.750 -6.750 0.000
v -49.250 -6.750 0.000
v -49.250 -9.250 8.000
v -46.750 -9.250 8.000
v -46.750 -6.750 8.000
v -49.250 -6.750 8.000
v -49.250 10.750 0.000
v -46.750 10.750 0.000
v -46.750 13.250 0.000
v -49.250 13.250 0.000
v -49.250 10.750 8.000
v -46.750 10.750 8.000
v -46.750 13.250 8.000
v -49.250 13.250 8.000
v -49.500 -9.500 7.600
v -46.500 -9.500 7.600
v -46.500 13.500 7.600
v -49.500 13.500 7.600
v -49.500 -9.500 9.200
v -46.500 -9.500 9.200
v -46.500 13.500 9.200
v -49.500 13.500 9.200
v -71.250 -9.250 0.000
v -68.750 -9.250 0.000
v -68.750 -6.750 0.000
v -71.250 -6.750 0.000
v -71.250 -9.250 8.000
v -68.750 -9.250 8.000
v -68.750 -6.750 8.000
v -71.250 -6.750 8.000
v -71.250 10.750 0.000
v -68.750 10.750 0.000
v -68.750 13.250 0.000
v -71.250 13.250 0.000
v -71.250 10.750 8.000
v -68.750 10.750 8.000
v -68.750 13.250 8.000
v -71.250 13.250 8.000
v -71.500 -9.500 7.600
v -68.500 -9.500 7.600
v -68.500 13.500 7.600
v -71.500 13.500 7.600
v -71.500 -9.500 9.200
v -68.500 -9.500 9.200
v -68.500 13.500 9.200
v -71.500 13.500 9.200
v -60.000 -10.750 3.000
v -56.000 -10.750 3.000
v -56.000 -9.250 3.000
v -60.000 -9.250 3.000
v -60.000 -10.750 4.000
v -56.000 -10.750 4.000
v -56.000 -9.250 4.000
v -60.000 -9.250 4.000
v -66.000 13.250 4.500
v -62.000 13.250 4.500
v -62.000 14.750 4.500
v -66.000 14.750 4.500
v -66.000 13.250 5.500
v -62.000 13.250 5.500
v -62.000 14.750 5.500
v -66.000 14.750 5.500
v -56.750 -10.750 5.500
v -53.250 -10.750 5.500
v -53.250 -9.250 5.500
v -56.750 -9.250 5.500
v -56.750 -10.750 6.500
v -53.250 -10.750 6.500
v -53.250 -9.250 6.500
v -56.750 -9.250 6.500
v -19.000 -53.000 0.000
v -9.000 -53.000 0.000
v -9.000 -51.000 0.000
v -19.000 -51.000 0.000
v -19.000 -53.000 5.000
v -9.000 -53.000 5.000
v -9.000 -51.000 5.000
v -19.000 -51.000 5.000
v -19.150 -53.150 4.995
v -8.850 -53.150 4.995
v -8.850 -50.850 4.995
v -19.150 -50.850 4.995
v -19.150 -53.150 5.245
v -8.850 -53.150 5.245
v -8.850 -50.850 5.245
v -19.150 -50.850 5.245
v -7.000 -55.000 0.000
v 3.000 -55.000 0.000
v 3.000 -53.000 0.000
v -7.000 -53.000 0.000
v -7.000 -55.000 7.000
v 3.000 -55.000 7.000
v 3.000 -53.000 7.000
v -7.000 -53.000 7.000
v -7.150 -55.150 6.995
v 3.150 -55.150 6.995
v 3.150 -52.850 6.995
v -7.150 -52.850 6.995
v -7.150 -55.150 7.245
v 3.150 -55.150 7.245
v 3.150 -52.850 7.245
v -7.150 -52.850 7.245
v 5.000 -53.000 0.000
v 15.000 -53.000 0.000
v 15.000 -51.000 0.000
v 5.000 -51.000 0.000
v 5.000 -53.000 4.000
v 15.000 -53.000 4.000
v 15.000 -51.000 4.000
v 5.000 -51.000 4.000
v 4.850 -53.150 3.995
v 15.150 -53.150 3.995
v 15.150 -50.850 3.995
v 4.850 -50.850 3.995
v 4.850 -53.150 4.245
v 15.150 -53.150 4.245
v 15.150 -50.850 4.245
v 4.850 -50.850 4.245
v 18.000 -57.000 0.000
v 26.000 -57.000 0.000
v 26.000 -55.000 0.000
v 18.000 -55.000 0.000
v 18.000 -57.000 6.000
v 26.000 -57.000 6.000
v 26.000 -55.000 6.000
v 18.000 -55.000 6.000
v 17.850 -57.150 5.995
v 26.150 -57.150 5.995
v 26.150 -54.850 5.995
v 17.850 -54.850 5.995
v 17.850 -57.150 6.245
v 26.150 -57.150 6.245
v 26.150 -54.850 6.245
v 17.850 -54.850 6.245
v -19.100 -63.100 0.000
v -16.900 -63.100 0.000
v -16.900 -60.900 0.000
v -19.100 -60.900 0.000
v -19.100 -63.100 8.000
v -16.900 -63.100 8.000
v -16.900 -60.900 8.000
v -19.100 -60.900 8.000
v -7.100 -63.100 0.000
v -4.900 -63.100 0.000
v -4.900 -60.900 0.000
v -7.100 -60.900 0.000
v -7.100 -63.100 8.000
v -4.900 -63.100 8.000
v -4.900 -60.900 8.000
v -7.100 -60.900 8.000
v 4.900 -63.100 0.000
v 7.100 -63.100 0.000
v 7.100 -60.900 0.000
v 4.900 -60.900 0.000
v 4.900 -63.100 8.000
v 7.100 -63.100 8.000
v 7.100 -60.900 8.000
v 4.900 -60.900 8.000
v 16.900 -63.100 0.000
v 19.100 -63.100 0.000
v 19.100 -60.900 0.000
v 16.900 -60.900 0.000
v 16.900 -63.100 8.000
v 19.100 -63.100 8.000
v 19.100 -60.900 8.000
v 16.900 -60.900 8.000
v -4.000 -67.100 0.000
v 4.000 -67.100 0.000
v 4.000 -64.900 0.000
v -4.000 -64.900 0.000
v -4.000 -67.100 2.200
v 4.000 -67.100 2.200
v 4.000 -64.900 2.200
v -4.000 -64.900 2.200
v -15.000 -63.300 7.900
v 15.000 -63.300 7.900
v 15.000 -60.700 7.900
v -15.000 -60.700 7.900
v -15.000 -63.300 9.300
v 15.000 -63.300 9.300
v 15.000 -60.700 9.300
v -15.000 -60.700 9.300
v -12.000 -77.000 0.000
v 12.000 -77.000 0.000
v 12.000 -67.000 0.000
v -12.000 -67.000 0.000
v -12.000 -77.000 4.000
v 12.000 -77.000 4.000
v 12.000 -67.000 4.000
v -12.000 -67.000 4.000
v -12.200 -77.200 4.000
v 12.200 -77.200 4.000
v 12.200 -66.800 4.000
v -12.200 -66.800 4.000
v -12.200 -77.200 4.300
v 12.200 -77.200 4.300
v 12.200 -66.800 4.300
v -12.200 -66.800 4.300
v -12.000 -77.000 4.400
v 12.000 -77.000 4.400
v 12.000 -76.600 4.400
v -12.000 -76.600 4.400
v -12.000 -77.000 6.000
v 12.000 -77.000 6.000
v 12.000 -76.600 6.000
v -12.000 -76.600 6.000
v -3.000 26.000 0.950
v 3.000 26.000 0.950
v 3.000 38.000 0.950
v -3.000 38.000 0.950
v -3.000 26.000 1.450
v 3.000 26.000 1.450
v 3.000 38.000 1.450
v -3.000 38.000 1.450
v -3.000 26.000 1.400
v -2.600 26.000 1.400
v -2.600 38.000 1.400
v -3.000 38.000 1.400
v -3.000 26.000 2.800
v -2.600 26.000 2.800
v -2.600 38.000 2.800
v -3.000 38.000 2.800
v 2.600 26.000 1.400
v 3.000 26.000 1.400
v 3.000 38.000 1.400
v 2.600 38.000 1.400
v 2.600 26.000 2.800
v 3.000 26.000 2.800
v 3.000 38.000 2.800
v 2.600 38.000 2.800
v 21.000 -0.500 0.950
v 31.000 -0.500 0.950
v 31.000 4.500 0.950
v 21.000 4.500 0.950
v 21.000 -0.500 1.450
v 31.000 -0.500 1.450
v 31.000 4.500 1.450
v 21.000 4.500 1.450
v -53.500 -40.500 -0.045
v -38.500 -40.500 -0.045
v -38.500 -27.500 -0.045
v -53.500 -27.500 -0.045
v -53.500 -40.500 0.205
v -38.500 -40.500 0.205
v -38.500 -27.500 0.205
v -53.500 -27.500 0.205
v -52.500 -39.500 0.125
v -39.500 -39.500 0.125
v -39.500 -28.500 0.125
v -52.500 -28.500 0.125
v -52.500 -39.500 0.375
v -39.500 -39.500 0.375
v -39.500 -28.500 0.375
v -52.500 -28.500 0.375
v -52.910 -28.910 0.000
v -51.090 -28.910 0.000
v -51.090 -27.090 0.000
v -52.910 -27.090 0.000
v -52.910 -28.910 6.500
v -51.090 -28.910 6.500
v -51.090 -27.090 6.500
v -52.910 -27.090 6.500
v -56.550 -32.550 6.110
v -47.450 -32.550 6.110
v -47.450 -23.450 6.110
v -56.550 -23.450 6.110
v -56.550 -32.550 8.970
v -47.450 -32.550 8.970
v -47.450 -23.450 8.970
v -56.550 -23.450 8.970
v -53.950 -31.250 7.930
v -47.450 -31.250 7.930
v -47.450 -24.750 7.930
v -53.950 -24.750 7.930
v -53.950 -31.250 10.270
v -47.450 -31.250 10.270
v -47.450 -24.750 10.270
v -53.950 -24.750 10.270
v -40.660 -26.660 0.000
v -39.340 -26.660 0.000
v -39.340 -25.340 0.000
v -40.660 -25.340 0.000
v -40.660 -26.660 4.400
v -39.340 -26.660 4.400
v -39.340 -25.340 4.400
v -40.660 -25.340 4.400
v -43.300 -29.300 3.850
v -36.700 -29.300 3.850
v -36.700 -22.700 3.850
v -43.300 -22.700 3.850
v -43.300 -29.300 6.050
v -36.700 -29.300 6.050
v -36.700 -22.700 6.050
v -43.300 -22.700 6.050
v -42.475 -28.475 5.610
v -37.525 -28.475 5.610
v -37.525 -23.525 5.610
v -42.475 -23.525 5.610
v -42.475 -28.475 7.590
v -37.525 -28.475 7.590
v -37.525 -23.525 7.590
v -42.475 -23.525 7.590
v -41.650 -27.650 7.260
v -38.350 -27.650 7.260
v -38.350 -24.350 7.260
v -41.650 -24.350 7.260
v -41.650 -27.650 9.020
v -38.350 -27.650 9.020
v -38.350 -24.350 9.020
v -41.650 -24.350 9.020
v -59.050 -39.050 0.000
v -56.950 -39.050 0.000
v -56.950 -36.950 0.000
v -59.050 -36.950 0.000
v -59.050 -39.050 7.500
v -56.950 -39.050 7.500
v -56.950 -36.950 7.500
v -59.050 -36.950 7.500
v -63.250 -43.250 7.050
v -52.750 -43.250 7.050
v -52.750 -32.750 7.050
v -63.250 -32.750 7.050
v -63.250 -43.250 10.350
v -52.750 -43.250 10.350
v -52.750 -32.750 10.350
v -63.250 -32.750 10.350
v -60.250 -41.750 9.150
v -52.750 -41.750 9.150
v -52.750 -34.250 9.150
v -60.250 -34.250 9.150
v -60.250 -41.750 11.850
v -52.750 -41.750 11.850
v -52.750 -34.250 11.850
v -60.250 -34.250 11.850
v -36.840 -40.840 0.000
v -35.160 -40.840 0.000
v -35.160 -39.160 0.000
v -36.840 -39.160 0.000
v -36.840 -40.840 6.000
v -35.160 -40.840 6.000
v -35.160 -39.160 6.000
v -36.840 -39.160 6.000
v -40.200 -44.200 5.640
v -31.800 -44.200 5.640
v -31.800 -35.800 5.640
v -40.200 -35.800 5.640
v -40.200 -44.200 8.280
v -31.800 -44.200 8.280
v -31.800 -35.800 8.280
v -40.200 -35.800 8.280
v -37.800 -43.000 7.320
v -31.800 -43.000 7.320
v -31.800 -37.000 7.320
v -37.800 -37.000 7.320
v -37.800 -43.000 9.480
v -31.800 -43.000 9.480
v -31.800 -37.000 9.480
v -37.800 -37.000 9.480
v -50.600 -46.600 0.000
v -49.400 -46.600 0.000
v -49.400 -45.400 0.000
v -50.600 -45.400 0.000
v -50.600 -46.600 4.000
v -49.400 -46.600 4.000
v -49.400 -45.400 4.000
v -50.600 -45.400 4.000
v -53.000 -49.000 3.500
v -47.000 -49.000 3.500
v -47.000 -43.000 3.500
v -53.000 -43.000 3.500
v -53.000 -49.000 5.500
v -47.000 -49.000 5.500
v -47.000 -43.000 5.500
v -53.000 -43.000 5.500
v -52.250 -48.250 5.100
v -47.750 -48.250 5.100
v -47.750 -43.750 5.100
v -52.250 -43.750 5.100
v -52.250 -48.250 6.900
v -47.750 -48.250 6.900
v -47.750 -43.750 6.900
v -52.250 -43.750 6.900
v -51.500 -47.500 6.600
v -48.500 -47.500 6.600
v -48.500 -44.500 6.600
v -51.500 -44.500 6.600
v -51.500 -47.500 8.200
v -48.500 -47.500 8.200
v -48.500 -44.500 8.200
v -51.500 -44.500 8.200
v -62.630 -26.630 0.000
v -61.370 -26.630 0.000
v -61.370 -25.370 0.000
v -62.630 -25.370 0.000
v -62.630 -26.630 4.500
v -61.370 -26.630 4.500
v -61.370 -25.370 4.500
v -62.630 -25.370 4.500
v -62.000 -26.315 3.285
v -59.300 -26.315 3.285
v -59.300 -25.685 3.285
v -62.000 -25.685 3.285
v -62.000 -26.315 3.915
v -59.300 -26.315 3.915
v -59.300 -25.685 3.915
v -62.000 -25.685 3.915
v -30.840 -30.840 0.000
v -29.160 -30.840 0.000
v -29.160 -29.160 0.000
v -30.840 -29.160 0.000
v -30.840 -30.840 5.600
v -29.160 -30.840 5.600
v -29.160 -29.160 5.600
v -30.840 -29.160 5.600
v -34.200 -34.200 4.900
v -25.800 -34.200 4.900
v -25.800 -25.800 4.900
v -34.200 -25.800 4.900
v -34.200 -34.200 7.700
v -25.800 -34.200 7.700
v -25.800 -25.800 7.700
v -34.200 -25.800 7.700
v -33.150 -33.150 7.140
v -26.850 -33.150 7.140
v -26.850 -26.850 7.140
v -33.150 -26.850 7.140
v -33.150 -33.150 9.660
v -26.850 -33.150 9.660
v -26.850 -26.850 9.660
v -33.150 -26.850 9.660
v -32.100 -32.100 9.240
v -27.900 -32.100 9.240
v -27.900 -27.900 9.240
v -32.100 -27.900 9.240
v -32.100 -32.100 11.480
v -27.900 -32.100 11.480
v -27.900 -27.900 11.480
v -32.100 -27.900 11.480
v -56.770 -48.770 0.000
v -55.230 -48.770 0.000
v -55.230 -47.230 0.000
v -56.770 -47.230 0.000
v -56.770 -48.770 5.500
v -55.230 -48.770 5.500
v -55.230 -47.230 5.500
v -56.770 -47.230 5.500
v -59.850 -51.850 5.170
v -52.150 -51.850 5.170
v -52.150 -44.150 5.170
v -59.850 -44.150 5.170
v -59.850 -51.850 7.590
v -52.150 -51.850 7.590
v -52.150 -44.150 7.590
v -59.850 -44.150 7.590
v -57.650 -50.750 6.710
v -52.150 -50.750 6.710
v -52.150 -45.250 6.710
v -57.650 -45.250 6.710
v -57.650 -50.750 8.690
v -52.150 -50.750 8.690
v -52.150 -45.250 8.690
v -57.650 -45.250 8.690
v 19.160 -40.840 0.000
v 20.840 -40.840 0.000
v 20.840 -39.160 0.000
v 19.160 -39.160 0.000
v 19.160 -40.840 6.000
v 20.840 -40.840 6.000
v 20.840 -39.160 6.000
v 19.160 -39.160 6.000
v 15.800 -44.200 5.640
v 24.200 -44.200 5.640
v 24.200 -35.800 5.640
v 15.800 -35.800 5.640
v 15.800 -44.200 8.280
v 24.200 -44.200 8.280
v 24.200 -35.800 8.280
v 15.800 -35.800 8.280
v 18.200 -43.000 7.320
v 24.200 -43.000 7.320
v 24.200 -37.000 7.320
v 18.200 -37.000 7.320
v 18.200 -43.000 9.480
v 24.200 -43.000 9.480
v 24.200 -37.000 9.480
v 18.200 -37.000 9.480
v -20.600 -44.600 0.000
v -19.400 -44.600 0.000
v -19.400 -43.400 0.000
v -20.600 -43.400 0.000
v -20.600 -44.600 4.000
v -19.400 -44.600 4.000
v -19.400 -43.400 4.000
v -20.600 -43.400 4.000
v -23.000 -47.000 3.500
v -17.000 -47.000 3.500
v -17.000 -41.000 3.500
v -23.000 -41.000 3.500
v -23.000 -47.000 5.500
v -17.000 -47.000 5.500
v -17.000 -41.000 5.500
v -23.000 -41.000 5.500
v -22.250 -46.250 5.100
v -17.750 -46.250 5.100
v -17.750 -41.750 5.100
v -22.250 -41.750 5.100
v -22.250 -46.250 6.900
v -17.750 -46.250 6.900
v -17.750 -41.750 6.900
v -22.250 -41.750 6.900
v -21.500 -45.500 6.600
v -18.500 -45.500 6.600
v -18.500 -42.500 6.600
v -21.500 -42.500 6.600
v -21.500 -45.500 8.200
v -18.500 -45.500 8.200
v -18.500 -42.500 8.200
v -21.500 -42.500 8.200
v 59.090 -30.910 0.000
v 60.910 -30.910 0.000
v 60.910 -29.090 0.000
v 59.090 -29.090 0.000
v 59.090 -30.910 6.500
v 60.910 -30.910 6.500
v 60.910 -29.090 6.500
v 59.090 -29.090 6.500
v 55.450 -34.550 6.110
v 64.550 -34.550 6.110
v 64.550 -25.450 6.110
v 55.450 -25.450 6.110
v 55.450 -34.550 8.970
v 64.550 -34.550 8.970
v 64.550 -25.450 8.970
v 55.450 -25.450 8.970
v 58.050 -33.250 7.930
v 64.550 -33.250 7.930
v 64.550 -26.750 7.930
v 58.050 -26.750 7.930
v 58.050 -33.250 10.270
v 64.550 -33.250 10.270
v 64.550 -26.750 10.270
v 58.050 -26.750 10.270
v -80.720 29.280 0.000
v -79.280 29.280 0.000
v -79.280 30.720 0.000
v -80.720 30.720 0.000
v -80.720 29.280 4.800
v -79.280 29.280 4.800
v -79.280 30.720 4.800
v -80.720 30.720 4.800
v -83.600 26.400 4.200
v -76.400 26.400 4.200
v -76.400 33.600 4.200
v -83.600 33.600 4.200
v -83.600 26.400 6.600
v -76.400 26.400 6.600
v -76.400 33.600 6.600
v -83.600 33.600 6.600
v -82.700 27.300 6.120
v -77.300 27.300 6.120
v -77.300 32.700 6.120
v -82.700 32.700 6.120
v -82.700 27.300 8.280
v -77.300 27.300 8.280
v -77.300 32.700 8.280
v -82.700 32.700 8.280
v -81.800 28.200 7.920
v -78.200 28.200 7.920
v -78.200 31.800 7.920
v -81.800 31.800 7.920
v -81.800 28.200 9.840
v -78.200 28.200 9.840
v -78.200 31.800 9.840
v -81.800 31.800 9.840
v -24.733 18.797 -0.700
v -22.665 19.549 -0.700
v -23.267 21.203 -0.700
v -25.335 20.451 -0.700
v -24.733 18.797 1.500
v -22.665 19.549 1.500
v -23.267 21.203 1.500
v -25.335 20.451 1.500
v 16.944 23.537 -0.600
v 18.683 23.072 -0.600
v 19.056 24.463 -0.600
v 17.317 24.928 -0.600
v 16.944 23.537 1.200
v 18.683 23.072 1.200
v 19.056 24.463 1.200
v 17.317 24.928 1.200
v 29.532 -15.598 -0.800
v 31.661 -14.106 -0.800
v 30.468 -12.402 -0.800
v 28.339 -13.894 -0.800
v 29.532 -15.598 1.800
v 31.661 -14.106 1.800
v 30.468 -12.402 1.800
v 28.339 -13.894 1.800
v -16.846 -24.961 -0.600
v -14.876 -24.614 -0.600
v -15.154 -23.039 -0.600
v -17.124 -23.386 -0.600
v -16.846 -24.961 1.400
v -14.876 -24.614 1.400
v -15.154 -23.039 1.400
v -17.124 -23.386 1.400
v 46.481 -12.231 -0.800
v 48.559 -13.431 -0.800
v 49.519 -11.769 -0.800
v 47.441 -10.569 -0.800
v 46.481 -12.231 1.600
v 48.559 -13.431 1.600
v 49.519 -11.769 1.600
v 47.441 -10.569 1.600
v 7.200 39.360 -0.500
v 8.800 39.360 -0.500
v 8.800 40.640 -0.500
v 7.200 40.640 -0.500
v 7.200 39.360 1.100
v 8.800 39.360 1.100
v 8.800 40.640 1.100
v 7.200 40.640 1.100
v -71.062 0.556 -0.900
v -68.358 1.281 -0.900
v -68.938 3.444 -0.900
v -71.642 2.719 -0.900
v -71.062 0.556 1.900
v -68.358 1.281 1.900
v -68.938 3.444 1.900
v -71.642 2.719 1.900
v 22.665 -30.451 -0.700
v 24.733 -31.203 -0.700
v 25.335 -29.549 -0.700
v 23.267 -28.797 -0.700
v 22.665 -30.451 1.500
v 24.733 -31.203 1.500
v 25.335 -29.549 1.500
v 23.267 -28.797 1.500
v -25.100 -15.100 -0.100
v -22.900 -15.100 -0.100
v -22.900 -12.900 -0.100
v -25.100 -12.900 -0.100
v -25.100 -15.100 1.300
v -22.900 -15.100 1.300
v -22.900 -12.900 1.300
v -25.100 -12.900 1.300
v -23.675 -13.675 1.150
v -23.325 -13.675 1.150
v -23.325 -13.325 1.150
v -23.675 -13.325 1.150
v -23.675 -13.675 1.650
v -23.325 -13.675 1.650
v -23.325 -13.325 1.650
v -23.675 -13.325 1.650
v 10.900 16.900 -0.100
v 13.100 16.900 -0.100
v 13.100 19.100 -0.100
v 10.900 19.100 -0.100
v 10.900 16.900 1.300
v 13.100 16.900 1.300
v 13.100 19.100 1.300
v 10.900 19.100 1.300
v 12.325 18.325 1.150
v 12.675 18.325 1.150
v 12.675 18.675 1.150
v 12.325 18.675 1.150
v 12.325 18.325 1.650
v 12.675 18.325 1.650
v 12.675 18.675 1.650
v 12.325 18.675 1.650
v 34.900 18.900 -0.100
v 37.100 18.900 -0.100
v 37.100 21.100 -0.100
v 34.900 21.100 -0.100
v 34.900 18.900 1.300
v 37.100 18.900 1.300
v 37.100 21.100 1.300
v 34.900 21.100 1.300
v 36.325 20.325 1.150
v 36.675 20.325 1.150
v 36.675 20.675 1.150
v 36.325 20.675 1.150
v 36.325 20.325 1.650
v 36.675 20.325 1.650
v 36.675 20.675 1.650
v 36.325 20.675 1.650
v -35.100 -21.100 -0.100
v -32.900 -21.100 -0.100
v -32.900 -18.900 -0.100
v -35.100 -18.900 -0.100
v -35.100 -21.100 1.300
v -32.900 -21.100 1.300
v -32.900 -18.900 1.300
v -35.100 -18.900 1.300
v -33.675 -19.675 1.150
v -33.325 -19.675 1.150
v -33.325 -19.325 1.150
v -33.675 -19.325 1.150
v -33.675 -19.675 1.650
v -33.325 -19.675 1.650
v -33.325 -19.325 1.650
v -33.675 -19.325 1.650
v -49.100 -23.100 -0.100
v -46.900 -23.100 -0.100
v -46.900 -20.900 -0.100
v -49.100 -20.900 -0.100
v -49.100 -23.100 1.300
v -46.900 -23.100 1.300
v -46.900 -20.900 1.300
v -49.100 -20.900 1.300
v -47.675 -21.675 1.150
v -47.325 -21.675 1.150
v -47.325 -21.325 1.150
v -47.675 -21.325 1.150
v -47.675 -21.675 1.650
v -47.325 -21.675 1.650
v -47.325 -21.325 1.650
v -47.675 -21.325 1.650
v 12.900 -39.100 -0.100
v 15.100 -39.100 -0.100
v 15.100 -36.900 -0.100
v 12.900 -36.900 -0.100
v 12.900 -39.100 1.300
v 15.100 -39.100 1.300
v 15.100 -36.900 1.300
v 12.900 -36.900 1.300
v 14.325 -37.675 1.150
v 14.675 -37.675 1.150
v 14.675 -37.325 1.150
v 14.325 -37.325 1.150
v 14.325 -37.675 1.650
v 14.675 -37.675 1.650
v 14.675 -37.325 1.650
v 14.325 -37.325 1.650
v 68.900 8.900 -0.100
v 71.100 8.900 -0.100
v 71.100 11.100 -0.100
v 68.900 11.100 -0.100
v 68.900 8.900 1.300
v 71.100 8.900 1.300
v 71.100 11.100 1.300
v 68.900 11.100 1.300
v 70.325 10.325 1.150
v 70.675 10.325 1.150
v 70.675 10.675 1.150
v 70.325 10.675 1.150
v 70.325 10.325 1.650
v 70.675 10.325 1.650
v 70.675 10.675 1.650
v 70.325 10.675 1.650
v -91.100 -11.100 -0.100
v -88.900 -11.100 -0.100
v -88.900 -8.900 -0.100
v -91.100 -8.900 -0.100
v -91.100 -11.100 1.300
v -88.900 -11.100 1.300
v -88.900 -8.900 1.300
v -91.100 -8.900 1.300
v -89.675 -9.675 1.150
v -89.325 -9.675 1.150
v -89.325 -9.325 1.150
v -89.675 -9.325 1.150
v -89.675 -9.675 1.650
v -89.325 -9.675 1.650
v -89.325 -9.325 1.650
v -89.675 -9.325 1.650
v -7.200 38.800 0.000
v -4.800 38.800 0.000
v -4.800 41.200 0.000
v -7.200 41.200 0.000
v -7.200 38.800 2.400
v -4.800 38.800 2.400
v -4.800 41.200 2.400
v -7.200 41.200 2.400
v -5.400 39.100 0.000
v -3.600 39.100 0.000
v -3.600 40.900 0.000
v -5.400 40.900 0.000
v -5.400 39.100 1.800
v -3.600 39.100 1.800
v -3.600 40.900 1.800
v -5.400 40.900 1.800
v 5.100 57.100 0.000
v 6.900 57.100 0.000
v 6.900 58.900 0.000
v 5.100 58.900 0.000
v 5.100 57.100 1.800
v 6.900 57.100 1.800
v 6.900 58.900 1.800
v 5.100 58.900 1.800
v 42.800 8.800 0.000
v 45.200 8.800 0.000
v 45.200 11.200 0.000
v 42.800 11.200 0.000
v 42.800 8.800 2.400
v 45.200 8.800 2.400
v 45.200 11.200 2.400
v 42.800 11.200 2.400
v -52.900 3.100 0.000
v -51.100 3.100 0.000
v -51.100 4.900 0.000
v -52.900 4.900 0.000
v -52.900 3.100 1.800
v -51.100 3.100 1.800
v -51.100 4.900 1.800
v -52.900 4.900 1.800
v -56.900 3.100 0.000
v -55.100 3.100 0.000
v -55.100 4.900 0.000
v -56.900 4.900 0.000
v -56.900 3.100 1.800
v -55.100 3.100 1.800
v -55.100 4.900 1.800
v -56.900 4.900 1.800
v 10.800 -47.200 0.000
v 13.200 -47.200 0.000
v 13.200 -44.800 0.000
v 10.800 -44.800 0.000
v 10.800 -47.200 2.400
v 13.200 -47.200 2.400
v 13.200 -44.800 2.400
v 10.800 -44.800 2.400
v -7.700 40.300 0.000
v -6.300 40.300 0.000
v -6.300 41.700 0.000
v -7.700 41.700 0.000
v -7.700 40.300 1.800
v -6.300 40.300 1.800
v -6.300 41.700 1.800
v -7.700 41.700 1.800
v 44.300 10.300 0.000
v 45.700 10.300 0.000
v 45.700 11.700 0.000
v 44.300 11.700 0.000
v 44.300 10.300 1.800
v 45.700 10.300 1.800
v 45.700 11.700 1.800
v 44.300 11.700 1.800
v -53.700 4.800 0.000
v -52.300 4.800 0.000
v -52.300 6.200 0.000
v -53.700 6.200 0.000
v -53.700 4.800 1.800
v -52.300 4.800 1.800
v -52.300 6.200 1.800
v -53.700 6.200 1.800
v -70.000 -102.000 -2.000
v -10.000 -102.000 -2.000
v -10.000 -88.000 -2.000
v -70.000 -88.000 -2.000
v -70.000 -102.000 28.000
v -10.000 -102.000 28.000
v -10.000 -88.000 28.000
v -70.000 -88.000 28.000
v -10.000 -106.000 -2.000
v 60.000 -106.000 -2.000
v 60.000 -90.000 -2.000
v -10.000 -90.000 -2.000
v -10.000 -106.000 34.000
v 60.000 -106.000 34.000
v 60.000 -90.000 34.000
v -10.000 -90.000 34.000
v -107.000 -110.000 -2.000
v -93.000 -110.000 -2.000
v -93.000 110.000 -2.000
v -107.000 110.000 -2.000
v -107.000 -110.000 28.000
v -93.000 -110.000 28.000
v -93.000 110.000 28.000
v -107.000 110.000 28.000
v 93.000 -110.000 -2.000
v 107.000 -110.000 -2.000
v 107.000 110.000 -2.000
v 93.000 110.000 -2.000
v 93.000 -110.000 28.000
v 107.000 -110.000 28.000
v 107.000 110.000 28.000
v 93.000 110.000 28.000
v -80.000 93.000 -2.000
v -10.000 93.000 -2.000
v -10.000 107.000 -2.000
v -80.000 107.000 -2.000
v -80.000 93.000 22.000
v -10.000 93.000 22.000
v -10.000 107.000 22.000
v -80.000 107.000 22.000
v 5.000 93.000 -2.000
v 75.000 93.000 -2.000
v 75.000 107.000 -2.000
v 5.000 107.000 -2.000
v 5.000 93.000 22.000
v 75.000 93.000 22.000
v 75.000 107.000 22.000
v 5.000 107.000 22.000
v -78.000 -88.000 -2.000
v -62.000 -88.000 -2.000
v -62.000 -72.000 -2.000
v -78.000 -72.000 -2.000
v -78.000 -88.000 42.000
v -62.000 -88.000 42.000
v -62.000 -72.000 42.000
v -78.000 -72.000 42.000
v 62.000 -88.000 -2.000
v 78.000 -88.000 -2.000
v 78.000 -72.000 -2.000
v 62.000 -72.000 -2.000
v 62.000 -88.000 42.000
v 78.000 -88.000 42.000
v 78.000 -72.000 42.000
v 62.000 -72.000 42.000
v 25.000 -65.000 26.500
v 35.000 -65.000 26.500
v 35.000 -55.000 26.500
v 25.000 -55.000 26.500
v 25.000 -65.000 29.500
v 35.000 -65.000 29.500
v 35.000 -55.000 29.500
v 25.000 -55.000 29.500
v 24.900 -65.100 29.400
v 35.100 -65.100 29.400
v 35.100 -54.900 29.400
v 24.900 -54.900 29.400
v 24.900 -65.100 29.800
v 35.100 -65.100 29.800
v 35.100 -54.900 29.800
v 24.900 -54.900 29.800
v 29.400 -60.600 30.000
v 30.600 -60.600 30.000
v 30.600 -59.400 30.000
v 29.400 -59.400 30.000
v 29.400 -60.600 34.000
v 30.600 -60.600 34.000
v 30.600 -59.400 34.000
v 29.400 -59.400 34.000
v 27.000 -63.000 33.500
v 33.000 -63.000 33.500
v 33.000 -57.000 33.500
v 27.000 -57.000 33.500
v 27.000 -63.000 35.500
v 33.000 -63.000 35.500
v 33.000 -57.000 35.500
v 27.000 -57.000 35.500
vt 0 0
vt 100 0
vt 100 100
vt 0 100
vt 0 0
vt 100 0
vt 100 100
vt 0 100
vt 0 0
vt 100 0
vt 100 1
vt 0 1
vt 0 0
vt 100 0
vt 100 1
vt 0 1
vt 0 0
vt 100 0
vt 100 1
vt 0 1
vt 0 0
vt 100 0
vt 100 1
vt 0 1
vt 0 0
vt 16 0
vt 16 1
vt 0 1
vt 0 0
vt 16 0
vt 16 1
vt 0 1
vt 0 0
vt 16 0
vt 16 1
vt 0 1
vt 0 0
vt 1 0
vt 1 1
vt 0 1
vt 0 0
vt 16 0
vt 16 1
vt 0 1
vt 0 0
vt 1 0
vt 1 1
vt 0 1
vt 0 0
vt 3 0
vt 3 3
vt 0 3
vt 0 0
vt 3 0
vt 3 3
vt 0 3
vt 0 0
vt 3 0
vt 3 1
vt 0 1
vt 0 0
vt 3 0
vt 3 1
vt 0 1
vt 0 0
vt 3 0
vt 3 1
vt 0 1
vt 0 0
vt 3 0
vt 3 1
vt 0 1
vt 0 0
vt 2 0
vt 2 18
vt 0 18
vt 0 0
vt 2 0
vt 2 18
vt 0 18
vt 0 0
vt 2 0
vt 2 1
vt 0 1
vt 0 0
vt 18 0
vt 18 1
vt 0 1
vt 0 0
vt 2 0
vt 2 1
vt 0 1
vt 0 0
vt 18 0
vt 18 1
vt 0 1
vt 0 0
vt 14 0
vt 14 2
vt 0 2
vt 0 0
vt 14 0
vt 14 2
vt 0 2
vt 0 0
vt 14 0
vt 14 1
vt 0 1
vt 0 0
vt 2 0
vt 2 1
vt 0 1
vt 0 0
vt 14 0
vt 14 1
vt 0 1
vt 0 0
vt 2 0
vt 2 1
vt 0 1
vt 0 0
vt 14 0
vt 14 2
vt 0 2
vt 0 0
vt 14 0
vt 14 2
vt 0 2
vt 0 0
vt 14 0
vt 14 1
vt 0 1
vt 0 0
vt 2 0
vt 2 1
vt 0 1
vt 0 0
vt 14 0
vt 14 1
vt 0 1
vt 0 0
vt 2 0
vt 2 1
vt 0 1
vt 0 0
vt 2 0
vt 2 12
vt 0 12
vt 0 0
vt 2 0
vt 2 12
vt 0 12
vt 0 0
vt 2 0
vt 2 1
vt 0 1
vt 0 0
vt 12 0
vt 12 1
vt 0 1
vt 0 0
vt 2 0
vt 2 1
vt 0 1
vt 0 0
vt 12 0
vt 12 1
vt 0 1
vt 0 0
vt 8 0
vt 8 8
vt 0 8
vt 0 0
vt 8 0
vt 8 8
vt 0 8
vt 0 0
vt 8 0
vt 8 1
vt 0 1
vt 0 0
vt 8 0
vt 8 1
vt 0 1
vt 0 0
vt 8 0
vt 8 1
vt 0 1
vt 0 0
vt 8 0
vt 8 1
vt 0 1
vt 0 0
vt 9 0
vt 9 7
vt 0 7
vt 0 0
vt 9 0
vt 9 7
vt 0 7
vt 0 0
vt 9 0
vt 9 1
vt 0 1
vt 0 0
vt 7 0
vt 7 1
vt 0 1
vt 0 0
vt 9 0
vt 9 1
vt 0 1
vt 0 0
vt 7 0
vt 7 1
vt 0 1
vt 0 0
vt 1 0
vt 1 1
vt 0 1
vt 0 0
vt 1 0
vt 1 1
vt 0 1
vt 0 0
vt 1 0
vt 1 1
vt 0 1
vt 0 0
vt 1 0
vt 1 1
vt 0 1
vt 0 0
vt 1 0
vt 1 1
vt 0 1
vt 0 0
vt 1 0
vt 1 1
vt 0 1
vt 0 0
vt 1 0
vt 1 1
vt 0 1
vt 0 0
vt 1 0
vt 1 1
vt 0 1
vt 0 0
vt 1 0
vt 1 1
vt 0 1
vt 0 0
vt 1 0
vt 1 1
vt 0 1
vt 0 0
vt 1 0
vt 1 1
vt 0 1
vt 0 0
vt 1 0
vt 1 1
vt 0 1
vt 0 0
vt 1 0
vt 1 1
vt 0 1
vt 0 0
vt 1 0
vt 1 1
vt 0 1
vt 0 0
vt 1 0
vt 1 1
vt 0 1
vt 0 0
vt 1 0
vt 1 1
vt 0 1
vt 0 0
vt 1 0
vt 1 1
vt 0 1
vt 0 0
vt 1 0
vt 1 1
vt 0 1
vt 0 0
vt 1 0
vt 1 1
vt 0 1
vt 0 0
vt 1 0
vt 1 1
vt 0 1
vt 0 0
vt 1 0
vt 1 1
vt 0 1
vt 0 0
vt 1 0
vt 1 1
vt 0 1
vt 0 0
vt 1 0
vt 1 1
vt 0 1
vt 0 0
vt 1 0
vt 1 1
vt 0 1
vt 0 0
vt 3 0
vt 3 3
vt 0 3
vt 0 0
vt 3 0
vt 3 3
vt 0 3
vt 0 0
vt 3 0
vt 3 1
vt 0 1
vt 0 0
vt 3 0
vt 3 1
vt 0 1
vt 0 0
vt 3 0
vt 3 1
vt 0 1
vt 0 0
vt 3 0
vt 3 1
vt 0 1
vt 0 0
vt 2 0
vt 2 2
vt 0 2
vt 0 0
vt 2 0
vt 2 2
vt 0 2
vt 0 0
vt 2 0
vt 2 1
vt 0 1
vt 0 0
vt 2 0
vt 2 1
vt 0 1
vt 0 0
vt 2 0
vt 2 1
vt 0 1
vt 0 0
vt 2 0
vt 2 1
vt 0 1
vt 0 0
vt 2 0
vt 2 2
vt 0 2
vt 0 0
vt 2 0
vt 2 2
vt 0 2
vt 0 0
vt 2 0
vt 2 1
vt 0 1
vt 0 0
vt 2 0
vt 2 1
vt 0 1
vt 0 0
vt 2 0
vt 2 1
vt 0 1
vt 0 0
vt 2 0
vt 2 1
vt 0 1
vt 0 0
vt 1 0
vt 1 1
vt 0 1
vt 0 0
vt 1 0
vt 1 1
vt 0 1
vt 0 0
vt 1 0
vt 1 1
vt 0 1
vt 0 0
vt 1 0
vt 1 1
vt 0 1
vt 0 0
vt 1 0
vt 1 1
vt 0 1
vt 0 0
vt 1 0
vt 1 1
vt 0 1
vt 0 0
vt 1 0
vt 1 1
vt 0 1
vt 0 0
vt 1 0
vt 1 1
vt 0 1
vt 0 0
vt 1 0
vt 1 1
vt 0 1
vt 0 0
vt 1 0
vt 1 1
vt 0 1
vt 0 0
vt 1 0
vt 1 1
vt 0 1
vt 0 0
vt 1 0
vt 1 1
vt 0 1
vt 0 0
vt 1 0
vt 1 1
vt 0 1
vt 0 0
vt 1 0
vt 1 1
vt 0 1
vt 0 0
vt 1 0
vt 1 1
vt 0 1
vt 0 0
vt 1 0
vt 1 1
vt 0 1
vt 0 0
vt 1 0
vt 1 1
vt 0 1
vt 0 0
vt 1 0
vt 1 1
vt 0 1
vt 0 0
vt 2 0
vt 2 2
vt 0 2
vt 0 0
vt 2 0
vt 2 2
vt 0 2
vt 0 0
vt 2 0
vt 2 1
vt 0 1
vt 0 0
vt 2 0
vt 2 1
vt 0 1
vt 0 0
vt 2 0
vt 2 1
vt 0 1
vt 0 0
vt 2 0
vt 2 1
vt 0 1
vt 0 0
vt 1 0
vt 1 1
vt 0 1
vt 0 0
vt 1 0
vt 1 1
vt 0 1
vt 0 0
vt 1 0
vt 1 1
vt 0 1
vt 0 0
vt 1 0
vt 1 1
vt 0 1
vt 0 0
vt 1 0
vt 1 1
vt 0 1
vt 0 0
vt 1 0
vt 1 1
vt 0 1
vt 0 0
vt 1 0
vt 1 1
vt 0 1
vt 0 0
vt 1 0
vt 1 1
vt 0 1
vt 0 0
vt 1 0
vt 1 1
vt 0 1
vt 0 0
vt 1 0
vt 1 1
vt 0 1
vt 0 0
vt 1 0
vt 1 1
vt 0 1
vt 0 0
vt 1 0
vt 1 1
vt 0 1
vt 0 0
vt 1 0
vt 1 1
vt 0 1
vt 0 0
vt 1 0
vt 1 1
vt 0 1
vt 0 0
vt 1 0
vt 1 1
vt 0 1
vt 0 0
vt 1 0
vt 1 1
vt 0 1
vt 0 0
vt 1 0
vt 1 1
vt 0 1
vt 0 0
vt 1 0
vt 1 1
vt 0 1
vt 0 0
vt 3 0
vt 3 1
vt 0 1
vt 0 0
vt 3 0
vt 3 1
vt 0 1
vt 0 0
vt 3 0
vt 3 1
vt 0 1
vt 0 0
vt 1 0
vt 1 1
vt 0 1
vt 0 0
vt 3 0
vt 3 1
vt 0 1
vt 0 0
vt 1 0
vt 1 1
vt 0 1
vt 0 0
vt 3 0
vt 3 1
vt 0 1
vt 0 0
vt 3 0
vt 3 1
vt 0 1
vt 0 0
vt 3 0
vt 3 1
vt 0 1
vt 0 0
vt 1 0
vt 1 1
vt 0 1
vt 0 0
vt 3 0
vt 3 1
vt 0 1
vt 0 0
vt 1 0
vt 1 1
vt 0 1
vt 0 0
vt 3 0
vt 3 1
vt 0 1
vt 0 0
vt 3 0
vt 3 1
vt 0 1
vt 0 0
vt 3 0
vt 3 1
vt 0 1
vt 0 0
vt 1 0
vt 1 1
vt 0 1
vt 0 0
vt 3 0
vt 3 1
vt 0 1
vt 0 0
vt 1 0
vt 1 1
vt 0 1
vt 0 0
vt 2 0
vt 2 1
vt 0 1
vt 0 0
vt 2 0
vt 2 1
vt 0 1
vt 0 0
vt 2 0
vt 2 1
vt 0 1
vt 0 0
vt 1 0
vt 1 1
vt 0 1
vt 0 0
vt 2 0
vt 2 1
vt 0 1
vt 0 0
vt 1 0
vt 1 1
vt 0 1
vt 0 0
vt 1 0
vt 1 1
vt 0 1
vt 0 0
vt 1 0
vt 1 1
vt 0 1
vt 0 0
vt 1 0
vt 1 2
vt 0 2
vt 0 0
vt 1 0
vt 1 2
vt 0 2
vt 0 0
vt 1 0
vt 1 2
vt 0 2
vt 0 0
vt 1 0
vt 1 2
vt 0 2
vt 0 0
vt 1 0
vt 1 1
vt 0 1
vt 0 0
vt 1 0
vt 1 1
vt 0 1
vt 0 0
vt 1 0
vt 1 2
vt 0 2
vt 0 0
vt 1 0
vt 1 2
vt 0 2
vt 0 0
vt 1 0
vt 1 2
vt 0 2
vt 0 0
vt 1 0
vt 1 2
vt 0 2
vt 0 0
vt 1 0
vt 1 1
vt 0 1
vt 0 0
vt 1 0
vt 1 1
vt 0 1
vt 0 0
vt 1 0
vt 1 2
vt 0 2
vt 0 0
vt 1 0
vt 1 2
vt 0 2
vt 0 0
vt 1 0
vt 1 2
vt 0 2
vt 0 0
vt 1 0
vt 1 2
vt 0 2
vt 0 0
vt 1 0
vt 1 1
vt 0 1
vt 0 0
vt 1 0
vt 1 1
vt 0 1
vt 0 0
vt 1 0
vt 1 2
vt 0 2
vt 0 0
vt 1 0
vt 1 2
vt 0 2
vt 0 0
vt 1 0
vt 1 2
vt 0 2
vt 0 0
vt 1 0
vt 1 2
vt 0 2
vt 0 0
vt 2 0
vt 2 1
vt 0 1
vt 0 0
vt 2 0
vt 2 1
vt 0 1
vt 0 0
vt 2 0
vt 2 1
vt 0 1
vt 0 0
vt 1 0
vt 1 1
vt 0 1
vt 0 0
vt 2 0
vt 2 1
vt 0 1
vt 0 0
vt 1 0
vt 1 1
vt 0 1
vt 0 0
vt 8 0
vt 8 1
vt 0 1
vt 0 0
vt 8 0
vt 8 1
vt 0 1
vt 0 0
vt 8 0
vt 8 1
vt 0 1
vt 0 0
vt 1 0
vt 1 1
vt 0 1
vt 0 0
vt 8 0
vt 8 1
vt 0 1
vt 0 0
vt 1 0
vt 1 1
vt 0 1
vt 0 0
vt 6 0
vt 6 3
vt 0 3
vt 0 0
vt 6 0
vt 6 3
vt 0 3
vt 0 0
vt 6 0
vt 6 1
vt 0 1
vt 0 0
vt 3 0
vt 3 1
vt 0 1
vt 0 0
vt 6 0
vt 6 1
vt 0 1
vt 0 0
vt 3 0
vt 3 1
vt 0 1
vt 0 0
vt 8 0
vt 8 8
vt 0 8
vt 0 0
vt 8 0
vt 8 8
vt 0 8
vt 0 0
vt 8 0
vt 8 1
vt 0 1
vt 0 0
vt 8 0
vt 8 1
vt 0 1
vt 0 0
vt 8 0
vt 8 1
vt 0 1
vt 0 0
vt 8 0
vt 8 1
vt 0 1
vt 0 0
vt 9 0
vt 9 7
vt 0 7
vt 0 0
vt 9 0
vt 9 7
vt 0 7
vt 0 0
vt 9 0
vt 9 2
vt 0 2
vt 0 0
vt 7 0
vt 7 2
vt 0 2
vt 0 0
vt 9 0
vt 9 2
vt 0 2
vt 0 0
vt 7 0
vt 7 2
vt 0 2
vt 0 0
vt 3 0
vt 3 3
vt 0 3
vt 0 0
vt 3 0
vt 3 3
vt 0 3
vt 0 0
vt 3 0
vt 3 1
vt 0 1
vt 0 0
vt 3 0
vt 3 1
vt 0 1
vt 0 0
vt 3 0
vt 3 1
vt 0 1
vt 0 0
vt 3 0
vt 3 1
vt 0 1
vt 0 0
vt 2 0
vt 2 2
vt 0 2
vt 0 0
vt 2 0
vt 2 2
vt 0 2
vt 0 0
vt 2 0
vt 2 1
vt 0 1
vt 0 0
vt 2 0
vt 2 1
vt 0 1
vt 0 0
vt 2 0
vt 2 1
vt 0 1
vt 0 0
vt 2 0
vt 2 1
vt 0 1
vt 0 0
vt 2 0
vt 2 2
vt 0 2
vt 0 0
vt 2 0
vt 2 2
vt 0 2
vt 0 0
vt 2 0
vt 2 2
vt 0 2
vt 0 0
vt 2 0
vt 2 2
vt 0 2
vt 0 0
vt 2 0
vt 2 2
vt 0 2
vt 0 0
vt 2 0
vt 2 2
vt 0 2
vt 0 0
vt 1 0
vt 1 1
vt 0 1
vt 0 0
vt 1 0
vt 1 1
vt 0 1
vt 0 0
vt 1 0
vt 1 3
vt 0 3
vt 0 0
vt 1 0
vt 1 3
vt 0 3
vt 0 0
vt 1 0
vt 1 3
vt 0 3
vt 0 0
vt 1 0
vt 1 3
vt 0 3
vt 0 0
vt 1 0
vt 1 1
vt 0 1
vt 0 0
vt 1 0
vt 1 1
vt 0 1
vt 0 0
vt 1 0
vt 1 4
vt 0 4
vt 0 0
vt 1 0
vt 1 4
vt 0 4
vt 0 0
vt 1 0
vt 1 4
vt 0 4
vt 0 0
vt 1 0
vt 1 4
vt 0 4
vt 0 0
vt 1 0
vt 1 1
vt 0 1
vt 0 0
vt 1 0
vt 1 1
vt 0 1
vt 0 0
vt 1 0
vt 1 4
vt 0 4
vt 0 0
vt 1 0
vt 1 4
vt 0 4
vt 0 0
vt 1 0
vt 1 4
vt 0 4
vt 0 0
vt 1 0
vt 1 4
vt 0 4
vt 0 0
vt 2 0
vt 2 1
vt 0 1
vt 0 0
vt 2 0
vt 2 1
vt 0 1
vt 0 0
vt 2 0
vt 2 1
vt 0 1
vt 0 0
vt 1 0
vt 1 1
vt 0 1
vt 0 0
vt 2 0
vt 2 1
vt 0 1
vt 0 0
vt 1 0
vt 1 1
vt 0 1
vt 0 0
vt 2 0
vt 2 1
vt 0 1
vt 0 0
vt 2 0
vt 2 1
vt 0 1
vt 0 0
vt 2 0
vt 2 2
vt 0 2
vt 0 0
vt 1 0
vt 1 2
vt 0 2
vt 0 0
vt 2 0
vt 2 2
vt 0 2
vt 0 0
vt 1 0
vt 1 2
vt 0 2
vt 0 0
vt 2 0
vt 2 1
vt 0 1
vt 0 0
vt 2 0
vt 2 1
vt 0 1
vt 0 0
vt 2 0
vt 2 1
vt 0 1
vt 0 0
vt 1 0
vt 1 1
vt 0 1
vt 0 0
vt 2 0
vt 2 1
vt 0 1
vt 0 0
vt 1 0
vt 1 1
vt 0 1
vt 0 0
vt 2 0
vt 2 1
vt 0 1
vt 0 0
vt 2 0
vt 2 1
vt 0 1
vt 0 0
vt 2 0
vt 2 2
vt 0 2
vt 0 0
vt 1 0
vt 1 2
vt 0 2
vt 0 0
vt 2 0
vt 2 2
vt 0 2
vt 0 0
vt 1 0
vt 1 2
vt 0 2
vt 0 0
vt 6 0
vt 6 2
vt 0 2
vt 0 0
vt 6 0
vt 6 2
vt 0 2
vt 0 0
vt 6 0
vt 6 1
vt 0 1
vt 0 0
vt 2 0
vt 2 1
vt 0 1
vt 0 0
vt 6 0
vt 6 1
vt 0 1
vt 0 0
vt 2 0
vt 2 1
vt 0 1
vt 0 0
vt 1 0
vt 1 1
vt 0 1
vt 0 0
vt 1 0
vt 1 1
vt 0 1
vt 0 0
vt 1 0
vt 1 1
vt 0 1
vt 0 0
vt 1 0
vt 1 1
vt 0 1
vt 0 0
vt 1 0
vt 1 1
vt 0 1
vt 0 0
vt 1 0
vt 1 1
vt 0 1
vt 0 0
vt 1 0
vt 1 1
vt 0 1
vt 0 0
vt 1 0
vt 1 1
vt 0 1
vt 0 0
vt 1 0
vt 1 1
vt 0 1
vt 0 0
vt 1 0
vt 1 1
vt 0 1
vt 0 0
vt 1 0
vt 1 1
vt 0 1
vt 0 0
vt 1 0
vt 1 1
vt 0 1
vt 0 0
vt 1 0
vt 1 1
vt 0 1
vt 0 0
vt 1 0
vt 1 1
vt 0 1
vt 0 0
vt 1 0
vt 1 1
vt 0 1
vt 0 0
vt 1 0
vt 1 1
vt 0 1
vt 0 0
vt 1 0
vt 1 1
vt 0 1
vt 0 0
vt 1 0
vt 1 1
vt 0 1
vt 0 0
vt 2 0
vt 2 2
vt 0 2
vt 0 0
vt 2 0
vt 2 2
vt 0 2
vt 0 0
vt 2 0
vt 2 1
vt 0 1
vt 0 0
vt 2 0
vt 2 1
vt 0 1
vt 0 0
vt 2 0
vt 2 1
vt 0 1
vt 0 0
vt 2 0
vt 2 1
vt 0 1
vt 0 0
vt 1 0
vt 1 1
vt 0 1
vt 0 0
vt 1 0
vt 1 1
vt 0 1
vt 0 0
vt 1 0
vt 1 2
vt 0 2
vt 0 0
vt 1 0
vt 1 2
vt 0 2
vt 0 0
vt 1 0
vt 1 2
vt 0 2
vt 0 0
vt 1 0
vt 1 2
vt 0 2
vt 0 0
vt 2 0
vt 2 2
vt 0 2
vt 0 0
vt 2 0
vt 2 2
vt 0 2
vt 0 0
vt 2 0
vt 2 1
vt 0 1
vt 0 0
vt 2 0
vt 2 1
vt 0 1
vt 0 0
vt 2 0
vt 2 1
vt 0 1
vt 0 0
vt 2 0
vt 2 1
vt 0 1
vt 0 0
vt 2 0
vt 2 1
vt 0 1
vt 0 0
vt 2 0
vt 2 1
vt 0 1
vt 0 0
vt 2 0
vt 2 1
vt 0 1
vt 0 0
vt 1 0
vt 1 1
vt 0 1
vt 0 0
vt 2 0
vt 2 1
vt 0 1
vt 0 0
vt 1 0
vt 1 1
vt 0 1
vt 0 0
vt 2 0
vt 2 1
vt 0 1
vt 0 0
vt 2 0
vt 2 1
vt 0 1
vt 0 0
vt 2 0
vt 2 1
vt 0 1
vt 0 0
vt 1 0
vt 1 1
vt 0 1
vt 0 0
vt 2 0
vt 2 1
vt 0 1
vt 0 0
vt 1 0
vt 1 1
vt 0 1
vt 0 0
vt 1 0
vt 1 2
vt 0 2
vt 0 0
vt 1 0
vt 1 2
vt 0 2
vt 0 0
vt 1 0
vt 1 1
vt 0 1
vt 0 0
vt 2 0
vt 2 1
vt 0 1
vt 0 0
vt 1 0
vt 1 1
vt 0 1
vt 0 0
vt 2 0
vt 2 1
vt 0 1
vt 0 0
vt 1 0
vt 1 1
vt 0 1
vt 0 0
vt 1 0
vt 1 1
vt 0 1
vt 0 0
vt 1 0
vt 1 1
vt 0 1
vt 0 0
vt 1 0
vt 1 1
vt 0 1
vt 0 0
vt 1 0
vt 1 1
vt 0 1
vt 0 0
vt 1 0
vt 1 1
vt 0 1
vt 0 0
vt 1 0
vt 1 1
vt 0 1
vt 0 0
vt 1 0
vt 1 1
vt 0 1
vt 0 0
vt 1 0
vt 1 1
vt 0 1
vt 0 0
vt 1 0
vt 1 1
vt 0 1
vt 0 0
vt 1 0
vt 1 1
vt 0 1
vt 0 0
vt 1 0
vt 1 1
vt 0 1
vt 0 0
vt 1 0
vt 1 1
vt 0 1
vt 0 0
vt 1 0
vt 1 1
vt 0 1
vt 0 0
vt 1 0
vt 1 1
vt 0 1
vt 0 0
vt 1 0
vt 1 1
vt 0 1
vt 0 0
vt 1 0
vt 1 1
vt 0 1
vt 0 0
vt 1 0
vt 1 1
vt 0 1
vt 0 0
vt 1 0
vt 1 1
vt 0 1
vt 0 0
vt 1 0
vt 1 1
vt 0 1
vt 0 0
vt 1 0
vt 1 1
vt 0 1
vt 0 0
vt 1 0
vt 1 1
vt 0 1
vt 0 0
vt 1 0
vt 1 1
vt 0 1
vt 0 0
vt 1 0
vt 1 1
vt 0 1
vt 0 0
vt 1 0
vt 1 1
vt 0 1
vt 0 0
vt 1 0
vt 1 1
vt 0 1
vt 0 0
vt 1 0
vt 1 1
vt 0 1
vt 0 0
vt 1 0
vt 1 1
vt 0 1
vt 0 0
vt 1 0
vt 1 1
vt 0 1
vt 0 0
vt 1 0
vt 1 1
vt 0 1
vt 0 0
vt 1 0
vt 1 1
vt 0 1
vt 0 0
vt 1 0
vt 1 1
vt 0 1
vt 0 0
vt 1 0
vt 1 1
vt 0 1
vt 0 0
vt 1 0
vt 1 1
vt 0 1
vt 0 0
vt 1 0
vt 1 1
vt 0 1
vt 0 0
vt 1 0
vt 1 1
vt 0 1
vt 0 0
vt 1 0
vt 1 1
vt 0 1
vt 0 0
vt 1 0
vt 1 1
vt 0 1
vt 0 0
vt 1 0
vt 1 1
vt 0 1
vt 0 0
vt 1 0
vt 1 1
vt 0 1
vt 0 0
vt 1 0
vt 1 1
vt 0 1
vt 0 0
vt 1 0
vt 1 1
vt 0 1
vt 0 0
vt 3 0
vt 3 3
vt 0 3
vt 0 0
vt 3 0
vt 3 3
vt 0 3
vt 0 0
vt 3 0
vt 3 1
vt 0 1
vt 0 0
vt 3 0
vt 3 1
vt 0 1
vt 0 0
vt 3 0
vt 3 1
vt 0 1
vt 0 0
vt 3 0
vt 3 1
vt 0 1
vt 0 0
vt 1 0
vt 1 1
vt 0 1
vt 0 0
vt 1 0
vt 1 1
vt 0 1
vt 0 0
vt 1 0
vt 1 1
vt 0 1
vt 0 0
vt 1 0
vt 1 1
vt 0 1
vt 0 0
vt 1 0
vt 1 1
vt 0 1
vt 0 0
vt 1 0
vt 1 1
vt 0 1
vt 0 0
vt 1 0
vt 1 1
vt 0 1
vt 0 0
vt 1 0
vt 1 1
vt 0 1
vt 0 0
vt 1 0
vt 1 1
vt 0 1
vt 0 0
vt 1 0
vt 1 1
vt 0 1
vt 0 0
vt 1 0
vt 1 1
vt 0 1
vt 0 0
vt 1 0
vt 1 1
vt 0 1
vt 0 0
vt 1 0
vt 1 1
vt 0 1
vt 0 0
vt 1 0
vt 1 1
vt 0 1
vt 0 0
vt 1 0
vt 1 1
vt 0 1
vt 0 0
vt 1 0
vt 1 1
vt 0 1
vt 0 0
vt 1 0
vt 1 1
vt 0 1
vt 0 0
vt 1 0
vt 1 1
vt 0 1
vt 0 0
vt 1 0
vt 1 1
vt 0 1
vt 0 0
vt 1 0
vt 1 1
vt 0 1
vt 0 0
vt 1 0
vt 1 1
vt 0 1
vt 0 0
vt 1 0
vt 1 1
vt 0 1
vt 0 0
vt 1 0
vt 1 1
vt 0 1
vt 0 0
vt 1 0
vt 1 1
vt 0 1
vt 0 0
vt 1 0
vt 1 1
vt 0 1
vt 0 0
vt 1 0
vt 1 1
vt 0 1
vt 0 0
vt 1 0
vt 1 1
vt 0 1
vt 0 0
vt 1 0
vt 1 1
vt 0 1
vt 0 0
vt 1 0
vt 1 1
vt 0 1
vt 0 0
vt 1 0
vt 1 1
vt 0 1
vt 0 0
vt 1 0
vt 1 1
vt 0 1
vt 0 0
vt 1 0
vt 1 1
vt 0 1
vt 0 0
vt 1 0
vt 1 1
vt 0 1
vt 0 0
vt 1 0
vt 1 1
vt 0 1
vt 0 0
vt 1 0
vt 1 1
vt 0 1
vt 0 0
vt 1 0
vt 1 1
vt 0 1
vt 0 0
vt 2 0
vt 2 1
vt 0 1
vt 0 0
vt 2 0
vt 2 1
vt 0 1
vt 0 0
vt 2 0
vt 2 1
vt 0 1
vt 0 0
vt 1 0
vt 1 1
vt 0 1
vt 0 0
vt 2 0
vt 2 1
vt 0 1
vt 0 0
vt 1 0
vt 1 1
vt 0 1
vt 0 0
vt 2 0
vt 2 1
vt 0 1
vt 0 0
vt 2 0
vt 2 1
vt 0 1
vt 0 0
vt 2 0
vt 2 1
vt 0 1
vt 0 0
vt 1 0
vt 1 1
vt 0 1
vt 0 0
vt 2 0
vt 2 1
vt 0 1
vt 0 0
vt 1 0
vt 1 1
vt 0 1
vt 0 0
vt 1 0
vt 1 1
vt 0 1
vt 0 0
vt 1 0
vt 1 1
vt 0 1
vt 0 0
vt 1 0
vt 1 2
vt 0 2
vt 0 0
vt 1 0
vt 1 2
vt 0 2
vt 0 0
vt 1 0
vt 1 2
vt 0 2
vt 0 0
vt 1 0
vt 1 2
vt 0 2
vt 0 0
vt 1 0
vt 1 1
vt 0 1
vt 0 0
vt 1 0
vt 1 1
vt 0 1
vt 0 0
vt 1 0
vt 1 2
vt 0 2
vt 0 0
vt 1 0
vt 1 2
vt 0 2
vt 0 0
vt 1 0
vt 1 2
vt 0 2
vt 0 0
vt 1 0
vt 1 2
vt 0 2
vt 0 0
vt 1 0
vt 1 1
vt 0 1
vt 0 0
vt 1 0
vt 1 1
vt 0 1
vt 0 0
vt 1 0
vt 1 1
vt 0 1
vt 0 0
vt 1 0
vt 1 1
vt 0 1
vt 0 0
vt 1 0
vt 1 1
vt 0 1
vt 0 0
vt 1 0
vt 1 1
vt 0 1
vt 0 0
vt 6 0
vt 6 1
vt 0 1
vt 0 0
vt 6 0
vt 6 1
vt 0 1
vt 0 0
vt 6 0
vt 6 1
vt 0 1
vt 0 0
vt 1 0
vt 1 1
vt 0 1
vt 0 0
vt 6 0
vt 6 1
vt 0 1
vt 0 0
vt 1 0
vt 1 1
vt 0 1
vt 0 0
vt 2 0
vt 2 3
vt 0 3
vt 0 0
vt 2 0
vt 2 3
vt 0 3
vt 0 0
vt 2 0
vt 2 1
vt 0 1
vt 0 0
vt 3 0
vt 3 1
vt 0 1
vt 0 0
vt 2 0
vt 2 1
vt 0 1
vt 0 0
vt 3 0
vt 3 1
vt 0 1
vt 0 0
vt 1 0
vt 1 3
vt 0 3
vt 0 0
vt 1 0
vt 1 3
vt 0 3
vt 0 0
vt 1 0
vt 1 1
vt 0 1
vt 0 0
vt 3 0
vt 3 1
vt 0 1
vt 0 0
vt 1 0
vt 1 1
vt 0 1
vt 0 0
vt 3 0
vt 3 1
vt 0 1
vt 0 0
vt 1 0
vt 1 3
vt 0 3
vt 0 0
vt 1 0
vt 1 3
vt 0 3
vt 0 0
vt 1 0
vt 1 1
vt 0 1
vt 0 0
vt 3 0
vt 3 1
vt 0 1
vt 0 0
vt 1 0
vt 1 1
vt 0 1
vt 0 0
vt 3 0
vt 3 1
vt 0 1
vt 0 0
vt 2 0
vt 2 1
vt 0 1
vt 0 0
vt 2 0
vt 2 1
vt 0 1
vt 0 0
vt 2 0
vt 2 1
vt 0 1
vt 0 0
vt 1 0
vt 1 1
vt 0 1
vt 0 0
vt 2 0
vt 2 1
vt 0 1
vt 0 0
vt 1 0
vt 1 1
vt 0 1
vt 0 0
vt 1 0
vt 1 1
vt 0 1
vt 0 0
vt 1 0
vt 1 1
vt 0 1
vt 0 0
vt 1 0
vt 1 1
vt 0 1
vt 0 0
vt 1 0
vt 1 1
vt 0 1
vt 0 0
vt 1 0
vt 1 1
vt 0 1
vt 0 0
vt 1 0
vt 1 1
vt 0 1
vt 0 0
vt 1 0
vt 1 1
vt 0 1
vt 0 0
vt 1 0
vt 1 1
vt 0 1
vt 0 0
vt 1 0
vt 1 1
vt 0 1
vt 0 0
vt 1 0
vt 1 1
vt 0 1
vt 0 0
vt 1 0
vt 1 1
vt 0 1
vt 0 0
vt 1 0
vt 1 1
vt 0 1
vt 0 0
vt 1 0
vt 1 1
vt 0 1
vt 0 0
vt 1 0
vt 1 1
vt 0 1
vt 0 0
vt 1 0
vt 1 1
vt 0 1
vt 0 0
vt 1 0
vt 1 1
vt 0 1
vt 0 0
vt 1 0
vt 1 1
vt 0 1
vt 0 0
vt 1 0
vt 1 1
vt 0 1
vt 0 0
vt 1 0
vt 1 1
vt 0 1
vt 0 0
vt 1 0
vt 1 1
vt 0 1
vt 0 0
vt 1 0
vt 1 1
vt 0 1
vt 0 0
vt 1 0
vt 1 1
vt 0 1
vt 0 0
vt 1 0
vt 1 1
vt 0 1
vt 0 0
vt 1 0
vt 1 1
vt 0 1
vt 0 0
vt 1 0
vt 1 1
vt 0 1
vt 0 0
vt 1 0
vt 1 1
vt 0 1
vt 0 0
vt 1 0
vt 1 1
vt 0 1
vt 0 0
vt 1 0
vt 1 1
vt 0 1
vt 0 0
vt 1 0
vt 1 1
vt 0 1
vt 0 0
vt 1 0
vt 1 1
vt 0 1
vt 0 0
vt 1 0
vt 1 1
vt 0 1
vt 0 0
vt 1 0
vt 1 1
vt 0 1
vt 0 0
vt 1 0
vt 1 1
vt 0 1
vt 0 0
vt 1 0
vt 1 1
vt 0 1
vt 0 0
vt 1 0
vt 1 1
vt 0 1
vt 0 0
vt 1 0
vt 1 1
vt 0 1
vt 0 0
vt 1 0
vt 1 1
vt 0 1
vt 0 0
vt 1 0
vt 1 1
vt 0 1
vt 0 0
vt 1 0
vt 1 1
vt 0 1
vt 0 0
vt 1 0
vt 1 1
vt 0 1
vt 0 0
vt 1 0
vt 1 1
vt 0 1
vt 0 0
vt 1 0
vt 1 1
vt 0 1
vt 0 0
vt 1 0
vt 1 1
vt 0 1
vt 0 0
vt 1 0
vt 1 1
vt 0 1
vt 0 0
vt 1 0
vt 1 1
vt 0 1
vt 0 0
vt 1 0
vt 1 1
vt 0 1
vt 0 0
vt 1 0
vt 1 1
vt 0 1
vt 0 0
vt 1 0
vt 1 1
vt 0 1
vt 0 0
vt 1 0
vt 1 1
vt 0 1
vt 0 0
vt 1 0
vt 1 1
vt 0 1
vt 0 0
vt 1 0
vt 1 1
vt 0 1
vt 0 0
vt 1 0
vt 1 1
vt 0 1
vt 0 0
vt 1 0
vt 1 1
vt 0 1
vt 0 0
vt 1 0
vt 1 1
vt 0 1
vt 0 0
vt 1 0
vt 1 1
vt 0 1
vt 0 0
vt 1 0
vt 1 1
vt 0 1
vt 0 0
vt 1 0
vt 1 1
vt 0 1
vt 0 0
vt 1 0
vt 1 1
vt 0 1
vt 0 0
vt 1 0
vt 1 1
vt 0 1
vt 0 0
vt 1 0
vt 1 1
vt 0 1
vt 0 0
vt 1 0
vt 1 1
vt 0 1
vt 0 0
vt 1 0
vt 1 1
vt 0 1
vt 0 0
vt 1 0
vt 1 1
vt 0 1
vt 0 0
vt 1 0
vt 1 1
vt 0 1
vt 0 0
vt 1 0
vt 1 1
vt 0 1
vt 0 0
vt 1 0
vt 1 1
vt 0 1
vt 0 0
vt 1 0
vt 1 1
vt 0 1
vt 0 0
vt 1 0
vt 1 1
vt 0 1
vt 0 0
vt 1 0
vt 1 1
vt 0 1
vt 0 0
vt 1 0
vt 1 1
vt 0 1
vt 0 0
vt 1 0
vt 1 1
vt 0 1
vt 0 0
vt 1 0
vt 1 1
vt 0 1
vt 0 0
vt 1 0
vt 1 1
vt 0 1
vt 0 0
vt 1 0
vt 1 1
vt 0 1
vt 0 0
vt 1 0
vt 1 1
vt 0 1
vt 0 0
vt 1 0
vt 1 1
vt 0 1
vt 0 0
vt 1 0
vt 1 1
vt 0 1
vt 0 0
vt 1 0
vt 1 1
vt 0 1
vt 0 0
vt 1 0
vt 1 1
vt 0 1
vt 0 0
vt 1 0
vt 1 1
vt 0 1
vt 0 0
vt 1 0
vt 1 1
vt 0 1
vt 0 0
vt 1 0
vt 1 1
vt 0 1
vt 0 0
vt 1 0
vt 1 1
vt 0 1
vt 0 0
vt 1 0
vt 1 1
vt 0 1
vt 0 0
vt 1 0
vt 1 1
vt 0 1
vt 0 0
vt 1 0
vt 1 1
vt 0 1
vt 0 0
vt 1 0
vt 1 1
vt 0 1
vt 0 0
vt 1 0
vt 1 1
vt 0 1
vt 0 0
vt 1 0
vt 1 1
vt 0 1
vt 0 0
vt 1 0
vt 1 1
vt 0 1
vt 0 0
vt 1 0
vt 1 1
vt 0 1
vt 0 0
vt 1 0
vt 1 1
vt 0 1
vt 0 0
vt 1 0
vt 1 1
vt 0 1
vt 0 0
vt 1 0
vt 1 1
vt 0 1
vt 0 0
vt 1 0
vt 1 1
vt 0 1
vt 0 0
vt 1 0
vt 1 1
vt 0 1
vt 0 0
vt 1 0
vt 1 1
vt 0 1
vt 0 0
vt 1 0
vt 1 1
vt 0 1
vt 0 0
vt 1 0
vt 1 1
vt 0 1
vt 0 0
vt 1 0
vt 1 1
vt 0 1
vt 0 0
vt 1 0
vt 1 1
vt 0 1
vt 0 0
vt 1 0
vt 1 1
vt 0 1
vt 0 0
vt 1 0
vt 1 1
vt 0 1
vt 0 0
vt 1 0
vt 1 1
vt 0 1
vt 0 0
vt 1 0
vt 1 1
vt 0 1
vt 0 0
vt 1 0
vt 1 1
vt 0 1
vt 0 0
vt 1 0
vt 1 1
vt 0 1
vt 0 0
vt 1 0
vt 1 1
vt 0 1
vt 0 0
vt 1 0
vt 1 1
vt 0 1
vt 0 0
vt 1 0
vt 1 1
vt 0 1
vt 0 0
vt 1 0
vt 1 1
vt 0 1
vt 0 0
vt 1 0
vt 1 1
vt 0 1
vt 0 0
vt 1 0
vt 1 1
vt 0 1
vt 0 0
vt 1 0
vt 1 1
vt 0 1
vt 0 0
vt 1 0
vt 1 1
vt 0 1
vt 0 0
vt 1 0
vt 1 1
vt 0 1
vt 0 0
vt 1 0
vt 1 1
vt 0 1
vt 0 0
vt 1 0
vt 1 1
vt 0 1
vt 0 0
vt 1 0
vt 1 1
vt 0 1
vt 0 0
vt 1 0
vt 1 1
vt 0 1
vt 0 0
vt 1 0
vt 1 1
vt 0 1
vt 0 0
vt 1 0
vt 1 1
vt 0 1
vt 0 0
vt 1 0
vt 1 1
vt 0 1
vt 0 0
vt 1 0
vt 1 1
vt 0 1
vt 0 0
vt 1 0
vt 1 1
vt 0 1
vt 0 0
vt 1 0
vt 1 1
vt 0 1
vt 0 0
vt 1 0
vt 1 1
vt 0 1
vt 0 0
vt 1 0
vt 1 1
vt 0 1
vt 0 0
vt 1 0
vt 1 1
vt 0 1
vt 0 0
vt 1 0
vt 1 1
vt 0 1
vt 0 0
vt 1 0
vt 1 1
vt 0 1
vt 0 0
vt 1 0
vt 1 1
vt 0 1
vt 0 0
vt 1 0
vt 1 1
vt 0 1
vt 0 0
vt 1 0
vt 1 1
vt 0 1
vt 0 0
vt 1 0
vt 1 1
vt 0 1
vt 0 0
vt 1 0
vt 1 1
vt 0 1
vt 0 0
vt 1 0
vt 1 1
vt 0 1
vt 0 0
vt 1 0
vt 1 1
vt 0 1
vt 0 0
vt 1 0
vt 1 1
vt 0 1
vt 0 0
vt 1 0
vt 1 1
vt 0 1
vt 0 0
vt 1 0
vt 1 1
vt 0 1
vt 0 0
vt 1 0
vt 1 1
vt 0 1
vt 0 0
vt 1 0
vt 1 1
vt 0 1
vt 0 0
vt 1 0
vt 1 1
vt 0 1
vt 0 0
vt 1 0
vt 1 1
vt 0 1
vt 0 0
vt 1 0
vt 1 1
vt 0 1
vt 0 0
vt 1 0
vt 1 2
vt 0 2
vt 0 0
vt 1 0
vt 1 2
vt 0 2
vt 0 0
vt 1 0
vt 1 2
vt 0 2
vt 0 0
vt 1 0
vt 1 2
vt 0 2
vt 0 0
vt 1 0
vt 1 1
vt 0 1
vt 0 0
vt 1 0
vt 1 1
vt 0 1
vt 0 0
vt 1 0
vt 1 2
vt 0 2
vt 0 0
vt 1 0
vt 1 2
vt 0 2
vt 0 0
vt 1 0
vt 1 2
vt 0 2
vt 0 0
vt 1 0
vt 1 2
vt 0 2
vt 0 0
vt 1 0
vt 1 1
vt 0 1
vt 0 0
vt 1 0
vt 1 1
vt 0 1
vt 0 0
vt 1 0
vt 1 2
vt 0 2
vt 0 0
vt 1 0
vt 1 2
vt 0 2
vt 0 0
vt 1 0
vt 1 2
vt 0 2
vt 0 0
vt 1 0
vt 1 2
vt 0 2
vt 0 0
vt 1 0
vt 1 1
vt 0 1
vt 0 0
vt 1 0
vt 1 1
vt 0 1
vt 0 0
vt 1 0
vt 1 2
vt 0 2
vt 0 0
vt 1 0
vt 1 2
vt 0 2
vt 0 0
vt 1 0
vt 1 2
vt 0 2
vt 0 0
vt 1 0
vt 1 2
vt 0 2
vt 0 0
vt 2 0
vt 2 2
vt 0 2
vt 0 0
vt 2 0
vt 2 2
vt 0 2
vt 0 0
vt 2 0
vt 2 3
vt 0 3
vt 0 0
vt 2 0
vt 2 3
vt 0 3
vt 0 0
vt 2 0
vt 2 3
vt 0 3
vt 0 0
vt 2 0
vt 2 3
vt 0 3
vt 0 0
vt 16 0
vt 16 1
vt 0 1
vt 0 0
vt 16 0
vt 16 1
vt 0 1
vt 0 0
vt 16 0
vt 16 2
vt 0 2
vt 0 0
vt 1 0
vt 1 2
vt 0 2
vt 0 0
vt 16 0
vt 16 2
vt 0 2
vt 0 0
vt 1 0
vt 1 2
vt 0 2
vt 0 0
vt 16 0
vt 16 1
vt 0 1
vt 0 0
vt 16 0
vt 16 1
vt 0 1
vt 0 0
vt 16 0
vt 16 2
vt 0 2
vt 0 0
vt 1 0
vt 1 2
vt 0 2
vt 0 0
vt 16 0
vt 16 2
vt 0 2
vt 0 0
vt 1 0
vt 1 2
vt 0 2
vt 0 0
vt 1 0
vt 1 1
vt 0 1
vt 0 0
vt 1 0
vt 1 1
vt 0 1
vt 0 0
vt 1 0
vt 1 2
vt 0 2
vt 0 0
vt 1 0
vt 1 2
vt 0 2
vt 0 0
vt 1 0
vt 1 2
vt 0 2
vt 0 0
vt 1 0
vt 1 2
vt 0 2
vt 0 0
vt 1 0
vt 1 1
vt 0 1
vt 0 0
vt 1 0
vt 1 1
vt 0 1
vt 0 0
vt 1 0
vt 1 2
vt 0 2
vt 0 0
vt 1 0
vt 1 2
vt 0 2
vt 0 0
vt 1 0
vt 1 2
vt 0 2
vt 0 0
vt 1 0
vt 1 2
vt 0 2
vt 0 0
vt 1 0
vt 1 6
vt 0 6
vt 0 0
vt 1 0
vt 1 6
vt 0 6
vt 0 0
vt 1 0
vt 1 1
vt 0 1
vt 0 0
vt 6 0
vt 6 1
vt 0 1
vt 0 0
vt 1 0
vt 1 1
vt 0 1
vt 0 0
vt 6 0
vt 6 1
vt 0 1
vt 0 0
vt 1 0
vt 1 1
vt 0 1
vt 0 0
vt 1 0
vt 1 1
vt 0 1
vt 0 0
vt 1 0
vt 1 2
vt 0 2
vt 0 0
vt 1 0
vt 1 2
vt 0 2
vt 0 0
vt 1 0
vt 1 2
vt 0 2
vt 0 0
vt 1 0
vt 1 2
vt 0 2
vt 0 0
vt 1 0
vt 1 1
vt 0 1
vt 0 0
vt 1 0
vt 1 1
vt 0 1
vt 0 0
vt 1 0
vt 1 2
vt 0 2
vt 0 0
vt 1 0
vt 1 2
vt 0 2
vt 0 0
vt 1 0
vt 1 2
vt 0 2
vt 0 0
vt 1 0
vt 1 2
vt 0 2
vt 0 0
vt 1 0
vt 1 6
vt 0 6
vt 0 0
vt 1 0
vt 1 6
vt 0 6
vt 0 0
vt 1 0
vt 1 1
vt 0 1
vt 0 0
vt 6 0
vt 6 1
vt 0 1
vt 0 0
vt 1 0
vt 1 1
vt 0 1
vt 0 0
vt 6 0
vt 6 1
vt 0 1
vt 0 0
vt 1 0
vt 1 1
vt 0 1
vt 0 0
vt 1 0
vt 1 1
vt 0 1
vt 0 0
vt 1 0
vt 1 1
vt 0 1
vt 0 0
vt 1 0
vt 1 1
vt 0 1
vt 0 0
vt 1 0
vt 1 1
vt 0 1
vt 0 0
vt 1 0
vt 1 1
vt 0 1
vt 0 0
vt 1 0
vt 1 1
vt 0 1
vt 0 0
vt 1 0
vt 1 1
vt 0 1
vt 0 0
vt 1 0
vt 1 1
vt 0 1
vt 0 0
vt 1 0
vt 1 1
vt 0 1
vt 0 0
vt 1 0
vt 1 1
vt 0 1
vt 0 0
vt 1 0
vt 1 1
vt 0 1
vt 0 0
vt 1 0
vt 1 1
vt 0 1
vt 0 0
vt 1 0
vt 1 1
vt 0 1
vt 0 0
vt 1 0
vt 1 1
vt 0 1
vt 0 0
vt 1 0
vt 1 1
vt 0 1
vt 0 0
vt 1 0
vt 1 1
vt 0 1
vt 0 0
vt 1 0
vt 1 1
vt 0 1
vt 0 0
vt 1 0
vt 1 1
vt 0 1
vt 0 0
vt 1 0
vt 1 1
vt 0 1
vt 0 0
vt 1 0
vt 1 1
vt 0 1
vt 0 0
vt 1 0
vt 1 1
vt 0 1
vt 0 0
vt 1 0
vt 1 1
vt 0 1
vt 0 0
vt 1 0
vt 1 1
vt 0 1
vt 0 0
vt 1 0
vt 1 1
vt 0 1
vt 0 0
vt 1 0
vt 1 1
vt 0 1
vt 0 0
vt 1 0
vt 1 1
vt 0 1
vt 0 0
vt 1 0
vt 1 1
vt 0 1
vt 0 0
vt 1 0
vt 1 1
vt 0 1
vt 0 0
vt 1 0
vt 1 1
vt 0 1
vt 0 0
vt 15 0
vt 15 4
vt 0 4
vt 0 0
vt 15 0
vt 15 4
vt 0 4
vt 0 0
vt 15 0
vt 15 8
vt 0 8
vt 0 0
vt 4 0
vt 4 8
vt 0 8
vt 0 0
vt 15 0
vt 15 8
vt 0 8
vt 0 0
vt 4 0
vt 4 8
vt 0 8
vt 0 0
vt 18 0
vt 18 4
vt 0 4
vt 0 0
vt 18 0
vt 18 4
vt 0 4
vt 0 0
vt 18 0
vt 18 9
vt 0 9
vt 0 0
vt 4 0
vt 4 9
vt 0 9
vt 0 0
vt 18 0
vt 18 9
vt 0 9
vt 0 0
vt 4 0
vt 4 9
vt 0 9
vt 0 0
vt 4 0
vt 4 55
vt 0 55
vt 0 0
vt 4 0
vt 4 55
vt 0 55
vt 0 0
vt 4 0
vt 4 8
vt 0 8
vt 0 0
vt 55 0
vt 55 8
vt 0 8
vt 0 0
vt 4 0
vt 4 8
vt 0 8
vt 0 0
vt 55 0
vt 55 8
vt 0 8
vt 0 0
vt 4 0
vt 4 55
vt 0 55
vt 0 0
vt 4 0
vt 4 55
vt 0 55
vt 0 0
vt 4 0
vt 4 8
vt 0 8
vt 0 0
vt 55 0
vt 55 8
vt 0 8
vt 0 0
vt 4 0
vt 4 8
vt 0 8
vt 0 0
vt 55 0
vt 55 8
vt 0 8
vt 0 0
vt 18 0
vt 18 4
vt 0 4
vt 0 0
vt 18 0
vt 18 4
vt 0 4
vt 0 0
vt 18 0
vt 18 6
vt 0 6
vt 0 0
vt 4 0
vt 4 6
vt 0 6
vt 0 0
vt 18 0
vt 18 6
vt 0 6
vt 0 0
vt 4 0
vt 4 6
vt 0 6
vt 0 0
vt 18 0
vt 18 4
vt 0 4
vt 0 0
vt 18 0
vt 18 4
vt 0 4
vt 0 0
vt 18 0
vt 18 6
vt 0 6
vt 0 0
vt 4 0
vt 4 6
vt 0 6
vt 0 0
vt 18 0
vt 18 6
vt 0 6
vt 0 0
vt 4 0
vt 4 6
vt 0 6
vt 0 0
vt 4 0
vt 4 4
vt 0 4
vt 0 0
vt 4 0
vt 4 4
vt 0 4
vt 0 0
vt 4 0
vt 4 11
vt 0 11
vt 0 0
vt 4 0
vt 4 11
vt 0 11
vt 0 0
vt 4 0
vt 4 11
vt 0 11
vt 0 0
vt 4 0
vt 4 11
vt 0 11
vt 0 0
vt 4 0
vt 4 4
vt 0 4
vt 0 0
vt 4 0
vt 4 4
vt 0 4
vt 0 0
vt 4 0
vt 4 11
vt 0 11
vt 0 0
vt 4 0
vt 4 11
vt 0 11
vt 0 0
vt 4 0
vt 4 11
vt 0 11
vt 0 0
vt 4 0
vt 4 11
vt 0 11
vt 0 0
vt 4 0
vt 4 3
vt 0 3
vt 0 0
vt 4 0
vt 4 3
vt 0 3
vt 0 0
vt 4 0
vt 4 1
vt 0 1
vt 0 0
vt 3 0
vt 3 1
vt 0 1
vt 0 0
vt 4 0
vt 4 1
vt 0 1
vt 0 0
vt 3 0
vt 3 1
vt 0 1
vt 0 0
vt 1 0
vt 1 1
vt 0 1
vt 0 0
vt 1 0
vt 1 1
vt 0 1
vt 0 0
vt 1 0
vt 1 2
vt 0 2
vt 0 0
vt 1 0
vt 1 2
vt 0 2
vt 0 0
vt 1 0
vt 1 2
vt 0 2
vt 0 0
vt 1 0
vt 1 2
vt 0 2
vt 0 0
vt 1 0
vt 1 1
vt 0 1
vt 0 0
vt 1 0
vt 1 1
vt 0 1
vt 0 0
vt 1 0
vt 1 1
vt 0 1
vt 0 0
vt 1 0
vt 1 1
vt 0 1
vt 0 0
vt 1 0
vt 1 1
vt 0 1
vt 0 0
vt 1 0
vt 1 1
vt 0 1
vt 0 0
vt 1 0
vt 1 1
vt 0 1
vt 0 0
vt 1 0
vt 1 1
vt 0 1
vt 0 0
vt 1 0
vt 1 2
vt 0 2
vt 0 0
vt 1 0
vt 1 2
vt 0 2
vt 0 0
vt 1 0
vt 1 2
vt 0 2
vt 0 0
vt 1 0
vt 1 2
vt 0 2
vt 0 0
vt 1 0
vt 1 1
vt 0 1
vt 0 0
vt 1 0
vt 1 1
vt 0 1
vt 0 0
vt 1 0
vt 1 2
vt 0 2
vt 0 0
vt 1 0
vt 1 2
vt 0 2
vt 0 0
vt 1 0
vt 1 2
vt 0 2
vt 0 0
vt 1 0
vt 1 2
vt 0 2
vt 0 0
vt 1 0
vt 1 1
vt 0 1
vt 0 0
vt 1 0
vt 1 1
vt 0 1
vt 0 0
vt 1 0
vt 1 1
vt 0 1
vt 0 0
vt 1 0
vt 1 1
vt 0 1
vt 0 0
vt 1 0
vt 1 1
vt 0 1
vt 0 0
vt 1 0
vt 1 1
vt 0 1
vt 0 0
vt 1 0
vt 1 1
vt 0 1
vt 0 0
vt 1 0
vt 1 1
vt 0 1
vt 0 0
vt 1 0
vt 1 1
vt 0 1
vt 0 0
vt 1 0
vt 1 1
vt 0 1
vt 0 0
vt 1 0
vt 1 1
vt 0 1
vt 0 0
vt 1 0
vt 1 1
vt 0 1
vt 0 0
vt 1 0
vt 1 1
vt 0 1
vt 0 0
vt 1 0
vt 1 1
vt 0 1
vt 0 0
vt 1 0
vt 1 1
vt 0 1
vt 0 0
vt 1 0
vt 1 1
vt 0 1
vt 0 0
vt 1 0
vt 1 1
vt 0 1
vt 0 0
vt 1 0
vt 1 1
vt 0 1
vt 0 0
vt 1 0
vt 1 1
vt 0 1
vt 0 0
vt 1 0
vt 1 1
vt 0 1
vt 0 0
vt 1 0
vt 1 1
vt 0 1
vt 0 0
vt 1 0
vt 1 1
vt 0 1
vt 0 0
vt 1 0
vt 1 1
vt 0 1
vt 0 0
vt 1 0
vt 1 1
vt 0 1
vt 0 0
vt 1 0
vt 1 1
vt 0 1
vt 0 0
vt 1 0
vt 1 1
vt 0 1
vt 0 0
vt 1 0
vt 1 1
vt 0 1
vt 0 0
vt 1 0
vt 1 1
vt 0 1
vt 0 0
vt 1 0
vt 1 1
vt 0 1
vt 0 0
vt 1 0
vt 1 1
vt 0 1
vt 0 0
vt 1 0
vt 1 1
vt 0 1
vt 0 0
vt 1 0
vt 1 1
vt 0 1
vt 0 0
vt 1 0
vt 1 2
vt 0 2
vt 0 0
vt 1 0
vt 1 2
vt 0 2
vt 0 0
vt 1 0
vt 1 2
vt 0 2
vt 0 0
vt 1 0
vt 1 2
vt 0 2
vt 0 0
vt 1 0
vt 1 1
vt 0 1
vt 0 0
vt 1 0
vt 1 1
vt 0 1
vt 0 0
vt 1 0
vt 1 1
vt 0 1
vt 0 0
vt 1 0
vt 1 1
vt 0 1
vt 0 0
vt 1 0
vt 1 1
vt 0 1
vt 0 0
vt 1 0
vt 1 1
vt 0 1
vt 0 0
vt 1 0
vt 1 1
vt 0 1
vt 0 0
vt 1 0
vt 1 1
vt 0 1
vt 0 0
vt 1 0
vt 1 2
vt 0 2
vt 0 0
vt 1 0
vt 1 2
vt 0 2
vt 0 0
vt 1 0
vt 1 2
vt 0 2
vt 0 0
vt 1 0
vt 1 2
vt 0 2
vt 0 0
vt 1 0
vt 1 1
vt 0 1
vt 0 0
vt 1 0
vt 1 1
vt 0 1
vt 0 0
vt 1 0
vt 1 1
vt 0 1
vt 0 0
vt 1 0
vt 1 1
vt 0 1
vt 0 0
vt 1 0
vt 1 1
vt 0 1
vt 0 0
vt 1 0
vt 1 1
vt 0 1
vt 0 0
vt 1 0
vt 1 1
vt 0 1
vt 0 0
vt 1 0
vt 1 1
vt 0 1
vt 0 0
vt 1 0
vt 1 1
vt 0 1
vt 0 0
vt 1 0
vt 1 1
vt 0 1
vt 0 0
vt 1 0
vt 1 1
vt 0 1
vt 0 0
vt 1 0
vt 1 1
vt 0 1
vt 0 0
vt 2 0
vt 2 2
vt 0 2
vt 0 0
vt 2 0
vt 2 2
vt 0 2
vt 0 0
vt 2 0
vt 2 1
vt 0 1
vt 0 0
vt 2 0
vt 2 1
vt 0 1
vt 0 0
vt 2 0
vt 2 1
vt 0 1
vt 0 0
vt 2 0
vt 2 1
vt 0 1
vt 0 0
vt 2 0
vt 2 2
vt 0 2
vt 0 0
vt 2 0
vt 2 2
vt 0 2
vt 0 0
vt 2 0
vt 2 1
vt 0 1
vt 0 0
vt 2 0
vt 2 1
vt 0 1
vt 0 0
vt 2 0
vt 2 1
vt 0 1
vt 0 0
vt 2 0
vt 2 1
vt 0 1
vt 0 0
vt 2 0
vt 2 2
vt 0 2
vt 0 0
vt 2 0
vt 2 2
vt 0 2
vt 0 0
vt 2 0
vt 2 1
vt 0 1
vt 0 0
vt 2 0
vt 2 1
vt 0 1
vt 0 0
vt 2 0
vt 2 1
vt 0 1
vt 0 0
vt 2 0
vt 2 1
vt 0 1
vt 0 0
vt 1 0
vt 1 1
vt 0 1
vt 0 0
vt 1 0
vt 1 1
vt 0 1
vt 0 0
vt 1 0
vt 1 1
vt 0 1
vt 0 0
vt 1 0
vt 1 1
vt 0 1
vt 0 0
vt 1 0
vt 1 1
vt 0 1
vt 0 0
vt 1 0
vt 1 1
vt 0 1
vt 0 0
vt 1 0
vt 1 1
vt 0 1
vt 0 0
vt 1 0
vt 1 1
vt 0 1
vt 0 0
vt 1 0
vt 1 1
vt 0 1
vt 0 0
vt 1 0
vt 1 1
vt 0 1
vt 0 0
vt 1 0
vt 1 1
vt 0 1
vt 0 0
vt 1 0
vt 1 1
vt 0 1
vt 0 0
vt 3 0
vt 3 3
vt 0 3
vt 0 0
vt 3 0
vt 3 3
vt 0 3
vt 0 0
vt 3 0
vt 3 1
vt 0 1
vt 0 0
vt 3 0
vt 3 1
vt 0 1
vt 0 0
vt 3 0
vt 3 1
vt 0 1
vt 0 0
vt 3 0
vt 3 1
vt 0 1
vt 0 0
vt 2 0
vt 2 2
vt 0 2
vt 0 0
vt 2 0
vt 2 2
vt 0 2
vt 0 0
vt 2 0
vt 2 1
vt 0 1
vt 0 0
vt 2 0
vt 2 1
vt 0 1
vt 0 0
vt 2 0
vt 2 1
vt 0 1
vt 0 0
vt 2 0
vt 2 1
vt 0 1
vt 0 0
vt 2 0
vt 2 2
vt 0 2
vt 0 0
vt 2 0
vt 2 2
vt 0 2
vt 0 0
vt 2 0
vt 2 1
vt 0 1
vt 0 0
vt 2 0
vt 2 1
vt 0 1
vt 0 0
vt 2 0
vt 2 1
vt 0 1
vt 0 0
vt 2 0
vt 2 1
vt 0 1
vt 0 0
vt 2 0
vt 2 2
vt 0 2
vt 0 0
vt 2 0
vt 2 2
vt 0 2
vt 0 0
vt 2 0
vt 2 1
vt 0 1
vt 0 0
vt 2 0
vt 2 1
vt 0 1
vt 0 0
vt 2 0
vt 2 1
vt 0 1
vt 0 0
vt 2 0
vt 2 1
vt 0 1
vt 0 0
vt 2 0
vt 2 2
vt 0 2
vt 0 0
vt 2 0
vt 2 2
vt 0 2
vt 0 0
vt 2 0
vt 2 1
vt 0 1
vt 0 0
vt 2 0
vt 2 1
vt 0 1
vt 0 0
vt 2 0
vt 2 1
vt 0 1
vt 0 0
vt 2 0
vt 2 1
vt 0 1
vt 0 0
vt 1 0
vt 1 1
vt 0 1
vt 0 0
vt 1 0
vt 1 1
vt 0 1
vt 0 0
vt 1 0
vt 1 1
vt 0 1
vt 0 0
vt 1 0
vt 1 1
vt 0 1
vt 0 0
vt 1 0
vt 1 1
vt 0 1
vt 0 0
vt 1 0
vt 1 1
vt 0 1
vt 0 0
vt 1 0
vt 1 1
vt 0 1
vt 0 0
vt 1 0
vt 1 1
vt 0 1
vt 0 0
vt 1 0
vt 1 1
vt 0 1
vt 0 0
vt 1 0
vt 1 1
vt 0 1
vt 0 0
vt 1 0
vt 1 1
vt 0 1
vt 0 0
vt 1 0
vt 1 1
vt 0 1
vt 0 0
vt 2 0
vt 2 2
vt 0 2
vt 0 0
vt 2 0
vt 2 2
vt 0 2
vt 0 0
vt 2 0
vt 2 1
vt 0 1
vt 0 0
vt 2 0
vt 2 1
vt 0 1
vt 0 0
vt 2 0
vt 2 1
vt 0 1
vt 0 0
vt 2 0
vt 2 1
vt 0 1
vt 0 0
vt 2 0
vt 2 2
vt 0 2
vt 0 0
vt 2 0
vt 2 2
vt 0 2
vt 0 0
vt 2 0
vt 2 1
vt 0 1
vt 0 0
vt 2 0
vt 2 1
vt 0 1
vt 0 0
vt 2 0
vt 2 1
vt 0 1
vt 0 0
vt 2 0
vt 2 1
vt 0 1
vt 0 0
vt 1 0
vt 1 1
vt 0 1
vt 0 0
vt 1 0
vt 1 1
vt 0 1
vt 0 0
vt 1 0
vt 1 1
vt 0 1
vt 0 0
vt 1 0
vt 1 1
vt 0 1
vt 0 0
vt 1 0
vt 1 1
vt 0 1
vt 0 0
vt 1 0
vt 1 1
vt 0 1
vt 0 0
vt 2 0
vt 2 2
vt 0 2
vt 0 0
vt 2 0
vt 2 2
vt 0 2
vt 0 0
vt 2 0
vt 2 1
vt 0 1
vt 0 0
vt 2 0
vt 2 1
vt 0 1
vt 0 0
vt 2 0
vt 2 1
vt 0 1
vt 0 0
vt 2 0
vt 2 1
vt 0 1
vt 0 0
vt 1 0
vt 1 1
vt 0 1
vt 0 0
vt 1 0
vt 1 1
vt 0 1
vt 0 0
vt 1 0
vt 1 1
vt 0 1
vt 0 0
vt 1 0
vt 1 1
vt 0 1
vt 0 0
vt 1 0
vt 1 1
vt 0 1
vt 0 0
vt 1 0
vt 1 1
vt 0 1
vt 0 0
vt 2 0
vt 2 2
vt 0 2
vt 0 0
vt 2 0
vt 2 2
vt 0 2
vt 0 0
vt 2 0
vt 2 1
vt 0 1
vt 0 0
vt 2 0
vt 2 1
vt 0 1
vt 0 0
vt 2 0
vt 2 1
vt 0 1
vt 0 0
vt 2 0
vt 2 1
vt 0 1
vt 0 0
vt 2 0
vt 2 2
vt 0 2
vt 0 0
vt 2 0
vt 2 2
vt 0 2
vt 0 0
vt 2 0
vt 2 1
vt 0 1
vt 0 0
vt 2 0
vt 2 1
vt 0 1
vt 0 0
vt 2 0
vt 2 1
vt 0 1
vt 0 0
vt 2 0
vt 2 1
vt 0 1
vt 0 0
vt 2 0
vt 2 2
vt 0 2
vt 0 0
vt 2 0
vt 2 2
vt 0 2
vt 0 0
vt 2 0
vt 2 1
vt 0 1
vt 0 0
vt 2 0
vt 2 1
vt 0 1
vt 0 0
vt 2 0
vt 2 1
vt 0 1
vt 0 0
vt 2 0
vt 2 1
vt 0 1
vt 0 0
vt 1 0
vt 1 1
vt 0 1
vt 0 0
vt 1 0
vt 1 1
vt 0 1
vt 0 0
vt 1 0
vt 1 1
vt 0 1
vt 0 0
vt 1 0
vt 1 1
vt 0 1
vt 0 0
vt 1 0
vt 1 1
vt 0 1
vt 0 0
vt 1 0
vt 1 1
vt 0 1
vt 0 0
vt 1 0
vt 1 1
vt 0 1
vt 0 0
vt 1 0
vt 1 1
vt 0 1
vt 0 0
vt 1 0
vt 1 1
vt 0 1
vt 0 0
vt 1 0
vt 1 1
vt 0 1
vt 0 0
vt 1 0
vt 1 1
vt 0 1
vt 0 0
vt 1 0
vt 1 1
vt 0 1
vt 0 0
vt 2 0
vt 2 2
vt 0 2
vt 0 0
vt 2 0
vt 2 2
vt 0 2
vt 0 0
vt 2 0
vt 2 1
vt 0 1
vt 0 0
vt 2 0
vt 2 1
vt 0 1
vt 0 0
vt 2 0
vt 2 1
vt 0 1
vt 0 0
vt 2 0
vt 2 1
vt 0 1
vt 0 0
vt 2 0
vt 2 2
vt 0 2
vt 0 0
vt 2 0
vt 2 2
vt 0 2
vt 0 0
vt 2 0
vt 2 1
vt 0 1
vt 0 0
vt 2 0
vt 2 1
vt 0 1
vt 0 0
vt 2 0
vt 2 1
vt 0 1
vt 0 0
vt 2 0
vt 2 1
vt 0 1
vt 0 0
vt 2 0
vt 2 2
vt 0 2
vt 0 0
vt 2 0
vt 2 2
vt 0 2
vt 0 0
vt 2 0
vt 2 1
vt 0 1
vt 0 0
vt 2 0
vt 2 1
vt 0 1
vt 0 0
vt 2 0
vt 2 1
vt 0 1
vt 0 0
vt 2 0
vt 2 1
vt 0 1
vt 0 0
vt 1 0
vt 1 1
vt 0 1
vt 0 0
vt 1 0
vt 1 1
vt 0 1
vt 0 0
vt 1 0
vt 1 1
vt 0 1
vt 0 0
vt 1 0
vt 1 1
vt 0 1
vt 0 0
vt 1 0
vt 1 1
vt 0 1
vt 0 0
vt 1 0
vt 1 1
vt 0 1
vt 0 0
vt 1 0
vt 1 1
vt 0 1
vt 0 0
vt 1 0
vt 1 1
vt 0 1
vt 0 0
vt 1 0
vt 1 1
vt 0 1
vt 0 0
vt 1 0
vt 1 1
vt 0 1
vt 0 0
vt 1 0
vt 1 1
vt 0 1
vt 0 0
vt 1 0
vt 1 1
vt 0 1
vt 0 0
vt 1 0
vt 1 1
vt 0 1
vt 0 0
vt 1 0
vt 1 1
vt 0 1
vt 0 0
vt 1 0
vt 1 1
vt 0 1
vt 0 0
vt 1 0
vt 1 1
vt 0 1
vt 0 0
vt 1 0
vt 1 1
vt 0 1
vt 0 0
vt 1 0
vt 1 1
vt 0 1
vt 0 0
vt 1 0
vt 1 1
vt 0 1
vt 0 0
vt 1 0
vt 1 1
vt 0 1
vt 0 0
vt 1 0
vt 1 1
vt 0 1
vt 0 0
vt 1 0
vt 1 1
vt 0 1
vt 0 0
vt 1 0
vt 1 1
vt 0 1
vt 0 0
vt 1 0
vt 1 1
vt 0 1
vt 0 0
vt 1 0
vt 1 1
vt 0 1
vt 0 0
vt 1 0
vt 1 1
vt 0 1
vt 0 0
vt 1 0
vt 1 1
vt 0 1
vt 0 0
vt 1 0
vt 1 1
vt 0 1
vt 0 0
vt 1 0
vt 1 1
vt 0 1
vt 0 0
vt 1 0
vt 1 1
vt 0 1
vt 0 0
vt 1 0
vt 1 1
vt 0 1
vt 0 0
vt 1 0
vt 1 1
vt 0 1
vt 0 0
vt 1 0
vt 1 1
vt 0 1
vt 0 0
vt 1 0
vt 1 1
vt 0 1
vt 0 0
vt 1 0
vt 1 1
vt 0 1
vt 0 0
vt 1 0
vt 1 1
vt 0 1
vt 0 0
vt 1 0
vt 1 1
vt 0 1
vt 0 0
vt 1 0
vt 1 1
vt 0 1
vt 0 0
vt 1 0
vt 1 1
vt 0 1
vt 0 0
vt 1 0
vt 1 1
vt 0 1
vt 0 0
vt 1 0
vt 1 1
vt 0 1
vt 0 0
vt 1 0
vt 1 1
vt 0 1
vt 0 0
vt 1 0
vt 1 1
vt 0 1
vt 0 0
vt 1 0
vt 1 1
vt 0 1
vt 0 0
vt 1 0
vt 1 1
vt 0 1
vt 0 0
vt 1 0
vt 1 1
vt 0 1
vt 0 0
vt 1 0
vt 1 1
vt 0 1
vt 0 0
vt 1 0
vt 1 1
vt 0 1
vt 0 0
vt 1 0
vt 1 1
vt 0 1
vt 0 0
vt 1 0
vt 1 1
vt 0 1
vt 0 0
vt 1 0
vt 1 1
vt 0 1
vt 0 0
vt 1 0
vt 1 1
vt 0 1
vt 0 0
vt 1 0
vt 1 1
vt 0 1
vt 0 0
vt 1 0
vt 1 1
vt 0 1
vt 0 0
vt 1 0
vt 1 1
vt 0 1
vt 0 0
vt 1 0
vt 1 1
vt 0 1
vt 0 0
vt 1 0
vt 1 1
vt 0 1
vt 0 0
vt 1 0
vt 1 1
vt 0 1
vt 0 0
vt 1 0
vt 1 1
vt 0 1
vt 0 0
vt 1 0
vt 1 1
vt 0 1
vt 0 0
vt 2 0
vt 2 2
vt 0 2
vt 0 0
vt 2 0
vt 2 2
vt 0 2
vt 0 0
vt 2 0
vt 2 1
vt 0 1
vt 0 0
vt 2 0
vt 2 1
vt 0 1
vt 0 0
vt 2 0
vt 2 1
vt 0 1
vt 0 0
vt 2 0
vt 2 1
vt 0 1
vt 0 0
vt 1 0
vt 1 1
vt 0 1
vt 0 0
vt 1 0
vt 1 1
vt 0 1
vt 0 0
vt 1 0
vt 1 1
vt 0 1
vt 0 0
vt 1 0
vt 1 1
vt 0 1
vt 0 0
vt 1 0
vt 1 1
vt 0 1
vt 0 0
vt 1 0
vt 1 1
vt 0 1
vt 0 0
vt 1 0
vt 1 1
vt 0 1
vt 0 0
vt 1 0
vt 1 1
vt 0 1
vt 0 0
vt 1 0
vt 1 1
vt 0 1
vt 0 0
vt 1 0
vt 1 1
vt 0 1
vt 0 0
vt 1 0
vt 1 1
vt 0 1
vt 0 0
vt 1 0
vt 1 1
vt 0 1
vt 0 0
vt 1 0
vt 1 1
vt 0 1
vt 0 0
vt 1 0
vt 1 1
vt 0 1
vt 0 0
vt 1 0
vt 1 1
vt 0 1
vt 0 0
vt 1 0
vt 1 1
vt 0 1
vt 0 0
vt 1 0
vt 1 1
vt 0 1
vt 0 0
vt 1 0
vt 1 1
vt 0 1
vt 0 0
vt 1 0
vt 1 1
vt 0 1
vt 0 0
vt 1 0
vt 1 1
vt 0 1
vt 0 0
vt 1 0
vt 1 1
vt 0 1
vt 0 0
vt 1 0
vt 1 1
vt 0 1
vt 0 0
vt 1 0
vt 1 1
vt 0 1
vt 0 0
vt 1 0
vt 1 1
vt 0 1
vt 0 0
vt 1 0
vt 1 1
vt 0 1
vt 0 0
vt 1 0
vt 1 1
vt 0 1
vt 0 0
vt 1 0
vt 1 1
vt 0 1
vt 0 0
vt 1 0
vt 1 1
vt 0 1
vt 0 0
vt 1 0
vt 1 1
vt 0 1
vt 0 0
vt 1 0
vt 1 1
vt 0 1
vt 0 0
vt 1 0
vt 1 1
vt 0 1
vt 0 0
vt 1 0
vt 1 1
vt 0 1
vt 0 0
vt 1 0
vt 1 1
vt 0 1
vt 0 0
vt 1 0
vt 1 1
vt 0 1
vt 0 0
vt 1 0
vt 1 1
vt 0 1
vt 0 0
vt 1 0
vt 1 1
vt 0 1
vt 0 0
vt 1 0
vt 1 1
vt 0 1
vt 0 0
vt 1 0
vt 1 1
vt 0 1
vt 0 0
vt 1 0
vt 1 1
vt 0 1
vt 0 0
vt 1 0
vt 1 1
vt 0 1
vt 0 0
vt 1 0
vt 1 1
vt 0 1
vt 0 0
vt 1 0
vt 1 1
vt 0 1

o Grass
usemtl Grass
f 1/1 2/2 3/3 4/4 # Ground
f 5/5 6/6 7/7 8/8 # Ground
f 1/9 2/10 6/11 5/12 # Ground
f 2/13 3/14 7/15 6/16 # Ground
f 3/17 4/18 8/19 7/20 # Ground
f 4/21 1/22 5/23 8/24 # Ground
f 553/25 554/26 555/27 556/28 # CanyonMossS
f 557/29 558/30 559/31 560/32 # CanyonMossS
f 553/33 554/34 558/35 557/36 # CanyonMossS
f 554/37 555/38 559/39 558/40 # CanyonMossS
f 555/41 556/42 560/43 559/44 # CanyonMossS
f 556/45 553/46 557/47 560/48 # CanyonMossS
f 1481/49 1482/50 1483/51 1484/52 # FloatTop
f 1485/53 1486/54 1487/55 1488/56 # FloatTop
f 1481/57 1482/58 1486/59 1485/60 # FloatTop
f 1482/61 1483/62 1487/63 1486/64 # FloatTop
f 1483/65 1484/66 1488/67 1487/68 # FloatTop
f 1484/69 1481/70 1485/71 1488/72 # FloatTop

o Stone
usemtl Stone
f 9/73 10/74 11/75 12/76 # Path_NS
f 13/77 14/78 15/79 16/80 # Path_NS
f 9/81 10/82 14/83 13/84 # Path_NS
f 10/85 11/86 15/87 14/88 # Path_NS
f 11/89 12/90 16/91 15/92 # Path_NS
f 12/93 9/94 13/95 16/96 # Path_NS
f 17/97 18/98 19/99 20/100 # Path_E
f 21/101 22/102 23/103 24/104 # Path_E
f 17/105 18/106 22/107 21/108 # Path_E
f 18/109 19/110 23/111 22/112 # Path_E
f 19/113 20/114 24/115 23/116 # Path_E
f 20/117 17/118 21/119 24/120 # Path_E
f 25/121 26/122 27/123 28/124 # Path_W
f 29/125 30/126 31/127 32/128 # Path_W
f 25/129 26/130 30/131 29/132 # Path_W
f 26/133 27/134 31/135 30/136 # Path_W
f 27/137 28/138 32/139 31/140 # Path_W
f 28/141 25/142 29/143 32/144 # Path_W
f 33/145 34/146 35/147 36/148 # Path_N
f 37/149 38/150 39/151 40/152 # Path_N
f 33/153 34/154 38/155 37/156 # Path_N
f 34/157 35/158 39/159 38/160 # Path_N
f 35/161 36/162 40/163 39/164 # Path_N
f 36/165 33/166 37/167 40/168 # Path_N
f 49/169 50/170 51/171 52/172 # PlazaTop
f 53/173 54/174 55/175 56/176 # PlazaTop
f 49/177 50/178 54/179 53/180 # PlazaTop
f 50/181 51/182 55/183 54/184 # PlazaTop
f 51/185 52/186 56/187 55/188 # PlazaTop
f 52/189 49/190 53/191 56/192 # PlazaTop
f 193/193 194/194 195/195 196/196 # MainTop
f 197/197 198/198 199/199 200/200 # MainTop
f 193/201 194/202 198/203 197/204 # MainTop
f 194/205 195/206 199/207 198/208 # MainTop
f 195/209 196/210 200/211 199/212 # MainTop
f 196/213 193/214 197/215 200/216 # MainTop
f 209/217 210/218 211/219 212/220 # TowerTop_-15_-11
f 213/221 214/222 215/223 216/224 # TowerTop_-15_-11
f 209/225 210/226 214/227 213/228 # TowerTop_-15_-11
f 210/229 211/230 215/231 214/232 # TowerTop_-15_-11
f 211/233 212/234 216/235 215/236 # TowerTop_-15_-11
f 212/237 209/238 213/239 216/240 # TowerTop_-15_-11
f 233/241 234/242 235/243 236/244 # TowerTop_15_-11
f 237/245 238/246 239/247 240/248 # TowerTop_15_-11
f 233/249 234/250 238/251 237/252 # TowerTop_15_-11
f 234/253 235/254 239/255 238/256 # TowerTop_15_-11
f 235/257 236/258 240/259 239/260 # TowerTop_15_-11
f 236/261 233/262 237/263 240/264 # TowerTop_15_-11
f 257/265 258/266 259/267 260/268 # TowerTop_-15_11
f 261/269 262/270 263/271 264/272 # TowerTop_-15_11
f 257/273 258/274 262/275 261/276 # TowerTop_-15_11
f 258/277 259/278 263/279 262/280 # TowerTop_-15_11
f 259/281 260/282 264/283 263/284 # TowerTop_-15_11
f 260/285 257/286 261/287 264/288 # TowerTop_-15_11
f 281/289 282/290 283/291 284/292 # TowerTop_15_11
f 285/293 286/294 287/295 288/296 # TowerTop_15_11
f 281/297 282/298 286/299 285/300 # TowerTop_15_11
f 282/301 283/302 287/303 286/304 # TowerTop_15_11
f 283/305 284/306 288/307 287/308 # TowerTop_15_11
f 284/309 281/310 285/311 288/312 # TowerTop_15_11
f 337/313 338/314 339/315 340/316 # ParkStartTop
f 341/317 342/318 343/319 344/320 # ParkStartTop
f 337/321 338/322 342/323 341/324 # ParkStartTop
f 338/325 339/326 343/327 342/328 # ParkStartTop
f 339/329 340/330 344/331 343/332 # ParkStartTop
f 340/333 337/334 341/335 344/336 # ParkStartTop
f 353/337 354/338 355/339 356/340 # ParkStepTop0
f 357/341 358/342 359/343 360/344 # ParkStepTop0
f 353/345 354/346 358/347 357/348 # ParkStepTop0
f 354/349 355/350 359/351 358/352 # ParkStepTop0
f 355/353 356/354 360/355 359/356 # ParkStepTop0
f 356/357 353/358 357/359 360/360 # ParkStepTop0
f 377/361 378/362 379/363 380/364 # ParkStepTop1
f 381/365 382/366 383/367 384/368 # ParkStepTop1
f 377/369 378/370 382/371 381/372 # ParkStepTop1
f 378/373 379/374 383/375 382/376 # ParkStepTop1
f 379/377 380/378 384/379 383/380 # ParkStepTop1
f 380/381 377/382 381/383 384/384 # ParkStepTop1
f 401/385 402/386 403/387 404/388 # ParkStepTop2
f 405/389 406/390 407/391 408/392 # ParkStepTop2
f 401/393 402/394 406/395 405/396 # ParkStepTop2
f 402/397 403/398 407/399 406/400 # ParkStepTop2
f 403/401 404/402 408/403 407/404 # ParkStepTop2
f 404/405 401/406 405/407 408/408 # ParkStepTop2
f 425/409 426/410 427/411 428/412 # ParkStepTop3
f 429/413 430/414 431/415 432/416 # ParkStepTop3
f 425/417 426/418 430/419 429/420 # ParkStepTop3
f 426/421 427/422 431/423 430/424 # ParkStepTop3
f 427/425 428/426 432/427 431/428 # ParkStepTop3
f 428/429 425/430 429/431 432/432 # ParkStepTop3
f 449/433 450/434 451/435 452/436 # ParkStepTop4
f 453/437 454/438 455/439 456/440 # ParkStepTop4
f 449/441 450/442 454/443 453/444 # ParkStepTop4
f 450/445 451/446 455/447 454/448 # ParkStepTop4
f 451/449 452/450 456/451 455/452 # ParkStepTop4
f 452/453 449/454 453/455 456/456 # ParkStepTop4
f 505/457 506/458 507/459 508/460 # FinishTop
f 509/461 510/462 511/463 512/464 # FinishTop
f 505/465 506/466 510/467 509/468 # FinishTop
f 506/469 507/470 511/471 510/472 # FinishTop
f 507/473 508/474 512/475 511/476 # FinishTop
f 508/477 505/478 509/479 512/480 # FinishTop
f 609/481 610/482 611/483 612/484 # Ledge1
f 613/485 614/486 615/487 616/488 # Ledge1
f 609/489 610/490 614/491 613/492 # Ledge1
f 610/493 611/494 615/495 614/496 # Ledge1
f 611/497 612/498 616/499 615/500 # Ledge1
f 612/501 609/502 613/503 616/504 # Ledge1
f 617/505 618/506 619/507 620/508 # Ledge2
f 621/509 622/510 623/511 624/512 # Ledge2
f 617/513 618/514 622/515 621/516 # Ledge2
f 618/517 619/518 623/519 622/520 # Ledge2
f 619/521 620/522 624/523 623/524 # Ledge2
f 620/525 617/526 621/527 624/528 # Ledge2
f 625/529 626/530 627/531 628/532 # Ledge3
f 629/533 630/534 631/535 632/536 # Ledge3
f 625/537 626/538 630/539 629/540 # Ledge3
f 626/541 627/542 631/543 630/544 # Ledge3
f 627/545 628/546 632/547 631/548 # Ledge3
f 628/549 625/550 629/551 632/552 # Ledge3
f 641/553 642/554 643/555 644/556 # RuinTop0
f 645/557 646/558 647/559 648/560 # RuinTop0
f 641/561 642/562 646/563 645/564 # RuinTop0
f 642/565 643/566 647/567 646/568 # RuinTop0
f 643/569 644/570 648/571 647/572 # RuinTop0
f 644/573 641/574 645/575 648/576 # RuinTop0
f 657/577 658/578 659/579 660/580 # RuinTop1
f 661/581 662/582 663/583 664/584 # RuinTop1
f 657/585 658/586 662/587 661/588 # RuinTop1
f 658/589 659/590 663/591 662/592 # RuinTop1
f 659/593 660/594 664/595 663/596 # RuinTop1
f 660/597 657/598 661/599 664/600 # RuinTop1
f 673/601 674/602 675/603 676/604 # RuinTop2
f 677/605 678/606 679/607 680/608 # RuinTop2
f 673/609 674/610 678/611 677/612 # RuinTop2
f 674/613 675/614 679/615 678/616 # RuinTop2
f 675/617 676/618 680/619 679/620 # RuinTop2
f 676/621 673/622 677/623 680/624 # RuinTop2
f 689/625 690/626 691/627 692/628 # RuinTop3
f 693/629 694/630 695/631 696/632 # RuinTop3
f 689/633 690/634 694/635 693/636 # RuinTop3
f 690/637 691/638 695/639 694/640 # RuinTop3
f 691/641 692/642 696/643 695/644 # RuinTop3
f 692/645 689/646 693/647 696/648 # RuinTop3
f 697/649 698/650 699/651 700/652 # Column0
f 701/653 702/654 703/655 704/656 # Column0
f 697/657 698/658 702/659 701/660 # Column0
f 698/661 699/662 703/663 702/664 # Column0
f 699/665 700/666 704/667 703/668 # Column0
f 700/669 697/670 701/671 704/672 # Column0
f 705/673 706/674 707/675 708/676 # Column1
f 709/677 710/678 711/679 712/680 # Column1
f 705/681 706/682 710/683 709/684 # Column1
f 706/685 707/686 711/687 710/688 # Column1
f 707/689 708/690 712/691 711/692 # Column1
f 708/693 705/694 709/695 712/696 # Column1
f 713/697 714/698 715/699 716/700 # Column2
f 717/701 718/702 719/703 720/704 # Column2
f 713/705 714/706 718/707 717/708 # Column2
f 714/709 715/710 719/711 718/712 # Column2
f 715/713 716/714 720/715 719/716 # Column2
f 716/717 713/718 717/719 720/720 # Column2
f 721/721 722/722 723/723 724/724 # Column3
f 725/725 726/726 727/727 728/728 # Column3
f 721/729 722/730 726/731 725/732 # Column3
f 722/733 723/734 727/735 726/736 # Column3
f 723/737 724/738 728/739 727/740 # Column3
f 724/741 721/742 725/743 728/744 # Column3
f 729/745 730/746 731/747 732/748 # ColumnFallen
f 733/749 734/750 735/751 736/752 # ColumnFallen
f 729/753 730/754 734/755 733/756 # ColumnFallen
f 730/757 731/758 735/759 734/760 # ColumnFallen
f 731/761 732/762 736/763 735/764 # ColumnFallen
f 732/765 729/766 733/767 736/768 # ColumnFallen
f 737/769 738/770 739/771 740/772 # RuinLintel
f 741/773 742/774 743/775 744/776 # RuinLintel
f 737/777 738/778 742/779 741/780 # RuinLintel
f 738/781 739/782 743/783 742/784 # RuinLintel
f 739/785 740/786 744/787 743/788 # RuinLintel
f 740/789 737/790 741/791 744/792 # RuinLintel
f 753/793 754/794 755/795 756/796 # OverlookTop
f 757/797 758/798 759/799 760/800 # OverlookTop
f 753/801 754/802 758/803 757/804 # OverlookTop
f 754/805 755/806 759/807 758/808 # OverlookTop
f 755/809 756/810 760/811 759/812 # OverlookTop
f 756/813 753/814 757/815 760/816 # OverlookTop

o RockSide
usemtl RockSide
f 41/817 42/818 43/819 44/820 # PlazaBase
f 45/821 46/822 47/823 48/824 # PlazaBase
f 41/825 42/826 46/827 45/828 # PlazaBase
f 42/829 43/830 47/831 46/832 # PlazaBase
f 43/833 44/834 48/835 47/836 # PlazaBase
f 44/837 41/838 45/839 48/840 # PlazaBase
f 185/841 186/842 187/843 188/844 # MainBase
f 189/845 190/846 191/847 192/848 # MainBase
f 185/849 186/850 190/851 189/852 # MainBase
f 186/853 187/854 191/855 190/856 # MainBase
f 187/857 188/858 192/859 191/860 # MainBase
f 188/861 185/862 189/863 192/864 # MainBase
f 329/865 330/866 331/867 332/868 # ParkStart
f 333/869 334/870 335/871 336/872 # ParkStart
f 329/873 330/874 334/875 333/876 # ParkStart
f 330/877 331/878 335/879 334/880 # ParkStart
f 331/881 332/882 336/883 335/884 # ParkStart
f 332/885 329/886 333/887 336/888 # ParkStart
f 345/889 346/890 347/891 348/892 # ParkStep0
f 349/893 350/894 351/895 352/896 # ParkStep0
f 345/897 346/898 350/899 349/900 # ParkStep0
f 346/901 347/902 351/903 350/904 # ParkStep0
f 347/905 348/906 352/907 351/908 # ParkStep0
f 348/909 345/910 349/911 352/912 # ParkStep0
f 369/913 370/914 371/915 372/916 # ParkStep1
f 373/917 374/918 375/919 376/920 # ParkStep1
f 369/921 370/922 374/923 373/924 # ParkStep1
f 370/925 371/926 375/927 374/928 # ParkStep1
f 371/929 372/930 376/931 375/932 # ParkStep1
f 372/933 369/934 373/935 376/936 # ParkStep1
f 393/937 394/938 395/939 396/940 # ParkStep2
f 397/941 398/942 399/943 400/944 # ParkStep2
f 393/945 394/946 398/947 397/948 # ParkStep2
f 394/949 395/950 399/951 398/952 # ParkStep2
f 395/953 396/954 400/955 399/956 # ParkStep2
f 396/957 393/958 397/959 400/960 # ParkStep2
f 417/961 418/962 419/963 420/964 # ParkStep3
f 421/965 422/966 423/967 424/968 # ParkStep3
f 417/969 418/970 422/971 421/972 # ParkStep3
f 418/973 419/974 423/975 422/976 # ParkStep3
f 419/977 420/978 424/979 423/980 # ParkStep3
f 420/981 417/982 421/983 424/984 # ParkStep3
f 441/985 442/986 443/987 444/988 # ParkStep4
f 445/989 446/990 447/991 448/992 # ParkStep4
f 441/993 442/994 446/995 445/996 # ParkStep4
f 442/997 443/998 447/999 446/1000 # ParkStep4
f 443/1001 444/1002 448/1003 447/1004 # ParkStep4
f 444/1005 441/1006 445/1007 448/1008 # ParkStep4
f 633/1009 634/1010 635/1011 636/1012 # Ruin0
f 637/1013 638/1014 639/1015 640/1016 # Ruin0
f 633/1017 634/1018 638/1019 637/1020 # Ruin0
f 634/1021 635/1022 639/1023 638/1024 # Ruin0
f 635/1025 636/1026 640/1027 639/1028 # Ruin0
f 636/1029 633/1030 637/1031 640/1032 # Ruin0
f 649/1033 650/1034 651/1035 652/1036 # Ruin1
f 653/1037 654/1038 655/1039 656/1040 # Ruin1
f 649/1041 650/1042 654/1043 653/1044 # Ruin1
f 650/1045 651/1046 655/1047 654/1048 # Ruin1
f 651/1049 652/1050 656/1051 655/1052 # Ruin1
f 652/1053 649/1054 653/1055 656/1056 # Ruin1
f 665/1057 666/1058 667/1059 668/1060 # Ruin2
f 669/1061 670/1062 671/1063 672/1064 # Ruin2
f 665/1065 666/1066 670/1067 669/1068 # Ruin2
f 666/1069 667/1070 671/1071 670/1072 # Ruin2
f 667/1073 668/1074 672/1075 671/1076 # Ruin2
f 668/1077 665/1078 669/1079 672/1080 # Ruin2
f 681/1081 682/1082 683/1083 684/1084 # Ruin3
f 685/1085 686/1086 687/1087 688/1088 # Ruin3
f 681/1089 682/1090 686/1091 685/1092 # Ruin3
f 682/1093 683/1094 687/1095 686/1096 # Ruin3
f 683/1097 684/1098 688/1099 687/1100 # Ruin3
f 684/1101 681/1102 685/1103 688/1104 # Ruin3
f 745/1105 746/1106 747/1107 748/1108 # Overlook
f 749/1109 750/1110 751/1111 752/1112 # Overlook
f 745/1113 746/1114 750/1115 749/1116 # Overlook
f 746/1117 747/1118 751/1119 750/1120 # Overlook
f 747/1121 748/1122 752/1123 751/1124 # Overlook
f 748/1125 745/1126 749/1127 752/1128 # Overlook
f 1153/1129 1154/1130 1155/1131 1156/1132 # Rock2
f 1157/1133 1158/1134 1159/1135 1160/1136 # Rock2
f 1153/1137 1154/1138 1158/1139 1157/1140 # Rock2
f 1154/1141 1155/1142 1159/1143 1158/1144 # Rock2
f 1155/1145 1156/1146 1160/1147 1159/1148 # Rock2
f 1156/1149 1153/1150 1157/1151 1160/1152 # Rock2
f 1177/1153 1178/1154 1179/1155 1180/1156 # Rock5
f 1181/1157 1182/1158 1183/1159 1184/1160 # Rock5
f 1177/1161 1178/1162 1182/1163 1181/1164 # Rock5
f 1178/1165 1179/1166 1183/1167 1182/1168 # Rock5
f 1179/1169 1180/1170 1184/1171 1183/1172 # Rock5
f 1180/1173 1177/1174 1181/1175 1184/1176 # Rock5
f 1193/1177 1194/1178 1195/1179 1196/1180 # Rock7
f 1197/1181 1198/1182 1199/1183 1200/1184 # Rock7
f 1193/1185 1194/1186 1198/1187 1197/1188 # Rock7
f 1194/1189 1195/1190 1199/1191 1198/1192 # Rock7
f 1195/1193 1196/1194 1200/1195 1199/1196 # Rock7
f 1196/1197 1193/1198 1197/1199 1200/1200 # Rock7
f 1473/1201 1474/1202 1475/1203 1476/1204 # FloatIsl
f 1477/1205 1478/1206 1479/1207 1480/1208 # FloatIsl
f 1473/1209 1474/1210 1478/1211 1477/1212 # FloatIsl
f 1474/1213 1475/1214 1479/1215 1478/1216 # FloatIsl
f 1475/1217 1476/1218 1480/1219 1479/1220 # FloatIsl
f 1476/1221 1473/1222 1477/1223 1480/1224 # FloatIsl

o Slate
usemtl Slate
f 57/1225 58/1226 59/1227 60/1228 # Obelisk
f 61/1229 62/1230 63/1231 64/1232 # Obelisk
f 57/1233 58/1234 62/1235 61/1236 # Obelisk
f 58/1237 59/1238 63/1239 62/1240 # Obelisk
f 59/1241 60/1242 64/1243 63/1244 # Obelisk
f 60/1245 57/1246 61/1247 64/1248 # Obelisk
f 73/1249 74/1250 75/1251 76/1252 # PlazaFountain
f 77/1253 78/1254 79/1255 80/1256 # PlazaFountain
f 73/1257 74/1258 78/1259 77/1260 # PlazaFountain
f 74/1261 75/1262 79/1263 78/1264 # PlazaFountain
f 75/1265 76/1266 80/1267 79/1268 # PlazaFountain
f 76/1269 73/1270 77/1271 80/1272 # PlazaFountain
f 297/1273 298/1274 299/1275 300/1276 # CoverA1
f 301/1277 302/1278 303/1279 304/1280 # CoverA1
f 297/1281 298/1282 302/1283 301/1284 # CoverA1
f 298/1285 299/1286 303/1287 302/1288 # CoverA1
f 299/1289 300/1290 304/1291 303/1292 # CoverA1
f 300/1293 297/1294 301/1295 304/1296 # CoverA1
f 305/1297 306/1298 307/1299 308/1300 # CoverA2
f 309/1301 310/1302 311/1303 312/1304 # CoverA2
f 305/1305 306/1306 310/1307 309/1308 # CoverA2
f 306/1309 307/1310 311/1311 310/1312 # CoverA2
f 307/1313 308/1314 312/1315 311/1316 # CoverA2
f 308/1317 305/1318 309/1319 312/1320 # CoverA2
f 313/1321 314/1322 315/1323 316/1324 # CoverA3
f 317/1325 318/1326 319/1327 320/1328 # CoverA3
f 313/1329 314/1330 318/1331 317/1332 # CoverA3
f 314/1333 315/1334 319/1335 318/1336 # CoverA3
f 315/1337 316/1338 320/1339 319/1340 # CoverA3
f 316/1341 313/1342 317/1343 320/1344 # CoverA3

o Gold
usemtl Gold
f 65/1345 66/1346 67/1347 68/1348 # ObeliskTop
f 69/1349 70/1350 71/1351 72/1352 # ObeliskTop
f 65/1353 66/1354 70/1355 69/1356 # ObeliskTop
f 66/1357 67/1358 71/1359 70/1360 # ObeliskTop
f 67/1361 68/1362 72/1363 71/1364 # ObeliskTop
f 68/1365 65/1366 69/1367 72/1368 # ObeliskTop
f 521/1369 522/1370 523/1371 524/1372 # FinishFlag
f 525/1373 526/1374 527/1375 528/1376 # FinishFlag
f 521/1377 522/1378 526/1379 525/1380 # FinishFlag
f 522/1381 523/1382 527/1383 526/1384 # FinishFlag
f 523/1385 524/1386 528/1387 527/1388 # FinishFlag
f 524/1389 521/1390 525/1391 528/1392 # FinishFlag
f 1225/1393 1226/1394 1227/1395 1228/1396 # Flower1
f 1229/1397 1230/1398 1231/1399 1232/1400 # Flower1
f 1225/1401 1226/1402 1230/1403 1229/1404 # Flower1
f 1226/1405 1227/1406 1231/1407 1230/1408 # Flower1
f 1227/1409 1228/1410 1232/1411 1231/1412 # Flower1
f 1228/1413 1225/1414 1229/1415 1232/1416 # Flower1
f 1257/1417 1258/1418 1259/1419 1260/1420 # Flower3
f 1261/1421 1262/1422 1263/1423 1264/1424 # Flower3
f 1257/1425 1258/1426 1262/1427 1261/1428 # Flower3
f 1258/1429 1259/1430 1263/1431 1262/1432 # Flower3
f 1259/1433 1260/1434 1264/1435 1263/1436 # Flower3
f 1260/1437 1257/1438 1261/1439 1264/1440 # Flower3
f 1289/1441 1290/1442 1291/1443 1292/1444 # Flower5
f 1293/1445 1294/1446 1295/1447 1296/1448 # Flower5
f 1289/1449 1290/1450 1294/1451 1293/1452 # Flower5
f 1290/1453 1291/1454 1295/1455 1294/1456 # Flower5
f 1291/1457 1292/1458 1296/1459 1295/1460 # Flower5
f 1292/1461 1289/1462 1293/1463 1296/1464 # Flower5
f 1321/1465 1322/1466 1323/1467 1324/1468 # Flower7
f 1325/1469 1326/1470 1327/1471 1328/1472 # Flower7
f 1321/1473 1322/1474 1326/1475 1325/1476 # Flower7
f 1322/1477 1323/1478 1327/1479 1326/1480 # Flower7
f 1323/1481 1324/1482 1328/1483 1327/1484 # Flower7
f 1324/1485 1321/1486 1325/1487 1328/1488 # Flower7

o Water
usemtl Water
f 81/1489 82/1490 83/1491 84/1492 # PlazaWater
f 85/1493 86/1494 87/1495 88/1496 # PlazaWater
f 81/1497 82/1498 86/1499 85/1500 # PlazaWater
f 82/1501 83/1502 87/1503 86/1504 # PlazaWater
f 83/1505 84/1506 88/1507 87/1508 # PlazaWater
f 84/1509 81/1510 85/1511 88/1512 # PlazaWater
f 809/1513 810/1514 811/1515 812/1516 # Pond
f 813/1517 814/1518 815/1519 816/1520 # Pond
f 809/1521 810/1522 814/1523 813/1524 # Pond
f 810/1525 811/1526 815/1527 814/1528 # Pond
f 811/1529 812/1530 816/1531 815/1532 # Pond
f 812/1533 809/1534 813/1535 816/1536 # Pond

o Wood
usemtl Wood
f 89/1537 90/1538 91/1539 92/1540 # TorchPole_-13_39
f 93/1541 94/1542 95/1543 96/1544 # TorchPole_-13_39
f 89/1545 90/1546 94/1547 93/1548 # TorchPole_-13_39
f 90/1549 91/1550 95/1551 94/1552 # TorchPole_-13_39
f 91/1553 92/1554 96/1555 95/1556 # TorchPole_-13_39
f 92/1557 89/1558 93/1559 96/1560 # TorchPole_-13_39
f 105/1561 106/1562 107/1563 108/1564 # TorchPole_13_39
f 109/1565 110/1566 111/1567 112/1568 # TorchPole_13_39
f 105/1569 106/1570 110/1571 109/1572 # TorchPole_13_39
f 106/1573 107/1574 111/1575 110/1576 # TorchPole_13_39
f 107/1577 108/1578 112/1579 111/1580 # TorchPole_13_39
f 108/1581 105/1582 109/1583 112/1584 # TorchPole_13_39
f 121/1585 122/1586 123/1587 124/1588 # TorchPole_-13_65
f 125/1589 126/1590 127/1591 128/1592 # TorchPole_-13_65
f 121/1593 122/1594 126/1595 125/1596 # TorchPole_-13_65
f 122/1597 123/1598 127/1599 126/1600 # TorchPole_-13_65
f 123/1601 124/1602 128/1603 127/1604 # TorchPole_-13_65
f 124/1605 121/1606 125/1607 128/1608 # TorchPole_-13_65
f 137/1609 138/1610 139/1611 140/1612 # TorchPole_13_65
f 141/1613 142/1614 143/1615 144/1616 # TorchPole_13_65
f 137/1617 138/1618 142/1619 141/1620 # TorchPole_13_65
f 138/1621 139/1622 143/1623 142/1624 # TorchPole_13_65
f 139/1625 140/1626 144/1627 143/1628 # TorchPole_13_65
f 140/1629 137/1630 141/1631 144/1632 # TorchPole_13_65
f 153/1633 154/1634 155/1635 156/1636 # BannerPole_-8
f 157/1637 158/1638 159/1639 160/1640 # BannerPole_-8
f 153/1641 154/1642 158/1643 157/1644 # BannerPole_-8
f 154/1645 155/1646 159/1647 158/1648 # BannerPole_-8
f 155/1649 156/1650 160/1651 159/1652 # BannerPole_-8
f 156/1653 153/1654 157/1655 160/1656 # BannerPole_-8
f 169/1657 170/1658 171/1659 172/1660 # BannerPole_8
f 173/1661 174/1662 175/1663 176/1664 # BannerPole_8
f 169/1665 170/1666 174/1667 173/1668 # BannerPole_8
f 170/1669 171/1670 175/1671 174/1672 # BannerPole_8
f 171/1673 172/1674 176/1675 175/1676 # BannerPole_8
f 172/1677 169/1678 173/1679 176/1680 # BannerPole_8
f 465/1681 466/1682 467/1683 468/1684 # Beam1
f 469/1685 470/1686 471/1687 472/1688 # Beam1
f 465/1689 466/1690 470/1691 469/1692 # Beam1
f 466/1693 467/1694 471/1695 470/1696 # Beam1
f 467/1697 468/1698 472/1699 471/1700 # Beam1
f 468/1701 465/1702 469/1703 472/1704 # Beam1
f 473/1705 474/1706 475/1707 476/1708 # Beam2
f 477/1709 478/1710 479/1711 480/1712 # Beam2
f 473/1713 474/1714 478/1715 477/1716 # Beam2
f 474/1717 475/1718 479/1719 478/1720 # Beam2
f 475/1721 476/1722 480/1723 479/1724 # Beam2
f 476/1725 473/1726 477/1727 480/1728 # Beam2
f 481/1729 482/1730 483/1731 484/1732 # Pole1
f 485/1733 486/1734 487/1735 488/1736 # Pole1
f 481/1737 482/1738 486/1739 485/1740 # Pole1
f 482/1741 483/1742 487/1743 486/1744 # Pole1
f 483/1745 484/1746 488/1747 487/1748 # Pole1
f 484/1749 481/1750 485/1751 488/1752 # Pole1
f 489/1753 490/1754 491/1755 492/1756 # Pole2
f 493/1757 494/1758 495/1759 496/1760 # Pole2
f 489/1761 490/1762 494/1763 493/1764 # Pole2
f 490/1765 491/1766 495/1767 494/1768 # Pole2
f 491/1769 492/1770 496/1771 495/1772 # Pole2
f 492/1773 489/1774 493/1775 496/1776 # Pole2
f 513/1777 514/1778 515/1779 516/1780 # FinishFlagPole
f 517/1781 518/1782 519/1783 520/1784 # FinishFlagPole
f 513/1785 514/1786 518/1787 517/1788 # FinishFlagPole
f 514/1789 515/1790 519/1791 518/1792 # FinishFlagPole
f 515/1793 516/1794 520/1795 519/1796 # FinishFlagPole
f 516/1797 513/1798 517/1799 520/1800 # FinishFlagPole
f 761/1801 762/1802 763/1803 764/1804 # RailN
f 765/1805 766/1806 767/1807 768/1808 # RailN
f 761/1809 762/1810 766/1811 765/1812 # RailN
f 762/1813 763/1814 767/1815 766/1816 # RailN
f 763/1817 764/1818 768/1819 767/1820 # RailN
f 764/1821 761/1822 765/1823 768/1824 # RailN
f 769/1825 770/1826 771/1827 772/1828 # BridgeS_Deck
f 773/1829 774/1830 775/1831 776/1832 # BridgeS_Deck
f 769/1833 770/1834 774/1835 773/1836 # BridgeS_Deck
f 770/1837 771/1838 775/1839 774/1840 # BridgeS_Deck
f 771/1841 772/1842 776/1843 775/1844 # BridgeS_Deck
f 772/1845 769/1846 773/1847 776/1848 # BridgeS_Deck
f 777/1849 778/1850 779/1851 780/1852 # BridgeS_R1
f 781/1853 782/1854 783/1855 784/1856 # BridgeS_R1
f 777/1857 778/1858 782/1859 781/1860 # BridgeS_R1
f 778/1861 779/1862 783/1863 782/1864 # BridgeS_R1
f 779/1865 780/1866 784/1867 783/1868 # BridgeS_R1
f 780/1869 777/1870 781/1871 784/1872 # BridgeS_R1
f 785/1873 786/1874 787/1875 788/1876 # BridgeS_R2
f 789/1877 790/1878 791/1879 792/1880 # BridgeS_R2
f 785/1881 786/1882 790/1883 789/1884 # BridgeS_R2
f 786/1885 787/1886 791/1887 790/1888 # BridgeS_R2
f 787/1889 788/1890 792/1891 791/1892 # BridgeS_R2
f 788/1893 785/1894 789/1895 792/1896 # BridgeS_R2
f 793/1897 794/1898 795/1899 796/1900 # BridgeE_Deck
f 797/1901 798/1902 799/1903 800/1904 # BridgeE_Deck
f 793/1905 794/1906 798/1907 797/1908 # BridgeE_Deck
f 794/1909 795/1910 799/1911 798/1912 # BridgeE_Deck
f 795/1913 796/1914 800/1915 799/1916 # BridgeE_Deck
f 796/1917 793/1918 797/1919 800/1920 # BridgeE_Deck
f 1385/1921 1386/1922 1387/1923 1388/1924 # Barrel0
f 1389/1925 1390/1926 1391/1927 1392/1928 # Barrel0
f 1385/1929 1386/1930 1390/1931 1389/1932 # Barrel0
f 1386/1933 1387/1934 1391/1935 1390/1936 # Barrel0
f 1387/1937 1388/1938 1392/1939 1391/1940 # Barrel0
f 1388/1941 1385/1942 1389/1943 1392/1944 # Barrel0
f 1393/1945 1394/1946 1395/1947 1396/1948 # Barrel1
f 1397/1949 1398/1950 1399/1951 1400/1952 # Barrel1
f 1393/1953 1394/1954 1398/1955 1397/1956 # Barrel1
f 1394/1957 1395/1958 1399/1959 1398/1960 # Barrel1
f 1395/1961 1396/1962 1400/1963 1399/1964 # Barrel1
f 1396/1965 1393/1966 1397/1967 1400/1968 # Barrel1
f 1401/1969 1402/1970 1403/1971 1404/1972 # Barrel2
f 1405/1973 1406/1974 1407/1975 1408/1976 # Barrel2
f 1401/1977 1402/1978 1406/1979 1405/1980 # Barrel2
f 1402/1981 1403/1982 1407/1983 1406/1984 # Barrel2
f 1403/1985 1404/1986 1408/1987 1407/1988 # Barrel2
f 1404/1989 1401/1990 1405/1991 1408/1992 # Barrel2

o NeonOrange
usemtl NeonOrange
f 97/1993 98/1994 99/1995 100/1996 # TorchFire_-13_39
f 101/1997 102/1998 103/1999 104/2000 # TorchFire_-13_39
f 97/2001 98/2002 102/2003 101/2004 # TorchFire_-13_39
f 98/2005 99/2006 103/2007 102/2008 # TorchFire_-13_39
f 99/2009 100/2010 104/2011 103/2012 # TorchFire_-13_39
f 100/2013 97/2014 101/2015 104/2016 # TorchFire_-13_39
f 113/2017 114/2018 115/2019 116/2020 # TorchFire_13_39
f 117/2021 118/2022 119/2023 120/2024 # TorchFire_13_39
f 113/2025 114/2026 118/2027 117/2028 # TorchFire_13_39
f 114/2029 115/2030 119/2031 118/2032 # TorchFire_13_39
f 115/2033 116/2034 120/2035 119/2036 # TorchFire_13_39
f 116/2037 113/2038 117/2039 120/2040 # TorchFire_13_39
f 129/2041 130/2042 131/2043 132/2044 # TorchFire_-13_65
f 133/2045 134/2046 135/2047 136/2048 # TorchFire_-13_65
f 129/2049 130/2050 134/2051 133/2052 # TorchFire_-13_65
f 130/2053 131/2054 135/2055 134/2056 # TorchFire_-13_65
f 131/2057 132/2058 136/2059 135/2060 # TorchFire_-13_65
f 132/2061 129/2062 133/2063 136/2064 # TorchFire_-13_65
f 145/2065 146/2066 147/2067 148/2068 # TorchFire_13_65
f 149/2069 150/2070 151/2071 152/2072 # TorchFire_13_65
f 145/2073 146/2074 150/2075 149/2076 # TorchFire_13_65
f 146/2077 147/2078 151/2079 150/2080 # TorchFire_13_65
f 147/2081 148/2082 152/2083 151/2084 # TorchFire_13_65
f 148/2085 145/2086 149/2087 152/2088 # TorchFire_13_65
f 217/2089 218/2090 219/2091 220/2092 # Brazier_-15_-11
f 221/2093 222/2094 223/2095 224/2096 # Brazier_-15_-11
f 217/2097 218/2098 222/2099 221/2100 # Brazier_-15_-11
f 218/2101 219/2102 223/2103 222/2104 # Brazier_-15_-11
f 219/2105 220/2106 224/2107 223/2108 # Brazier_-15_-11
f 220/2109 217/2110 221/2111 224/2112 # Brazier_-15_-11
f 241/2113 242/2114 243/2115 244/2116 # Brazier_15_-11
f 245/2117 246/2118 247/2119 248/2120 # Brazier_15_-11
f 241/2121 242/2122 246/2123 245/2124 # Brazier_15_-11
f 242/2125 243/2126 247/2127 246/2128 # Brazier_15_-11
f 243/2129 244/2130 248/2131 247/2132 # Brazier_15_-11
f 244/2133 241/2134 245/2135 248/2136 # Brazier_15_-11
f 265/2137 266/2138 267/2139 268/2140 # Brazier_-15_11
f 269/2141 270/2142 271/2143 272/2144 # Brazier_-15_11
f 265/2145 266/2146 270/2147 269/2148 # Brazier_-15_11
f 266/2149 267/2150 271/2151 270/2152 # Brazier_-15_11
f 267/2153 268/2154 272/2155 271/2156 # Brazier_-15_11
f 268/2157 265/2158 269/2159 272/2160 # Brazier_-15_11
f 289/2161 290/2162 291/2163 292/2164 # Brazier_15_11
f 293/2165 294/2166 295/2167 296/2168 # Brazier_15_11
f 289/2169 290/2170 294/2171 293/2172 # Brazier_15_11
f 290/2173 291/2174 295/2175 294/2176 # Brazier_15_11
f 291/2177 292/2178 296/2179 295/2180 # Brazier_15_11
f 292/2181 289/2182 293/2183 296/2184 # Brazier_15_11

o NeonPink
usemtl NeonPink
f 161/2185 162/2186 163/2187 164/2188 # Banner_-8
f 165/2189 166/2190 167/2191 168/2192 # Banner_-8
f 161/2193 162/2194 166/2195 165/2196 # Banner_-8
f 162/2197 163/2198 167/2199 166/2200 # Banner_-8
f 163/2201 164/2202 168/2203 167/2204 # Banner_-8
f 164/2205 161/2206 165/2207 168/2208 # Banner_-8
f 361/2209 362/2210 363/2211 364/2212 # Check0
f 365/2213 366/2214 367/2215 368/2216 # Check0
f 361/2217 362/2218 366/2219 365/2220 # Check0
f 362/2221 363/2222 367/2223 366/2224 # Check0
f 363/2225 364/2226 368/2227 367/2228 # Check0
f 364/2229 361/2230 365/2231 368/2232 # Check0
f 385/2233 386/2234 387/2235 388/2236 # Check1
f 389/2237 390/2238 391/2239 392/2240 # Check1
f 385/2241 386/2242 390/2243 389/2244 # Check1
f 386/2245 387/2246 391/2247 390/2248 # Check1
f 387/2249 388/2250 392/2251 391/2252 # Check1
f 388/2253 385/2254 389/2255 392/2256 # Check1
f 409/2257 410/2258 411/2259 412/2260 # Check2
f 413/2261 414/2262 415/2263 416/2264 # Check2
f 409/2265 410/2266 414/2267 413/2268 # Check2
f 410/2269 411/2270 415/2271 414/2272 # Check2
f 411/2273 412/2274 416/2275 415/2276 # Check2
f 412/2277 409/2278 413/2279 416/2280 # Check2
f 433/2281 434/2282 435/2283 436/2284 # Check3
f 437/2285 438/2286 439/2287 440/2288 # Check3
f 433/2289 434/2290 438/2291 437/2292 # Check3
f 434/2293 435/2294 439/2295 438/2296 # Check3
f 435/2297 436/2298 440/2299 439/2300 # Check3
f 436/2301 433/2302 437/2303 440/2304 # Check3
f 457/2305 458/2306 459/2307 460/2308 # Check4
f 461/2309 462/2310 463/2311 464/2312 # Check4
f 457/2313 458/2314 462/2315 461/2316 # Check4
f 458/2317 459/2318 463/2319 462/2320 # Check4
f 459/2321 460/2322 464/2323 463/2324 # Check4
f 460/2325 457/2326 461/2327 464/2328 # Check4
f 1209/2329 1210/2330 1211/2331 1212/2332 # Flower0
f 1213/2333 1214/2334 1215/2335 1216/2336 # Flower0
f 1209/2337 1210/2338 1214/2339 1213/2340 # Flower0
f 1210/2341 1211/2342 1215/2343 1214/2344 # Flower0
f 1211/2345 1212/2346 1216/2347 1215/2348 # Flower0
f 1212/2349 1209/2350 1213/2351 1216/2352 # Flower0
f 1241/2353 1242/2354 1243/2355 1244/2356 # Flower2
f 1245/2357 1246/2358 1247/2359 1248/2360 # Flower2
f 1241/2361 1242/2362 1246/2363 1245/2364 # Flower2
f 1242/2365 1243/2366 1247/2367 1246/2368 # Flower2
f 1243/2369 1244/2370 1248/2371 1247/2372 # Flower2
f 1244/2373 1241/2374 1245/2375 1248/2376 # Flower2
f 1273/2377 1274/2378 1275/2379 1276/2380 # Flower4
f 1277/2381 1278/2382 1279/2383 1280/2384 # Flower4
f 1273/2385 1274/2386 1278/2387 1277/2388 # Flower4
f 1274/2389 1275/2390 1279/2391 1278/2392 # Flower4
f 1275/2393 1276/2394 1280/2395 1279/2396 # Flower4
f 1276/2397 1273/2398 1277/2399 1280/2400 # Flower4
f 1305/2401 1306/2402 1307/2403 1308/2404 # Flower6
f 1309/2405 1310/2406 1311/2407 1312/2408 # Flower6
f 1305/2409 1306/2410 1310/2411 1309/2412 # Flower6
f 1306/2413 1307/2414 1311/2415 1310/2416 # Flower6
f 1307/2417 1308/2418 1312/2419 1311/2420 # Flower6
f 1308/2421 1305/2422 1309/2423 1312/2424 # Flower6

o NeonCyan
usemtl NeonCyan
f 177/2425 178/2426 179/2427 180/2428 # Banner_8
f 181/2429 182/2430 183/2431 184/2432 # Banner_8
f 177/2433 178/2434 182/2435 181/2436 # Banner_8
f 178/2437 179/2438 183/2439 182/2440 # Banner_8
f 179/2441 180/2442 184/2443 183/2444 # Banner_8
f 180/2445 177/2446 181/2447 184/2448 # Banner_8
f 321/2449 322/2450 323/2451 324/2452 # JumpPadMid
f 325/2453 326/2454 327/2455 328/2456 # JumpPadMid
f 321/2457 322/2458 326/2459 325/2460 # JumpPadMid
f 322/2461 323/2462 327/2463 326/2464 # JumpPadMid
f 323/2465 324/2466 328/2467 327/2468 # JumpPadMid
f 324/2469 321/2470 325/2471 328/2472 # JumpPadMid
f 529/2473 530/2474 531/2475 532/2476 # FinishPad
f 533/2477 534/2478 535/2479 536/2480 # FinishPad
f 529/2481 530/2482 534/2483 533/2484 # FinishPad
f 530/2485 531/2486 535/2487 534/2488 # FinishPad
f 531/2489 532/2490 536/2491 535/2492 # FinishPad
f 532/2493 529/2494 533/2495 536/2496 # FinishPad

o RockDark
usemtl RockDark
f 201/2497 202/2498 203/2499 204/2500 # Tower_-15_-11
f 205/2501 206/2502 207/2503 208/2504 # Tower_-15_-11
f 201/2505 202/2506 206/2507 205/2508 # Tower_-15_-11
f 202/2509 203/2510 207/2511 206/2512 # Tower_-15_-11
f 203/2513 204/2514 208/2515 207/2516 # Tower_-15_-11
f 204/2517 201/2518 205/2519 208/2520 # Tower_-15_-11
f 225/2521 226/2522 227/2523 228/2524 # Tower_15_-11
f 229/2525 230/2526 231/2527 232/2528 # Tower_15_-11
f 225/2529 226/2530 230/2531 229/2532 # Tower_15_-11
f 226/2533 227/2534 231/2535 230/2536 # Tower_15_-11
f 227/2537 228/2538 232/2539 231/2540 # Tower_15_-11
f 228/2541 225/2542 229/2543 232/2544 # Tower_15_-11
f 249/2545 250/2546 251/2547 252/2548 # Tower_-15_11
f 253/2549 254/2550 255/2551 256/2552 # Tower_-15_11
f 249/2553 250/2554 254/2555 253/2556 # Tower_-15_11
f 250/2557 251/2558 255/2559 254/2560 # Tower_-15_11
f 251/2561 252/2562 256/2563 255/2564 # Tower_-15_11
f 252/2565 249/2566 253/2567 256/2568 # Tower_-15_11
f 273/2569 274/2570 275/2571 276/2572 # Tower_15_11
f 277/2573 278/2574 279/2575 280/2576 # Tower_15_11
f 273/2577 274/2578 278/2579 277/2580 # Tower_15_11
f 274/2581 275/2582 279/2583 278/2584 # Tower_15_11
f 275/2585 276/2586 280/2587 279/2588 # Tower_15_11
f 276/2589 273/2590 277/2591 280/2592 # Tower_15_11
f 497/2593 498/2594 499/2595 500/2596 # FinishTower
f 501/2597 502/2598 503/2599 504/2600 # FinishTower
f 497/2601 498/2602 502/2603 501/2604 # FinishTower
f 498/2605 499/2606 503/2607 502/2608 # FinishTower
f 499/2609 500/2610 504/2611 503/2612 # FinishTower
f 500/2613 497/2614 501/2615 504/2616 # FinishTower
f 537/2617 538/2618 539/2619 540/2620 # CanyonWallS
f 541/2621 542/2622 543/2623 544/2624 # CanyonWallS
f 537/2625 538/2626 542/2627 541/2628 # CanyonWallS
f 538/2629 539/2630 543/2631 542/2632 # CanyonWallS
f 539/2633 540/2634 544/2635 543/2636 # CanyonWallS
f 540/2637 537/2638 541/2639 544/2640 # CanyonWallS
f 545/2641 546/2642 547/2643 548/2644 # CanyonWallN
f 549/2645 550/2646 551/2647 552/2648 # CanyonWallN
f 545/2649 546/2650 550/2651 549/2652 # CanyonWallN
f 546/2653 547/2654 551/2655 550/2656 # CanyonWallN
f 547/2657 548/2658 552/2659 551/2660 # CanyonWallN
f 548/2661 545/2662 549/2663 552/2664 # CanyonWallN
f 561/2665 562/2666 563/2667 564/2668 # ArchP1_-48
f 565/2669 566/2670 567/2671 568/2672 # ArchP1_-48
f 561/2673 562/2674 566/2675 565/2676 # ArchP1_-48
f 562/2677 563/2678 567/2679 566/2680 # ArchP1_-48
f 563/2681 564/2682 568/2683 567/2684 # ArchP1_-48
f 564/2685 561/2686 565/2687 568/2688 # ArchP1_-48
f 569/2689 570/2690 571/2691 572/2692 # ArchP2_-48
f 573/2693 574/2694 575/2695 576/2696 # ArchP2_-48
f 569/2697 570/2698 574/2699 573/2700 # ArchP2_-48
f 570/2701 571/2702 575/2703 574/2704 # ArchP2_-48
f 571/2705 572/2706 576/2707 575/2708 # ArchP2_-48
f 572/2709 569/2710 573/2711 576/2712 # ArchP2_-48
f 577/2713 578/2714 579/2715 580/2716 # ArchTop_-48
f 581/2717 582/2718 583/2719 584/2720 # ArchTop_-48
f 577/2721 578/2722 582/2723 581/2724 # ArchTop_-48
f 578/2725 579/2726 583/2727 582/2728 # ArchTop_-48
f 579/2729 580/2730 584/2731 583/2732 # ArchTop_-48
f 580/2733 577/2734 581/2735 584/2736 # ArchTop_-48
f 585/2737 586/2738 587/2739 588/2740 # ArchP1_-70
f 589/2741 590/2742 591/2743 592/2744 # ArchP1_-70
f 585/2745 586/2746 590/2747 589/2748 # ArchP1_-70
f 586/2749 587/2750 591/2751 590/2752 # ArchP1_-70
f 587/2753 588/2754 592/2755 591/2756 # ArchP1_-70
f 588/2757 585/2758 589/2759 592/2760 # ArchP1_-70
f 593/2761 594/2762 595/2763 596/2764 # ArchP2_-70
f 597/2765 598/2766 599/2767 600/2768 # ArchP2_-70
f 593/2769 594/2770 598/2771 597/2772 # ArchP2_-70
f 594/2773 595/2774 599/2775 598/2776 # ArchP2_-70
f 595/2777 596/2778 600/2779 599/2780 # ArchP2_-70
f 596/2781 593/2782 597/2783 600/2784 # ArchP2_-70
f 601/2785 602/2786 603/2787 604/2788 # ArchTop_-70
f 605/2789 606/2790 607/2791 608/2792 # ArchTop_-70
f 601/2793 602/2794 606/2795 605/2796 # ArchTop_-70
f 602/2797 603/2798 607/2799 606/2800 # ArchTop_-70
f 603/2801 604/2802 608/2803 607/2804 # ArchTop_-70
f 604/2805 601/2806 605/2807 608/2808 # ArchTop_-70
f 1137/2809 1138/2810 1139/2811 1140/2812 # Rock0
f 1141/2813 1142/2814 1143/2815 1144/2816 # Rock0
f 1137/2817 1138/2818 1142/2819 1141/2820 # Rock0
f 1138/2821 1139/2822 1143/2823 1142/2824 # Rock0
f 1139/2825 1140/2826 1144/2827 1143/2828 # Rock0
f 1140/2829 1137/2830 1141/2831 1144/2832 # Rock0
f 1145/2833 1146/2834 1147/2835 1148/2836 # Rock1
f 1149/2837 1150/2838 1151/2839 1152/2840 # Rock1
f 1145/2841 1146/2842 1150/2843 1149/2844 # Rock1
f 1146/2845 1147/2846 1151/2847 1150/2848 # Rock1
f 1147/2849 1148/2850 1152/2851 1151/2852 # Rock1
f 1148/2853 1145/2854 1149/2855 1152/2856 # Rock1
f 1161/2857 1162/2858 1163/2859 1164/2860 # Rock3
f 1165/2861 1166/2862 1167/2863 1168/2864 # Rock3
f 1161/2865 1162/2866 1166/2867 1165/2868 # Rock3
f 1162/2869 1163/2870 1167/2871 1166/2872 # Rock3
f 1163/2873 1164/2874 1168/2875 1167/2876 # Rock3
f 1164/2877 1161/2878 1165/2879 1168/2880 # Rock3
f 1169/2881 1170/2882 1171/2883 1172/2884 # Rock4
f 1173/2885 1174/2886 1175/2887 1176/2888 # Rock4
f 1169/2889 1170/2890 1174/2891 1173/2892 # Rock4
f 1170/2893 1171/2894 1175/2895 1174/2896 # Rock4
f 1171/2897 1172/2898 1176/2899 1175/2900 # Rock4
f 1172/2901 1169/2902 1173/2903 1176/2904 # Rock4
f 1185/2905 1186/2906 1187/2907 1188/2908 # Rock6
f 1189/2909 1190/2910 1191/2911 1192/2912 # Rock6
f 1185/2913 1186/2914 1190/2915 1189/2916 # Rock6
f 1186/2917 1187/2918 1191/2919 1190/2920 # Rock6
f 1187/2921 1188/2922 1192/2923 1191/2924 # Rock6
f 1188/2925 1185/2926 1189/2927 1192/2928 # Rock6
f 1409/2929 1410/2930 1411/2931 1412/2932 # CliffB1
f 1413/2933 1414/2934 1415/2935 1416/2936 # CliffB1
f 1409/2937 1410/2938 1414/2939 1413/2940 # CliffB1
f 1410/2941 1411/2942 1415/2943 1414/2944 # CliffB1
f 1411/2945 1412/2946 1416/2947 1415/2948 # CliffB1
f 1412/2949 1409/2950 1413/2951 1416/2952 # CliffB1
f 1417/2953 1418/2954 1419/2955 1420/2956 # CliffB2
f 1421/2957 1422/2958 1423/2959 1424/2960 # CliffB2
f 1417/2961 1418/2962 1422/2963 1421/2964 # CliffB2
f 1418/2965 1419/2966 1423/2967 1422/2968 # CliffB2
f 1419/2969 1420/2970 1424/2971 1423/2972 # CliffB2
f 1420/2973 1417/2974 1421/2975 1424/2976 # CliffB2
f 1425/2977 1426/2978 1427/2979 1428/2980 # CliffL
f 1429/2981 1430/2982 1431/2983 1432/2984 # CliffL
f 1425/2985 1426/2986 1430/2987 1429/2988 # CliffL
f 1426/2989 1427/2990 1431/2991 1430/2992 # CliffL
f 1427/2993 1428/2994 1432/2995 1431/2996 # CliffL
f 1428/2997 1425/2998 1429/2999 1432/3000 # CliffL
f 1433/3001 1434/3002 1435/3003 1436/3004 # CliffR
f 1437/3005 1438/3006 1439/3007 1440/3008 # CliffR
f 1433/3009 1434/3010 1438/3011 1437/3012 # CliffR
f 1434/3013 1435/3014 1439/3015 1438/3016 # CliffR
f 1435/3017 1436/3018 1440/3019 1439/3020 # CliffR
f 1436/3021 1433/3022 1437/3023 1440/3024 # CliffR
f 1441/3025 1442/3026 1443/3027 1444/3028 # CliffF1
f 1445/3029 1446/3030 1447/3031 1448/3032 # CliffF1
f 1441/3033 1442/3034 1446/3035 1445/3036 # CliffF1
f 1442/3037 1443/3038 1447/3039 1446/3040 # CliffF1
f 1443/3041 1444/3042 1448/3043 1447/3044 # CliffF1
f 1444/3045 1441/3046 1445/3047 1448/3048 # CliffF1
f 1449/3049 1450/3050 1451/3051 1452/3052 # CliffF2
f 1453/3053 1454/3054 1455/3055 1456/3056 # CliffF2
f 1449/3057 1450/3058 1454/3059 1453/3060 # CliffF2
f 1450/3061 1451/3062 1455/3063 1454/3064 # CliffF2
f 1451/3065 1452/3066 1456/3067 1455/3068 # CliffF2
f 1452/3069 1449/3070 1453/3071 1456/3072 # CliffF2
f 1457/3073 1458/3074 1459/3075 1460/3076 # PillarN1
f 1461/3077 1462/3078 1463/3079 1464/3080 # PillarN1
f 1457/3081 1458/3082 1462/3083 1461/3084 # PillarN1
f 1458/3085 1459/3086 1463/3087 1462/3088 # PillarN1
f 1459/3089 1460/3090 1464/3091 1463/3092 # PillarN1
f 1460/3093 1457/3094 1461/3095 1464/3096 # PillarN1
f 1465/3097 1466/3098 1467/3099 1468/3100 # PillarN2
f 1469/3101 1470/3102 1471/3103 1472/3104 # PillarN2
f 1465/3105 1466/3106 1470/3107 1469/3108 # PillarN2
f 1466/3109 1467/3110 1471/3111 1470/3112 # PillarN2
f 1467/3113 1468/3114 1472/3115 1471/3116 # PillarN2
f 1468/3117 1465/3118 1469/3119 1472/3120 # PillarN2

o RockTop
usemtl RockTop
f 801/3121 802/3122 803/3123 804/3124 # PondSand
f 805/3125 806/3126 807/3127 808/3128 # PondSand
f 801/3129 802/3130 806/3131 805/3132 # PondSand
f 802/3133 803/3134 807/3135 806/3136 # PondSand
f 803/3137 804/3138 808/3139 807/3140 # PondSand
f 804/3141 801/3142 805/3143 808/3144 # PondSand

o Trunk
usemtl Trunk
f 817/3145 818/3146 819/3147 820/3148 # TrunkF0
f 821/3149 822/3150 823/3151 824/3152 # TrunkF0
f 817/3153 818/3154 822/3155 821/3156 # TrunkF0
f 818/3157 819/3158 823/3159 822/3160 # TrunkF0
f 819/3161 820/3162 824/3163 823/3164 # TrunkF0
f 820/3165 817/3166 821/3167 824/3168 # TrunkF0
f 841/3169 842/3170 843/3171 844/3172 # TrunkF1
f 845/3173 846/3174 847/3175 848/3176 # TrunkF1
f 841/3177 842/3178 846/3179 845/3180 # TrunkF1
f 842/3181 843/3182 847/3183 846/3184 # TrunkF1
f 843/3185 844/3186 848/3187 847/3188 # TrunkF1
f 844/3189 841/3190 845/3191 848/3192 # TrunkF1
f 873/3193 874/3194 875/3195 876/3196 # TrunkF2
f 877/3197 878/3198 879/3199 880/3200 # TrunkF2
f 873/3201 874/3202 878/3203 877/3204 # TrunkF2
f 874/3205 875/3206 879/3207 878/3208 # TrunkF2
f 875/3209 876/3210 880/3211 879/3212 # TrunkF2
f 876/3213 873/3214 877/3215 880/3216 # TrunkF2
f 897/3217 898/3218 899/3219 900/3220 # TrunkF3
f 901/3221 902/3222 903/3223 904/3224 # TrunkF3
f 897/3225 898/3226 902/3227 901/3228 # TrunkF3
f 898/3229 899/3230 903/3231 902/3232 # TrunkF3
f 899/3233 900/3234 904/3235 903/3236 # TrunkF3
f 900/3237 897/3238 901/3239 904/3240 # TrunkF3
f 921/3241 922/3242 923/3243 924/3244 # TrunkF4
f 925/3245 926/3246 927/3247 928/3248 # TrunkF4
f 921/3249 922/3250 926/3251 925/3252 # TrunkF4
f 922/3253 923/3254 927/3255 926/3256 # TrunkF4
f 923/3257 924/3258 928/3259 927/3260 # TrunkF4
f 924/3261 921/3262 925/3263 928/3264 # TrunkF4
f 953/3265 954/3266 955/3267 956/3268 # DeadTrunk5
f 957/3269 958/3270 959/3271 960/3272 # DeadTrunk5
f 953/3273 954/3274 958/3275 957/3276 # DeadTrunk5
f 954/3277 955/3278 959/3279 958/3280 # DeadTrunk5
f 955/3281 956/3282 960/3283 959/3284 # DeadTrunk5
f 956/3285 953/3286 957/3287 960/3288 # DeadTrunk5
f 961/3289 962/3290 963/3291 964/3292 # Branch5
f 965/3293 966/3294 967/3295 968/3296 # Branch5
f 961/3297 962/3298 966/3299 965/3300 # Branch5
f 962/3301 963/3302 967/3303 966/3304 # Branch5
f 963/3305 964/3306 968/3307 967/3308 # Branch5
f 964/3309 961/3310 965/3311 968/3312 # Branch5
f 969/3313 970/3314 971/3315 972/3316 # TrunkF6
f 973/3317 974/3318 975/3319 976/3320 # TrunkF6
f 969/3321 970/3322 974/3323 973/3324 # TrunkF6
f 970/3325 971/3326 975/3327 974/3328 # TrunkF6
f 971/3329 972/3330 976/3331 975/3332 # TrunkF6
f 972/3333 969/3334 973/3335 976/3336 # TrunkF6
f 1001/3337 1002/3338 1003/3339 1004/3340 # TrunkF7
f 1005/3341 1006/3342 1007/3343 1008/3344 # TrunkF7
f 1001/3345 1002/3346 1006/3347 1005/3348 # TrunkF7
f 1002/3349 1003/3350 1007/3351 1006/3352 # TrunkF7
f 1003/3353 1004/3354 1008/3355 1007/3356 # TrunkF7
f 1004/3357 1001/3358 1005/3359 1008/3360 # TrunkF7
f 1025/3361 1026/3362 1027/3363 1028/3364 # TrunkF8
f 1029/3365 1030/3366 1031/3367 1032/3368 # TrunkF8
f 1025/3369 1026/3370 1030/3371 1029/3372 # TrunkF8
f 1026/3373 1027/3374 1031/3375 1030/3376 # TrunkF8
f 1027/3377 1028/3378 1032/3379 1031/3380 # TrunkF8
f 1028/3381 1025/3382 1029/3383 1032/3384 # TrunkF8
f 1049/3385 1050/3386 1051/3387 1052/3388 # TrunkF9
f 1053/3389 1054/3390 1055/3391 1056/3392 # TrunkF9
f 1049/3393 1050/3394 1054/3395 1053/3396 # TrunkF9
f 1050/3397 1051/3398 1055/3399 1054/3400 # TrunkF9
f 1051/3401 1052/3402 1056/3403 1055/3404 # TrunkF9
f 1052/3405 1049/3406 1053/3407 1056/3408 # TrunkF9
f 1081/3409 1082/3410 1083/3411 1084/3412 # TrunkF10
f 1085/3413 1086/3414 1087/3415 1088/3416 # TrunkF10
f 1081/3417 1082/3418 1086/3419 1085/3420 # TrunkF10
f 1082/3421 1083/3422 1087/3423 1086/3424 # TrunkF10
f 1083/3425 1084/3426 1088/3427 1087/3428 # TrunkF10
f 1084/3429 1081/3430 1085/3431 1088/3432 # TrunkF10
f 1105/3433 1106/3434 1107/3435 1108/3436 # TrunkF11
f 1109/3437 1110/3438 1111/3439 1112/3440 # TrunkF11
f 1105/3441 1106/3442 1110/3443 1109/3444 # TrunkF11
f 1106/3445 1107/3446 1111/3447 1110/3448 # TrunkF11
f 1107/3449 1108/3450 1112/3451 1111/3452 # TrunkF11
f 1108/3453 1105/3454 1109/3455 1112/3456 # TrunkF11
f 1489/3457 1490/3458 1491/3459 1492/3460 # FloatTree
f 1493/3461 1494/3462 1495/3463 1496/3464 # FloatTree
f 1489/3465 1490/3466 1494/3467 1493/3468 # FloatTree
f 1490/3469 1491/3470 1495/3471 1494/3472 # FloatTree
f 1491/3473 1492/3474 1496/3475 1495/3476 # FloatTree
f 1492/3477 1489/3478 1493/3479 1496/3480 # FloatTree

o Leaf
usemtl Leaf
f 825/3481 826/3482 827/3483 828/3484 # CanF0
f 829/3485 830/3486 831/3487 832/3488 # CanF0
f 825/3489 826/3490 830/3491 829/3492 # CanF0
f 826/3493 827/3494 831/3495 830/3496 # CanF0
f 827/3497 828/3498 832/3499 831/3500 # CanF0
f 828/3501 825/3502 829/3503 832/3504 # CanF0
f 833/3505 834/3506 835/3507 836/3508 # Can2F0
f 837/3509 838/3510 839/3511 840/3512 # Can2F0
f 833/3513 834/3514 838/3515 837/3516 # Can2F0
f 834/3517 835/3518 839/3519 838/3520 # Can2F0
f 835/3521 836/3522 840/3523 839/3524 # Can2F0
f 836/3525 833/3526 837/3527 840/3528 # Can2F0
f 849/3529 850/3530 851/3531 852/3532 # Pine1_1
f 853/3533 854/3534 855/3535 856/3536 # Pine1_1
f 849/3537 850/3538 854/3539 853/3540 # Pine1_1
f 850/3541 851/3542 855/3543 854/3544 # Pine1_1
f 851/3545 852/3546 856/3547 855/3548 # Pine1_1
f 852/3549 849/3550 853/3551 856/3552 # Pine1_1
f 857/3553 858/3554 859/3555 860/3556 # Pine2_1
f 861/3557 862/3558 863/3559 864/3560 # Pine2_1
f 857/3561 858/3562 862/3563 861/3564 # Pine2_1
f 858/3565 859/3566 863/3567 862/3568 # Pine2_1
f 859/3569 860/3570 864/3571 863/3572 # Pine2_1
f 860/3573 857/3574 861/3575 864/3576 # Pine2_1
f 865/3577 866/3578 867/3579 868/3580 # Pine3_1
f 869/3581 870/3582 871/3583 872/3584 # Pine3_1
f 865/3585 866/3586 870/3587 869/3588 # Pine3_1
f 866/3589 867/3590 871/3591 870/3592 # Pine3_1
f 867/3593 868/3594 872/3595 871/3596 # Pine3_1
f 868/3597 865/3598 869/3599 872/3600 # Pine3_1
f 881/3601 882/3602 883/3603 884/3604 # CanF2
f 885/3605 886/3606 887/3607 888/3608 # CanF2
f 881/3609 882/3610 886/3611 885/3612 # CanF2
f 882/3613 883/3614 887/3615 886/3616 # CanF2
f 883/3617 884/3618 888/3619 887/3620 # CanF2
f 884/3621 881/3622 885/3623 888/3624 # CanF2
f 889/3625 890/3626 891/3627 892/3628 # Can2F2
f 893/3629 894/3630 895/3631 896/3632 # Can2F2
f 889/3633 890/3634 894/3635 893/3636 # Can2F2
f 890/3637 891/3638 895/3639 894/3640 # Can2F2
f 891/3641 892/3642 896/3643 895/3644 # Can2F2
f 892/3645 889/3646 893/3647 896/3648 # Can2F2
f 905/3649 906/3650 907/3651 908/3652 # CanF3
f 909/3653 910/3654 911/3655 912/3656 # CanF3
f 905/3657 906/3658 910/3659 909/3660 # CanF3
f 906/3661 907/3662 911/3663 910/3664 # CanF3
f 907/3665 908/3666 912/3667 911/3668 # CanF3
f 908/3669 905/3670 909/3671 912/3672 # CanF3
f 913/3673 914/3674 915/3675 916/3676 # Can2F3
f 917/3677 918/3678 919/3679 920/3680 # Can2F3
f 913/3681 914/3682 918/3683 917/3684 # Can2F3
f 914/3685 915/3686 919/3687 918/3688 # Can2F3
f 915/3689 916/3690 920/3691 919/3692 # Can2F3
f 916/3693 913/3694 917/3695 920/3696 # Can2F3
f 929/3697 930/3698 931/3699 932/3700 # Pine1_4
f 933/3701 934/3702 935/3703 936/3704 # Pine1_4
f 929/3705 930/3706 934/3707 933/3708 # Pine1_4
f 930/3709 931/3710 935/3711 934/3712 # Pine1_4
f 931/3713 932/3714 936/3715 935/3716 # Pine1_4
f 932/3717 929/3718 933/3719 936/3720 # Pine1_4
f 937/3721 938/3722 939/3723 940/3724 # Pine2_4
f 941/3725 942/3726 943/3727 944/3728 # Pine2_4
f 937/3729 938/3730 942/3731 941/3732 # Pine2_4
f 938/3733 939/3734 943/3735 942/3736 # Pine2_4
f 939/3737 940/3738 944/3739 943/3740 # Pine2_4
f 940/3741 937/3742 941/3743 944/3744 # Pine2_4
f 945/3745 946/3746 947/3747 948/3748 # Pine3_4
f 949/3749 950/3750 951/3751 952/3752 # Pine3_4
f 945/3753 946/3754 950/3755 949/3756 # Pine3_4
f 946/3757 947/3758 951/3759 950/3760 # Pine3_4
f 947/3761 948/3762 952/3763 951/3764 # Pine3_4
f 948/3765 945/3766 949/3767 952/3768 # Pine3_4
f 977/3769 978/3770 979/3771 980/3772 # Pine1_6
f 981/3773 982/3774 983/3775 984/3776 # Pine1_6
f 977/3777 978/3778 982/3779 981/3780 # Pine1_6
f 978/3781 979/3782 983/3783 982/3784 # Pine1_6
f 979/3785 980/3786 984/3787 983/3788 # Pine1_6
f 980/3789 977/3790 981/3791 984/3792 # Pine1_6
f 985/3793 986/3794 987/3795 988/3796 # Pine2_6
f 989/3797 990/3798 991/3799 992/3800 # Pine2_6
f 985/3801 986/3802 990/3803 989/3804 # Pine2_6
f 986/3805 987/3806 991/3807 990/3808 # Pine2_6
f 987/3809 988/3810 992/3811 991/3812 # Pine2_6
f 988/3813 985/3814 989/3815 992/3816 # Pine2_6
f 993/3817 994/3818 995/3819 996/3820 # Pine3_6
f 997/3821 998/3822 999/3823 1000/3824 # Pine3_6
f 993/3825 994/3826 998/3827 997/3828 # Pine3_6
f 994/3829 995/3830 999/3831 998/3832 # Pine3_6
f 995/3833 996/3834 1000/3835 999/3836 # Pine3_6
f 996/3837 993/3838 997/3839 1000/3840 # Pine3_6
f 1009/3841 1010/3842 1011/3843 1012/3844 # CanF7
f 1013/3845 1014/3846 1015/3847 1016/3848 # CanF7
f 1009/3849 1010/3850 1014/3851 1013/3852 # CanF7
f 1010/3853 1011/3854 1015/3855 1014/3856 # CanF7
f 1011/3857 1012/3858 1016/3859 1015/3860 # CanF7
f 1012/3861 1009/3862 1013/3863 1016/3864 # CanF7
f 1017/3865 1018/3866 1019/3867 1020/3868 # Can2F7
f 1021/3869 1022/3870 1023/3871 1024/3872 # Can2F7
f 1017/3873 1018/3874 1022/3875 1021/3876 # Can2F7
f 1018/3877 1019/3878 1023/3879 1022/3880 # Can2F7
f 1019/3881 1020/3882 1024/3883 1023/3884 # Can2F7
f 1020/3885 1017/3886 1021/3887 1024/3888 # Can2F7
f 1033/3889 1034/3890 1035/3891 1036/3892 # CanF8
f 1037/3893 1038/3894 1039/3895 1040/3896 # CanF8
f 1033/3897 1034/3898 1038/3899 1037/3900 # CanF8
f 1034/3901 1035/3902 1039/3903 1038/3904 # CanF8
f 1035/3905 1036/3906 1040/3907 1039/3908 # CanF8
f 1036/3909 1033/3910 1037/3911 1040/3912 # CanF8
f 1041/3913 1042/3914 1043/3915 1044/3916 # Can2F8
f 1045/3917 1046/3918 1047/3919 1048/3920 # Can2F8
f 1041/3921 1042/3922 1046/3923 1045/3924 # Can2F8
f 1042/3925 1043/3926 1047/3927 1046/3928 # Can2F8
f 1043/3929 1044/3930 1048/3931 1047/3932 # Can2F8
f 1044/3933 1041/3934 1045/3935 1048/3936 # Can2F8
f 1057/3937 1058/3938 1059/3939 1060/3940 # Pine1_9
f 1061/3941 1062/3942 1063/3943 1064/3944 # Pine1_9
f 1057/3945 1058/3946 1062/3947 1061/3948 # Pine1_9
f 1058/3949 1059/3950 1063/3951 1062/3952 # Pine1_9
f 1059/3953 1060/3954 1064/3955 1063/3956 # Pine1_9
f 1060/3957 1057/3958 1061/3959 1064/3960 # Pine1_9
f 1065/3961 1066/3962 1067/3963 1068/3964 # Pine2_9
f 1069/3965 1070/3966 1071/3967 1072/3968 # Pine2_9
f 1065/3969 1066/3970 1070/3971 1069/3972 # Pine2_9
f 1066/3973 1067/3974 1071/3975 1070/3976 # Pine2_9
f 1067/3977 1068/3978 1072/3979 1071/3980 # Pine2_9
f 1068/3981 1065/3982 1069/3983 1072/3984 # Pine2_9
f 1073/3985 1074/3986 1075/3987 1076/3988 # Pine3_9
f 1077/3989 1078/3990 1079/3991 1080/3992 # Pine3_9
f 1073/3993 1074/3994 1078/3995 1077/3996 # Pine3_9
f 1074/3997 1075/3998 1079/3999 1078/4000 # Pine3_9
f 1075/4001 1076/4002 1080/4003 1079/4004 # Pine3_9
f 1076/4005 1073/4006 1077/4007 1080/4008 # Pine3_9
f 1089/4009 1090/4010 1091/4011 1092/4012 # CanF10
f 1093/4013 1094/4014 1095/4015 1096/4016 # CanF10
f 1089/4017 1090/4018 1094/4019 1093/4020 # CanF10
f 1090/4021 1091/4022 1095/4023 1094/4024 # CanF10
f 1091/4025 1092/4026 1096/4027 1095/4028 # CanF10
f 1092/4029 1089/4030 1093/4031 1096/4032 # CanF10
f 1097/4033 1098/4034 1099/4035 1100/4036 # Can2F10
f 1101/4037 1102/4038 1103/4039 1104/4040 # Can2F10
f 1097/4041 1098/4042 1102/4043 1101/4044 # Can2F10
f 1098/4045 1099/4046 1103/4047 1102/4048 # Can2F10
f 1099/4049 1100/4050 1104/4051 1103/4052 # Can2F10
f 1100/4053 1097/4054 1101/4055 1104/4056 # Can2F10
f 1113/4057 1114/4058 1115/4059 1116/4060 # Pine1_11
f 1117/4061 1118/4062 1119/4063 1120/4064 # Pine1_11
f 1113/4065 1114/4066 1118/4067 1117/4068 # Pine1_11
f 1114/4069 1115/4070 1119/4071 1118/4072 # Pine1_11
f 1115/4073 1116/4074 1120/4075 1119/4076 # Pine1_11
f 1116/4077 1113/4078 1117/4079 1120/4080 # Pine1_11
f 1121/4081 1122/4082 1123/4083 1124/4084 # Pine2_11
f 1125/4085 1126/4086 1127/4087 1128/4088 # Pine2_11
f 1121/4089 1122/4090 1126/4091 1125/4092 # Pine2_11
f 1122/4093 1123/4094 1127/4095 1126/4096 # Pine2_11
f 1123/4097 1124/4098 1128/4099 1127/4100 # Pine2_11
f 1124/4101 1121/4102 1125/4103 1128/4104 # Pine2_11
f 1129/4105 1130/4106 1131/4107 1132/4108 # Pine3_11
f 1133/4109 1134/4110 1135/4111 1136/4112 # Pine3_11
f 1129/4113 1130/4114 1134/4115 1133/4116 # Pine3_11
f 1130/4117 1131/4118 1135/4119 1134/4120 # Pine3_11
f 1131/4121 1132/4122 1136/4123 1135/4124 # Pine3_11
f 1132/4125 1129/4126 1133/4127 1136/4128 # Pine3_11
f 1201/4129 1202/4130 1203/4131 1204/4132 # Bush0
f 1205/4133 1206/4134 1207/4135 1208/4136 # Bush0
f 1201/4137 1202/4138 1206/4139 1205/4140 # Bush0
f 1202/4141 1203/4142 1207/4143 1206/4144 # Bush0
f 1203/4145 1204/4146 1208/4147 1207/4148 # Bush0
f 1204/4149 1201/4150 1205/4151 1208/4152 # Bush0
f 1217/4153 1218/4154 1219/4155 1220/4156 # Bush1
f 1221/4157 1222/4158 1223/4159 1224/4160 # Bush1
f 1217/4161 1218/4162 1222/4163 1221/4164 # Bush1
f 1218/4165 1219/4166 1223/4167 1222/4168 # Bush1
f 1219/4169 1220/4170 1224/4171 1223/4172 # Bush1
f 1220/4173 1217/4174 1221/4175 1224/4176 # Bush1
f 1233/4177 1234/4178 1235/4179 1236/4180 # Bush2
f 1237/4181 1238/4182 1239/4183 1240/4184 # Bush2
f 1233/4185 1234/4186 1238/4187 1237/4188 # Bush2
f 1234/4189 1235/4190 1239/4191 1238/4192 # Bush2
f 1235/4193 1236/4194 1240/4195 1239/4196 # Bush2
f 1236/4197 1233/4198 1237/4199 1240/4200 # Bush2
f 1249/4201 1250/4202 1251/4203 1252/4204 # Bush3
f 1253/4205 1254/4206 1255/4207 1256/4208 # Bush3
f 1249/4209 1250/4210 1254/4211 1253/4212 # Bush3
f 1250/4213 1251/4214 1255/4215 1254/4216 # Bush3
f 1251/4217 1252/4218 1256/4219 1255/4220 # Bush3
f 1252/4221 1249/4222 1253/4223 1256/4224 # Bush3
f 1265/4225 1266/4226 1267/4227 1268/4228 # Bush4
f 1269/4229 1270/4230 1271/4231 1272/4232 # Bush4
f 1265/4233 1266/4234 1270/4235 1269/4236 # Bush4
f 1266/4237 1267/4238 1271/4239 1270/4240 # Bush4
f 1267/4241 1268/4242 1272/4243 1271/4244 # Bush4
f 1268/4245 1265/4246 1269/4247 1272/4248 # Bush4
f 1281/4249 1282/4250 1283/4251 1284/4252 # Bush5
f 1285/4253 1286/4254 1287/4255 1288/4256 # Bush5
f 1281/4257 1282/4258 1286/4259 1285/4260 # Bush5
f 1282/4261 1283/4262 1287/4263 1286/4264 # Bush5
f 1283/4265 1284/4266 1288/4267 1287/4268 # Bush5
f 1284/4269 1281/4270 1285/4271 1288/4272 # Bush5
f 1297/4273 1298/4274 1299/4275 1300/4276 # Bush6
f 1301/4277 1302/4278 1303/4279 1304/4280 # Bush6
f 1297/4281 1298/4282 1302/4283 1301/4284 # Bush6
f 1298/4285 1299/4286 1303/4287 1302/4288 # Bush6
f 1299/4289 1300/4290 1304/4291 1303/4292 # Bush6
f 1300/4293 1297/4294 1301/4295 1304/4296 # Bush6
f 1313/4297 1314/4298 1315/4299 1316/4300 # Bush7
f 1317/4301 1318/4302 1319/4303 1320/4304 # Bush7
f 1313/4305 1314/4306 1318/4307 1317/4308 # Bush7
f 1314/4309 1315/4310 1319/4311 1318/4312 # Bush7
f 1315/4313 1316/4314 1320/4315 1319/4316 # Bush7
f 1316/4317 1313/4318 1317/4319 1320/4320 # Bush7
f 1497/4321 1498/4322 1499/4323 1500/4324 # FloatLeaf
f 1501/4325 1502/4326 1503/4327 1504/4328 # FloatLeaf
f 1497/4329 1498/4330 1502/4331 1501/4332 # FloatLeaf
f 1498/4333 1499/4334 1503/4335 1502/4336 # FloatLeaf
f 1499/4337 1500/4338 1504/4339 1503/4340 # FloatLeaf
f 1500/4341 1497/4342 1501/4343 1504/4344 # FloatLeaf

o Crate
usemtl Crate
f 1329/4345 1330/4346 1331/4347 1332/4348 # Crate0
f 1333/4349 1334/4350 1335/4351 1336/4352 # Crate0
f 1329/4353 1330/4354 1334/4355 1333/4356 # Crate0
f 1330/4357 1331/4358 1335/4359 1334/4360 # Crate0
f 1331/4361 1332/4362 1336/4363 1335/4364 # Crate0
f 1332/4365 1329/4366 1333/4367 1336/4368 # Crate0
f 1337/4369 1338/4370 1339/4371 1340/4372 # Crate1
f 1341/4373 1342/4374 1343/4375 1344/4376 # Crate1
f 1337/4377 1338/4378 1342/4379 1341/4380 # Crate1
f 1338/4381 1339/4382 1343/4383 1342/4384 # Crate1
f 1339/4385 1340/4386 1344/4387 1343/4388 # Crate1
f 1340/4389 1337/4390 1341/4391 1344/4392 # Crate1
f 1345/4393 1346/4394 1347/4395 1348/4396 # Crate2
f 1349/4397 1350/4398 1351/4399 1352/4400 # Crate2
f 1345/4401 1346/4402 1350/4403 1349/4404 # Crate2
f 1346/4405 1347/4406 1351/4407 1350/4408 # Crate2
f 1347/4409 1348/4410 1352/4411 1351/4412 # Crate2
f 1348/4413 1345/4414 1349/4415 1352/4416 # Crate2
f 1353/4417 1354/4418 1355/4419 1356/4420 # Crate3
f 1357/4421 1358/4422 1359/4423 1360/4424 # Crate3
f 1353/4425 1354/4426 1358/4427 1357/4428 # Crate3
f 1354/4429 1355/4430 1359/4431 1358/4432 # Crate3
f 1355/4433 1356/4434 1360/4435 1359/4436 # Crate3
f 1356/4437 1353/4438 1357/4439 1360/4440 # Crate3
f 1361/4441 1362/4442 1363/4443 1364/4444 # Crate4
f 1365/4445 1366/4446 1367/4447 1368/4448 # Crate4
f 1361/4449 1362/4450 1366/4451 1365/4452 # Crate4
f 1362/4453 1363/4454 1367/4455 1366/4456 # Crate4
f 1363/4457 1364/4458 1368/4459 1367/4460 # Crate4
f 1364/4461 1361/4462 1365/4463 1368/4464 # Crate4
f 1369/4465 1370/4466 1371/4467 1372/4468 # Crate5
f 1373/4469 1374/4470 1375/4471 1376/4472 # Crate5
f 1369/4473 1370/4474 1374/4475 1373/4476 # Crate5
f 1370/4477 1371/4478 1375/4479 1374/4480 # Crate5
f 1371/4481 1372/4482 1376/4483 1375/4484 # Crate5
f 1372/4485 1369/4486 1373/4487 1376/4488 # Crate5
f 1377/4489 1378/4490 1379/4491 1380/4492 # Crate6
f 1381/4493 1382/4494 1383/4495 1384/4496 # Crate6
f 1377/4497 1378/4498 1382/4499 1381/4500 # Crate6
f 1378/4501 1379/4502 1383/4503 1382/4504 # Crate6
f 1379/4505 1380/4506 1384/4507 1383/4508 # Crate6
f 1380/4509 1377/4510 1381/4511 1384/4512 # Crate6
