# Village v1 500x500 Z-up, 536 boxes
mtllib low_poly_village.mtl
v -250.000 -250.000 -2.000
v 250.000 -250.000 -2.000
v 250.000 250.000 -2.000
v -250.000 250.000 -2.000
v -250.000 -250.000 0.000
v 250.000 -250.000 0.000
v 250.000 250.000 0.000
v -250.000 250.000 0.000
v -26.000 -26.000 -0.030
v 26.000 -26.000 -0.030
v 26.000 26.000 -0.030
v -26.000 26.000 -0.030
v -26.000 -26.000 0.270
v 26.000 -26.000 0.270
v 26.000 26.000 0.270
v -26.000 26.000 0.270
v -23.000 -23.000 0.240
v 23.000 -23.000 0.240
v 23.000 23.000 0.240
v -23.000 23.000 0.240
v -23.000 -23.000 0.360
v 23.000 -23.000 0.360
v 23.000 23.000 0.360
v -23.000 23.000 0.360
v -4.500 26.000 -0.060
v 4.500 26.000 -0.060
v 4.500 250.000 -0.060
v -4.500 250.000 -0.060
v -4.500 26.000 0.160
v 4.500 26.000 0.160
v 4.500 250.000 0.160
v -4.500 250.000 0.160
v -4.500 -250.000 -0.060
v 4.500 -250.000 -0.060
v 4.500 -26.000 -0.060
v -4.500 -26.000 -0.060
v -4.500 -250.000 0.160
v 4.500 -250.000 0.160
v 4.500 -26.000 0.160
v -4.500 -26.000 0.160
v 26.000 -4.500 -0.060
v 250.000 -4.500 -0.060
v 250.000 4.500 -0.060
v 26.000 4.500 -0.060
v 26.000 -4.500 0.160
v 250.000 -4.500 0.160
v 250.000 4.500 0.160
v 26.000 4.500 0.160
v -250.000 -4.500 -0.060
v -26.000 -4.500 -0.060
v -26.000 4.500 -0.060
v -250.000 4.500 -0.060
v -250.000 -4.500 0.160
v -26.000 -4.500 0.160
v -26.000 4.500 0.160
v -250.000 4.500 0.160
v -110.000 70.000 -0.030
v -50.000 70.000 -0.030
v -50.000 110.000 -0.030
v -110.000 110.000 -0.030
v -110.000 70.000 0.070
v -50.000 70.000 0.070
v -50.000 110.000 0.070
v -110.000 110.000 0.070
v 55.000 -105.000 -0.030
v 125.000 -105.000 -0.030
v 125.000 -55.000 -0.030
v 55.000 -55.000 -0.030
v 55.000 -105.000 0.070
v 125.000 -105.000 0.070
v 125.000 -55.000 0.070
v 55.000 -55.000 0.070
v -147.500 -112.500 -0.030
v -92.500 -112.500 -0.030
v -92.500 -67.500 -0.030
v -147.500 -67.500 -0.030
v -147.500 -112.500 0.070
v -92.500 -112.500 0.070
v -92.500 -67.500 0.070
v -147.500 -67.500 0.070
v 80.000 82.500 -0.030
v 140.000 82.500 -0.030
v 140.000 137.500 -0.030
v 80.000 137.500 -0.030
v 80.000 82.500 0.070
v 140.000 82.500 0.070
v 140.000 137.500 0.070
v 80.000 137.500 0.070
v -40.000 160.000 -0.030
v 40.000 160.000 -0.030
v 40.000 200.000 -0.030
v -40.000 200.000 -0.030
v -40.000 160.000 0.070
v 40.000 160.000 0.070
v 40.000 200.000 0.070
v -40.000 200.000 0.070
v -14.000 -12.000 0.000
v 14.000 -12.000 0.000
v 14.000 8.000 0.000
v -14.000 8.000 0.000
v -14.000 -12.000 4.000
v 14.000 -12.000 4.000
v 14.000 8.000 4.000
v -14.000 8.000 4.000
v -12.000 -10.500 3.900
v 12.000 -10.500 3.900
v 12.000 6.500 3.900
v -12.000 6.500 3.900
v -12.000 -10.500 8.100
v 12.000 -10.500 8.100
v 12.000 6.500 8.100
v -12.000 6.500 8.100
v -11.750 -10.450 3.900
v -11.250 -10.450 3.900
v -11.250 -9.950 3.900
v -11.750 -9.950 3.900
v -11.750 -10.450 8.100
v -11.250 -10.450 8.100
v -11.250 -9.950 8.100
v -11.750 -9.950 8.100
v -11.750 5.950 3.900
v -11.250 5.950 3.900
v -11.250 6.450 3.900
v -11.750 6.450 3.900
v -11.750 5.950 8.100
v -11.250 5.950 8.100
v -11.250 6.450 8.100
v -11.750 6.450 8.100
v 11.250 -10.450 3.900
v 11.750 -10.450 3.900
v 11.750 -9.950 3.900
v 11.250 -9.950 3.900
v 11.250 -10.450 8.100
v 11.750 -10.450 8.100
v 11.750 -9.950 8.100
v 11.250 -9.950 8.100
v 11.250 5.950 3.900
v 11.750 5.950 3.900
v 11.750 6.450 3.900
v 11.250 6.450 3.900
v 11.250 5.950 8.100
v 11.750 5.950 8.100
v 11.750 6.450 8.100
v 11.250 6.450 8.100
v -12.200 6.350 7.300
v 12.200 6.350 7.300
v 12.200 6.850 7.300
v -12.200 6.850 7.300
v -12.200 6.350 7.900
v 12.200 6.350 7.900
v 12.200 6.850 7.900
v -12.200 6.850 7.900
v -12.200 -10.850 7.300
v 12.200 -10.850 7.300
v 12.200 -10.350 7.300
v -12.200 -10.350 7.300
v -12.200 -10.850 7.900
v 12.200 -10.850 7.900
v 12.200 -10.350 7.900
v -12.200 -10.350 7.900
v -13.500 -12.000 8.000
v 13.500 -12.000 8.000
v 13.500 8.000 8.000
v -13.500 8.000 8.000
v -13.500 -12.000 9.200
v 13.500 -12.000 9.200
v 13.500 8.000 9.200
v -13.500 8.000 9.200
v -10.000 -9.250 9.100
v 10.000 -9.250 9.100
v 10.000 5.250 9.100
v -10.000 5.250 9.100
v -10.000 -9.250 10.300
v 10.000 -9.250 10.300
v 10.000 5.250 10.300
v -10.000 5.250 10.300
v -6.500 -6.500 10.200
v 6.500 -6.500 10.200
v 6.500 2.500 10.200
v -6.500 2.500 10.200
v -6.500 -6.500 11.400
v 6.500 -6.500 11.400
v 6.500 2.500 11.400
v -6.500 2.500 11.400
v -3.000 -4.000 11.350
v 3.000 -4.000 11.350
v 3.000 0.000 11.350
v -3.000 0.000 11.350
v -3.000 -4.000 12.050
v 3.000 -4.000 12.050
v 3.000 0.000 12.050
v -3.000 0.000 12.050
v -3.250 -5.250 11.500
v 3.250 -5.250 11.500
v 3.250 1.250 11.500
v -3.250 1.250 11.500
v -3.250 -5.250 17.500
v 3.250 -5.250 17.500
v 3.250 1.250 17.500
v -3.250 1.250 17.500
v -3.600 -5.600 17.400
v 3.600 -5.600 17.400
v 3.600 1.600 17.400
v -3.600 1.600 17.400
v -3.600 -5.600 18.000
v 3.600 -5.600 18.000
v 3.600 1.600 18.000
v -3.600 1.600 18.000
v -3.000 -5.000 18.000
v 3.000 -5.000 18.000
v 3.000 1.000 18.000
v -3.000 1.000 18.000
v -3.000 -5.000 19.200
v 3.000 -5.000 19.200
v 3.000 1.000 19.200
v -3.000 1.000 19.200
v -1.800 -3.800 19.000
v 1.800 -3.800 19.000
v 1.800 -0.200 19.000
v -1.800 -0.200 19.000
v -1.800 -3.800 20.200
v 1.800 -3.800 20.200
v 1.800 -0.200 20.200
v -1.800 -0.200 20.200
v -0.150 -2.150 20.000
v 0.150 -2.150 20.000
v 0.150 -1.850 20.000
v -0.150 -1.850 20.000
v -0.150 -2.150 22.400
v 0.150 -2.150 22.400
v 0.150 -1.850 22.400
v -0.150 -1.850 22.400
v 0.100 -2.075 21.400
v 2.500 -2.075 21.400
v 2.500 -1.925 21.400
v 0.100 -1.925 21.400
v 0.100 -2.075 22.600
v 2.500 -2.075 22.600
v 2.500 -1.925 22.600
v 0.100 -1.925 22.600
v -1.300 1.275 13.900
v 1.300 1.275 13.900
v 1.300 1.425 13.900
v -1.300 1.425 13.900
v -1.300 1.275 16.500
v 1.300 1.275 16.500
v 1.300 1.425 16.500
v -1.300 1.425 16.500
v -0.125 1.400 14.400
v 0.125 1.400 14.400
v 0.125 1.500 14.400
v -0.125 1.500 14.400
v -0.125 1.400 16.000
v 0.125 1.400 16.000
v 0.125 1.500 16.000
v -0.125 1.500 16.000
v 0.100 1.400 15.075
v 1.100 1.400 15.075
v 1.100 1.500 15.075
v 0.100 1.500 15.075
v 0.100 1.400 15.325
v 1.100 1.400 15.325
v 1.100 1.500 15.325
v 0.100 1.500 15.325
v -2.100 8.000 0.200
v -0.100 8.000 0.200
v -0.100 8.300 0.200
v -2.100 8.300 0.200
v -2.100 8.000 3.600
v -0.100 8.000 3.600
v -0.100 8.300 3.600
v -2.100 8.300 3.600
v 0.100 8.000 0.200
v 2.100 8.000 0.200
v 2.100 8.300 0.200
v 0.100 8.300 0.200
v 0.100 8.000 3.600
v 2.100 8.000 3.600
v 2.100 8.300 3.600
v 0.100 8.300 3.600
v -3.500 8.000 0.150
v 3.500 8.000 0.150
v 3.500 11.200 0.150
v -3.500 11.200 0.150
v -3.500 8.000 0.850
v 3.500 8.000 0.850
v 3.500 11.200 0.850
v -3.500 11.200 0.850
v -3.000 8.100 0.750
v 3.000 8.100 0.750
v 3.000 9.700 0.750
v -3.000 9.700 0.750
v -3.000 8.100 1.250
v 3.000 8.100 1.250
v 3.000 9.700 1.250
v -3.000 9.700 1.250
v -8.800 6.545 5.100
v -7.200 6.545 5.100
v -7.200 6.695 5.100
v -8.800 6.695 5.100
v -8.800 6.545 6.900
v -7.200 6.545 6.900
v -7.200 6.695 6.900
v -8.800 6.695 6.900
v -5.300 6.545 5.100
v -3.700 6.545 5.100
v -3.700 6.695 5.100
v -5.300 6.695 5.100
v -5.300 6.545 6.900
v -3.700 6.545 6.900
v -3.700 6.695 6.900
v -5.300 6.695 6.900
v 3.700 6.545 5.100
v 5.300 6.545 5.100
v 5.300 6.695 5.100
v 3.700 6.695 5.100
v 3.700 6.545 6.900
v 5.300 6.545 6.900
v 5.300 6.695 6.900
v 3.700 6.695 6.900
v 7.200 6.545 5.100
v 8.800 6.545 5.100
v 8.800 6.695 5.100
v 7.200 6.695 5.100
v 7.200 6.545 6.900
v 8.800 6.545 6.900
v 8.800 6.695 6.900
v 7.200 6.695 6.900
v -8.800 -10.695 5.100
v -7.200 -10.695 5.100
v -7.200 -10.545 5.100
v -8.800 -10.545 5.100
v -8.800 -10.695 6.900
v -7.200 -10.695 6.900
v -7.200 -10.545 6.900
v -8.800 -10.545 6.900
v -5.300 -10.695 5.100
v -3.700 -10.695 5.100
v -3.700 -10.545 5.100
v -5.300 -10.545 5.100
v -5.300 -10.695 6.900
v -3.700 -10.695 6.900
v -3.700 -10.545 6.900
v -5.300 -10.545 6.900
v 3.700 -10.695 5.100
v 5.300 -10.695 5.100
v 5.300 -10.545 5.100
v 3.700 -10.545 5.100
v 3.700 -10.695 6.900
v 5.300 -10.695 6.900
v 5.300 -10.545 6.900
v 3.700 -10.545 6.900
v 7.200 -10.695 5.100
v 8.800 -10.695 5.100
v 8.800 -10.545 5.100
v 7.200 -10.545 5.100
v 7.200 -10.695 6.900
v 8.800 -10.695 6.900
v 8.800 -10.545 6.900
v 7.200 -10.545 6.900
v -12.195 -8.800 5.100
v -12.045 -8.800 5.100
v -12.045 -7.200 5.100
v -12.195 -7.200 5.100
v -12.195 -8.800 6.900
v -12.045 -8.800 6.900
v -12.045 -7.200 6.900
v -12.195 -7.200 6.900
v 12.045 -8.800 5.100
v 12.195 -8.800 5.100
v 12.195 -7.200 5.100
v 12.045 -7.200 5.100
v 12.045 -8.800 6.900
v 12.195 -8.800 6.900
v 12.195 -7.200 6.900
v 12.045 -7.200 6.900
v -12.195 -0.800 5.100
v -12.045 -0.800 5.100
v -12.045 0.800 5.100
v -12.195 0.800 5.100
v -12.195 -0.800 6.900
v -12.045 -0.800 6.900
v -12.045 0.800 6.900
v -12.195 0.800 6.900
v 12.045 -0.800 5.100
v 12.195 -0.800 5.100
v 12.195 0.800 5.100
v 12.045 0.800 5.100
v 12.045 -0.800 6.900
v 12.195 -0.800 6.900
v 12.195 0.800 6.900
v 12.045 0.800 6.900
v -15.400 8.125 4.000
v -13.600 8.125 4.000
v -13.600 8.275 4.000
v -15.400 8.275 4.000
v -15.400 8.125 7.000
v -13.600 8.125 7.000
v -13.600 8.275 7.000
v -15.400 8.275 7.000
v -14.675 10.325 0.000
v -14.325 10.325 0.000
v -14.325 10.675 0.000
v -14.675 10.675 0.000
v -14.675 10.325 3.000
v -14.325 10.325 3.000
v -14.325 10.675 3.000
v -14.675 10.675 3.000
v -14.900 10.100 2.800
v -14.100 10.100 2.800
v -14.100 10.900 2.800
v -14.900 10.900 2.800
v -14.900 10.100 3.600
v -14.100 10.100 3.600
v -14.100 10.900 3.600
v -14.900 10.900 3.600
v 13.600 8.125 4.000
v 15.400 8.125 4.000
v 15.400 8.275 4.000
v 13.600 8.275 4.000
v 13.600 8.125 7.000
v 15.400 8.125 7.000
v 15.400 8.275 7.000
v 13.600 8.275 7.000
v 14.325 10.325 0.000
v 14.675 10.325 0.000
v 14.675 10.675 0.000
v 14.325 10.675 0.000
v 14.325 10.325 3.000
v 14.675 10.325 3.000
v 14.675 10.675 3.000
v 14.325 10.675 3.000
v 14.100 10.100 2.800
v 14.900 10.100 2.800
v 14.900 10.900 2.800
v 14.100 10.900 2.800
v 14.100 10.100 3.600
v 14.900 10.100 3.600
v 14.900 10.900 3.600
v 14.100 10.900 3.600
v -3.500 -22.500 0.300
v 3.500 -22.500 0.300
v 3.500 -15.500 0.300
v -3.500 -15.500 0.300
v -3.500 -22.500 1.300
v 3.500 -22.500 1.300
v 3.500 -15.500 1.300
v -3.500 -15.500 1.300
v -3.000 -22.000 1.250
v 3.000 -22.000 1.250
v 3.000 -16.000 1.250
v -3.000 -16.000 1.250
v -3.000 -22.000 1.450
v 3.000 -22.000 1.450
v 3.000 -16.000 1.450
v -3.000 -16.000 1.450
v -0.600 -19.600 1.300
v 0.600 -19.600 1.300
v 0.600 -18.400 1.300
v -0.600 -18.400 1.300
v -0.600 -19.600 3.100
v 0.600 -19.600 3.100
v 0.600 -18.400 3.100
v -0.600 -18.400 3.100
v -1.500 -20.500 3.000
v 1.500 -20.500 3.000
v 1.500 -17.500 3.000
v -1.500 -17.500 3.000
v -1.500 -20.500 3.400
v 1.500 -20.500 3.400
v 1.500 -17.500 3.400
v -1.500 -17.500 3.400
v -0.250 -19.250 3.400
v 0.250 -19.250 3.400
v 0.250 -18.750 3.400
v -0.250 -18.750 3.400
v -0.250 -19.250 4.400
v 0.250 -19.250 4.400
v 0.250 -18.750 4.400
v -0.250 -18.750 4.400
v -6.200 -19.450 0.625
v -3.800 -19.450 0.625
v -3.800 -18.550 0.625
v -6.200 -18.550 0.625
v -6.200 -19.450 0.875
v -3.800 -19.450 0.875
v -3.800 -18.550 0.875
v -6.200 -18.550 0.875
v -6.200 -19.450 0.625
v -3.800 -19.450 0.625
v -3.800 -18.550 0.625
v -6.200 -18.550 0.625
v -6.200 -19.450 0.875
v -3.800 -19.450 0.875
v -3.800 -18.550 0.875
v -6.200 -18.550 0.875
v 3.800 -19.450 0.625
v 6.200 -19.450 0.625
v 6.200 -18.550 0.625
v 3.800 -18.550 0.625
v 3.800 -19.450 0.875
v 6.200 -19.450 0.875
v 6.200 -18.550 0.875
v 3.800 -18.550 0.875
v 3.800 -19.450 0.625
v 6.200 -19.450 0.625
v 6.200 -18.550 0.625
v 3.800 -18.550 0.625
v 3.800 -19.450 0.875
v 6.200 -19.450 0.875
v 6.200 -18.550 0.875
v 3.800 -18.550 0.875
v -1.200 -14.450 0.625
v 1.200 -14.450 0.625
v 1.200 -13.550 0.625
v -1.200 -13.550 0.625
v -1.200 -14.450 0.875
v 1.200 -14.450 0.875
v 1.200 -13.550 0.875
v -1.200 -13.550 0.875
v -1.200 -15.100 0.625
v 1.200 -15.100 0.625
v 1.200 -14.200 0.625
v -1.200 -14.200 0.625
v -1.200 -15.100 0.875
v 1.200 -15.100 0.875
v 1.200 -14.200 0.875
v -1.200 -14.200 0.875
v -1.200 -24.450 0.625
v 1.200 -24.450 0.625
v 1.200 -23.550 0.625
v -1.200 -23.550 0.625
v -1.200 -24.450 0.875
v 1.200 -24.450 0.875
v 1.200 -23.550 0.875
v -1.200 -23.550 0.875
v -1.200 -24.450 0.625
v 1.200 -24.450 0.625
v 1.200 -23.550 0.625
v -1.200 -23.550 0.625
v -1.200 -24.450 0.875
v 1.200 -24.450 0.875
v 1.200 -23.550 0.875
v -1.200 -23.550 0.875
v -20.100 14.900 0.500
v -15.900 14.900 0.500
v -15.900 17.100 0.500
v -20.100 17.100 0.500
v -20.100 14.900 1.500
v -15.900 14.900 1.500
v -15.900 17.100 1.500
v -20.100 17.100 1.500
v -20.200 14.800 1.525
v -15.800 14.800 1.525
v -15.800 17.200 1.525
v -20.200 17.200 1.525
v -20.200 14.800 1.675
v -15.800 14.800 1.675
v -15.800 17.200 1.675
v -20.200 17.200 1.675
v -20.025 14.875 1.000
v -19.775 14.875 1.000
v -19.775 15.125 1.000
v -20.025 15.125 1.000
v -20.025 14.875 3.400
v -19.775 14.875 3.400
v -19.775 15.125 3.400
v -20.025 15.125 3.400
v -16.225 14.875 1.000
v -15.975 14.875 1.000
v -15.975 15.125 1.000
v -16.225 15.125 1.000
v -16.225 14.875 3.400
v -15.975 14.875 3.400
v -15.975 15.125 3.400
v -16.225 15.125 3.400
v -20.025 16.875 1.000
v -19.775 16.875 1.000
v -19.775 17.125 1.000
v -20.025 17.125 1.000
v -20.025 16.875 3.400
v -19.775 16.875 3.400
v -19.775 17.125 3.400
v -20.025 17.125 3.400
v -16.225 16.875 1.000
v -15.975 16.875 1.000
v -15.975 17.125 1.000
v -16.225 17.125 1.000
v -16.225 16.875 3.400
v -15.975 16.875 3.400
v -15.975 17.125 3.400
v -16.225 17.125 3.400
v -20.200 14.500 3.490
v -19.320 14.500 3.490
v -19.320 17.500 3.490
v -20.200 17.500 3.490
v -20.200 14.500 3.610
v -19.320 14.500 3.610
v -19.320 17.500 3.610
v -20.200 17.500 3.610
v -19.320 14.500 3.490
v -18.440 14.500 3.490
v -18.440 17.500 3.490
v -19.320 17.500 3.490
v -19.320 14.500 3.610
v -18.440 14.500 3.610
v -18.440 17.500 3.610
v -19.320 17.500 3.610
v -18.440 14.500 3.490
v -17.560 14.500 3.490
v -17.560 17.500 3.490
v -18.440 17.500 3.490
v -18.440 14.500 3.610
v -17.560 14.500 3.610
v -17.560 17.500 3.610
v -18.440 17.500 3.610
v -17.560 14.500 3.490
v -16.680 14.500 3.490
v -16.680 17.500 3.490
v -17.560 17.500 3.490
v -17.560 14.500 3.610
v -16.680 14.500 3.610
v -16.680 17.500 3.610
v -17.560 17.500 3.610
v -16.680 14.500 3.490
v -15.800 14.500 3.490
v -15.800 17.500 3.490
v -16.680 17.500 3.490
v -16.680 14.500 3.610
v -15.800 14.500 3.610
v -15.800 17.500 3.610
v -16.680 17.500 3.610
v -15.400 15.400 0.000
v -14.200 15.400 0.000
v -14.200 16.600 0.000
v -15.400 16.600 0.000
v -15.400 15.400 1.200
v -14.200 15.400 1.200
v -14.200 16.600 1.200
v -15.400 16.600 1.200
v -8.100 14.900 0.500
v -3.900 14.900 0.500
v -3.900 17.100 0.500
v -8.100 17.100 0.500
v -8.100 14.900 1.500
v -3.900 14.900 1.500
v -3.900 17.100 1.500
v -8.100 17.100 1.500
v -8.200 14.800 1.525
v -3.800 14.800 1.525
v -3.800 17.200 1.525
v -8.200 17.200 1.525
v -8.200 14.800 1.675
v -3.800 14.800 1.675
v -3.800 17.200 1.675
v -8.200 17.200 1.675
v -8.025 14.875 1.000
v -7.775 14.875 1.000
v -7.775 15.125 1.000
v -8.025 15.125 1.000
v -8.025 14.875 3.400
v -7.775 14.875 3.400
v -7.775 15.125 3.400
v -8.025 15.125 3.400
v -4.225 14.875 1.000
v -3.975 14.875 1.000
v -3.975 15.125 1.000
v -4.225 15.125 1.000
v -4.225 14.875 3.400
v -3.975 14.875 3.400
v -3.975 15.125 3.400
v -4.225 15.125 3.400
v -8.025 16.875 1.000
v -7.775 16.875 1.000
v -7.775 17.125 1.000
v -8.025 17.125 1.000
v -8.025 16.875 3.400
v -7.775 16.875 3.400
v -7.775 17.125 3.400
v -8.025 17.125 3.400
v -4.225 16.875 1.000
v -3.975 16.875 1.000
v -3.975 17.125 1.000
v -4.225 17.125 1.000
v -4.225 16.875 3.400
v -3.975 16.875 3.400
v -3.975 17.125 3.400
v -4.225 17.125 3.400
v -8.200 14.500 3.490
v -7.320 14.500 3.490
v -7.320 17.500 3.490
v -8.200 17.500 3.490
v -8.200 14.500 3.610
v -7.320 14.500 3.610
v -7.320 17.500 3.610
v -8.200 17.500 3.610
v -7.320 14.500 3.490
v -6.440 14.500 3.490
v -6.440 17.500 3.490
v -7.320 17.500 3.490
v -7.320 14.500 3.610
v -6.440 14.500 3.610
v -6.440 17.500 3.610
v -7.320 17.500 3.610
v -6.440 14.500 3.490
v -5.560 14.500 3.490
v -5.560 17.500 3.490
v -6.440 17.500 3.490
v -6.440 14.500 3.610
v -5.560 14.500 3.610
v -5.560 17.500 3.610
v -6.440 17.500 3.610
v -5.560 14.500 3.490
v -4.680 14.500 3.490
v -4.680 17.500 3.490
v -5.560 17.500 3.490
v -5.560 14.500 3.610
v -4.680 14.500 3.610
v -4.680 17.500 3.610
v -5.560 17.500 3.610
v -4.680 14.500 3.490
v -3.800 14.500 3.490
v -3.800 17.500 3.490
v -4.680 17.500 3.490
v -4.680 14.500 3.610
v -3.800 14.500 3.610
v -3.800 17.500 3.610
v -4.680 17.500 3.610
v -3.400 15.400 0.000
v -2.200 15.400 0.000
v -2.200 16.600 0.000
v -3.400 16.600 0.000
v -3.400 15.400 1.200
v -2.200 15.400 1.200
v -2.200 16.600 1.200
v -3.400 16.600 1.200
v 3.900 14.900 0.500
v 8.100 14.900 0.500
v 8.100 17.100 0.500
v 3.900 17.100 0.500
v 3.900 14.900 1.500
v 8.100 14.900 1.500
v 8.100 17.100 1.500
v 3.900 17.100 1.500
v 3.800 14.800 1.525
v 8.200 14.800 1.525
v 8.200 17.200 1.525
v 3.800 17.200 1.525
v 3.800 14.800 1.675
v 8.200 14.800 1.675
v 8.200 17.200 1.675
v 3.800 17.200 1.675
v 3.975 14.875 1.000
v 4.225 14.875 1.000
v 4.225 15.125 1.000
v 3.975 15.125 1.000
v 3.975 14.875 3.400
v 4.225 14.875 3.400
v 4.225 15.125 3.400
v 3.975 15.125 3.400
v 7.775 14.875 1.000
v 8.025 14.875 1.000
v 8.025 15.125 1.000
v 7.775 15.125 1.000
v 7.775 14.875 3.400
v 8.025 14.875 3.400
v 8.025 15.125 3.400
v 7.775 15.125 3.400
v 3.975 16.875 1.000
v 4.225 16.875 1.000
v 4.225 17.125 1.000
v 3.975 17.125 1.000
v 3.975 16.875 3.400
v 4.225 16.875 3.400
v 4.225 17.125 3.400
v 3.975 17.125 3.400
v 7.775 16.875 1.000
v 8.025 16.875 1.000
v 8.025 17.125 1.000
v 7.775 17.125 1.000
v 7.775 16.875 3.400
v 8.025 16.875 3.400
v 8.025 17.125 3.400
v 7.775 17.125 3.400
v 3.800 14.500 3.490
v 4.680 14.500 3.490
v 4.680 17.500 3.490
v 3.800 17.500 3.490
v 3.800 14.500 3.610
v 4.680 14.500 3.610
v 4.680 17.500 3.610
v 3.800 17.500 3.610
v 4.680 14.500 3.490
v 5.560 14.500 3.490
v 5.560 17.500 3.490
v 4.680 17.500 3.490
v 4.680 14.500 3.610
v 5.560 14.500 3.610
v 5.560 17.500 3.610
v 4.680 17.500 3.610
v 5.560 14.500 3.490
v 6.440 14.500 3.490
v 6.440 17.500 3.490
v 5.560 17.500 3.490
v 5.560 14.500 3.610
v 6.440 14.500 3.610
v 6.440 17.500 3.610
v 5.560 17.500 3.610
v 6.440 14.500 3.490
v 7.320 14.500 3.490
v 7.320 17.500 3.490
v 6.440 17.500 3.490
v 6.440 14.500 3.610
v 7.320 14.500 3.610
v 7.320 17.500 3.610
v 6.440 17.500 3.610
v 7.320 14.500 3.490
v 8.200 14.500 3.490
v 8.200 17.500 3.490
v 7.320 17.500 3.490
v 7.320 14.500 3.610
v 8.200 14.500 3.610
v 8.200 17.500 3.610
v 7.320 17.500 3.610
v 8.600 15.400 0.000
v 9.800 15.400 0.000
v 9.800 16.600 0.000
v 8.600 16.600 0.000
v 8.600 15.400 1.200
v 9.800 15.400 1.200
v 9.800 16.600 1.200
v 8.600 16.600 1.200
v 15.900 14.900 0.500
v 20.100 14.900 0.500
v 20.100 17.100 0.500
v 15.900 17.100 0.500
v 15.900 14.900 1.500
v 20.100 14.900 1.500
v 20.100 17.100 1.500
v 15.900 17.100 1.500
v 15.800 14.800 1.525
v 20.200 14.800 1.525
v 20.200 17.200 1.525
v 15.800 17.200 1.525
v 15.800 14.800 1.675
v 20.200 14.800 1.675
v 20.200 17.200 1.675
v 15.800 17.200 1.675
v 15.975 14.875 1.000
v 16.225 14.875 1.000
v 16.225 15.125 1.000
v 15.975 15.125 1.000
v 15.975 14.875 3.400
v 16.225 14.875 3.400
v 16.225 15.125 3.400
v 15.975 15.125 3.400
v 19.775 14.875 1.000
v 20.025 14.875 1.000
v 20.025 15.125 1.000
v 19.775 15.125 1.000
v 19.775 14.875 3.400
v 20.025 14.875 3.400
v 20.025 15.125 3.400
v 19.775 15.125 3.400
v 15.975 16.875 1.000
v 16.225 16.875 1.000
v 16.225 17.125 1.000
v 15.975 17.125 1.000
v 15.975 16.875 3.400
v 16.225 16.875 3.400
v 16.225 17.125 3.400
v 15.975 17.125 3.400
v 19.775 16.875 1.000
v 20.025 16.875 1.000
v 20.025 17.125 1.000
v 19.775 17.125 1.000
v 19.775 16.875 3.400
v 20.025 16.875 3.400
v 20.025 17.125 3.400
v 19.775 17.125 3.400
v 15.800 14.500 3.490
v 16.680 14.500 3.490
v 16.680 17.500 3.490
v 15.800 17.500 3.490
v 15.800 14.500 3.610
v 16.680 14.500 3.610
v 16.680 17.500 3.610
v 15.800 17.500 3.610
v 16.680 14.500 3.490
v 17.560 14.500 3.490
v 17.560 17.500 3.490
v 16.680 17.500 3.490
v 16.680 14.500 3.610
v 17.560 14.500 3.610
v 17.560 17.500 3.610
v 16.680 17.500 3.610
v 17.560 14.500 3.490
v 18.440 14.500 3.490
v 18.440 17.500 3.490
v 17.560 17.500 3.490
v 17.560 14.500 3.610
v 18.440 14.500 3.610
v 18.440 17.500 3.610
v 17.560 17.500 3.610
v 18.440 14.500 3.490
v 19.320 14.500 3.490
v 19.320 17.500 3.490
v 18.440 17.500 3.490
v 18.440 14.500 3.610
v 19.320 14.500 3.610
v 19.320 17.500 3.610
v 18.440 17.500 3.610
v 19.320 14.500 3.490
v 20.200 14.500 3.490
v 20.200 17.500 3.490
v 19.320 17.500 3.490
v 19.320 14.500 3.610
v 20.200 14.500 3.610
v 20.200 17.500 3.610
v 19.320 17.500 3.610
v 20.600 15.400 0.000
v 21.800 15.400 0.000
v 21.800 16.600 0.000
v 20.600 16.600 0.000
v 20.600 15.400 1.200
v 21.800 15.400 1.200
v 21.800 16.600 1.200
v 20.600 16.600 1.200
v -46.800 74.200 0.000
v -37.200 74.200 0.000
v -37.200 81.800 0.000
v -46.800 81.800 0.000
v -46.800 74.200 0.700
v -37.200 74.200 0.700
v -37.200 81.800 0.700
v -46.800 81.800 0.700
v -46.500 74.500 0.700
v -37.500 74.500 0.700
v -37.500 81.500 0.700
v -46.500 81.500 0.700
v -46.500 74.500 3.900
v -37.500 74.500 3.900
v -37.500 81.500 3.900
v -46.500 81.500 3.900
v -42.800 74.275 0.300
v -41.200 74.275 0.300
v -41.200 74.525 0.300
v -42.800 74.525 0.300
v -42.800 74.275 2.800
v -41.200 74.275 2.800
v -41.200 74.525 2.800
v -42.800 74.525 2.800
v -43.200 72.400 0.000
v -40.800 72.400 0.000
v -40.800 74.800 0.000
v -43.200 74.800 0.000
v -43.200 72.400 0.400
v -40.800 72.400 0.400
v -40.800 74.800 0.400
v -43.200 74.800 0.400
v -40.080 74.365 1.810
v -38.880 74.365 1.810
v -38.880 74.515 1.810
v -40.080 74.515 1.810
v -40.080 74.365 3.110
v -38.880 74.365 3.110
v -38.880 74.515 3.110
v -40.080 74.515 3.110
v -37.515 77.400 1.810
v -37.365 77.400 1.810
v -37.365 78.600 1.810
v -37.515 78.600 1.810
v -37.515 77.400 3.110
v -37.365 77.400 3.110
v -37.365 78.600 3.110
v -37.515 78.600 3.110
v -45.120 74.365 1.810
v -43.920 74.365 1.810
v -43.920 74.515 1.810
v -45.120 74.515 1.810
v -45.120 74.365 3.110
v -43.920 74.365 3.110
v -43.920 74.515 3.110
v -45.120 74.515 3.110
v -46.635 77.400 1.810
v -46.485 77.400 1.810
v -46.485 78.600 1.810
v -46.635 78.600 1.810
v -46.635 77.400 3.110
v -46.485 77.400 3.110
v -46.485 78.600 3.110
v -46.635 78.600 3.110
v -37.700 81.300 0.700
v -37.300 81.300 0.700
v -37.300 81.700 0.700
v -37.700 81.700 0.700
v -37.700 81.300 3.900
v -37.300 81.300 3.900
v -37.300 81.700 3.900
v -37.700 81.700 3.900
v -37.700 74.300 0.700
v -37.300 74.300 0.700
v -37.300 74.700 0.700
v -37.700 74.700 0.700
v -37.700 74.300 3.900
v -37.300 74.300 3.900
v -37.300 74.700 3.900
v -37.700 74.700 3.900
v -46.700 81.300 0.700
v -46.300 81.300 0.700
v -46.300 81.700 0.700
v -46.700 81.700 0.700
v -46.700 81.300 3.900
v -46.300 81.300 3.900
v -46.300 81.700 3.900
v -46.700 81.700 3.900
v -46.700 74.300 0.700
v -46.300 74.300 0.700
v -46.300 74.700 0.700
v -46.700 74.700 0.700
v -46.700 74.300 3.900
v -46.300 74.300 3.900
v -46.300 74.700 3.900
v -46.700 74.700 3.900
v -47.000 74.000 3.900
v -37.000 74.000 3.900
v -37.000 82.000 3.900
v -47.000 82.000 3.900
v -47.000 74.000 4.600
v -37.000 74.000 4.600
v -37.000 82.000 4.600
v -47.000 82.000 4.600
v -45.060 75.620 4.600
v -38.940 75.620 4.600
v -38.940 80.380 4.600
v -45.060 80.380 4.600
v -45.060 75.620 5.300
v -38.940 75.620 5.300
v -38.940 80.380 5.300
v -45.060 80.380 5.300
v -43.800 76.600 5.300
v -40.200 76.600 5.300
v -40.200 79.400 5.300
v -43.800 79.400 5.300
v -43.800 76.600 5.900
v -40.200 76.600 5.900
v -40.200 79.400 5.900
v -43.800 79.400 5.900
v -44.700 78.600 4.400
v -43.800 78.600 4.400
v -43.800 79.500 4.400
v -44.700 79.500 4.400
v -44.700 78.600 6.600
v -43.800 78.600 6.600
v -43.800 79.500 6.600
v -44.700 79.500 6.600
v 38.700 75.700 0.000
v 49.300 75.700 0.000
v 49.300 84.300 0.000
v 38.700 84.300 0.000
v 38.700 75.700 0.700
v 49.300 75.700 0.700
v 49.300 84.300 0.700
v 38.700 84.300 0.700
v 39.000 76.000 0.700
v 49.000 76.000 0.700
v 49.000 84.000 0.700
v 39.000 84.000 0.700
v 39.000 76.000 4.100
v 49.000 76.000 4.100
v 49.000 84.000 4.100
v 39.000 84.000 4.100
v 43.200 75.775 0.300
v 44.800 75.775 0.300
v 44.800 76.025 0.300
v 43.200 76.025 0.300
v 43.200 75.775 2.800
v 44.800 75.775 2.800
v 44.800 76.025 2.800
v 43.200 76.025 2.800
v 42.800 73.900 0.000
v 45.200 73.900 0.000
v 45.200 76.300 0.000
v 42.800 76.300 0.000
v 42.800 73.900 0.400
v 45.200 73.900 0.400
v 45.200 76.300 0.400
v 42.800 76.300 0.400
v 46.200 75.865 1.920
v 47.400 75.865 1.920
v 47.400 76.015 1.920
v 46.200 76.015 1.920
v 46.200 75.865 3.220
v 47.400 75.865 3.220
v 47.400 76.015 3.220
v 46.200 76.015 3.220
v 48.985 79.400 1.920
v 49.135 79.400 1.920
v 49.135 80.600 1.920
v 48.985 80.600 1.920
v 48.985 79.400 3.220
v 49.135 79.400 3.220
v 49.135 80.600 3.220
v 48.985 80.600 3.220
v 40.600 75.865 1.920
v 41.800 75.865 1.920
v 41.800 76.015 1.920
v 40.600 76.015 1.920
v 40.600 75.865 3.220
v 41.800 75.865 3.220
v 41.800 76.015 3.220
v 40.600 76.015 3.220
v 38.865 79.400 1.920
v 39.015 79.400 1.920
v 39.015 80.600 1.920
v 38.865 80.600 1.920
v 38.865 79.400 3.220
v 39.015 79.400 3.220
v 39.015 80.600 3.220
v 38.865 80.600 3.220
v 48.800 83.800 0.700
v 49.200 83.800 0.700
v 49.200 84.200 0.700
v 48.800 84.200 0.700
v 48.800 83.800 4.100
v 49.200 83.800 4.100
v 49.200 84.200 4.100
v 48.800 84.200 4.100
v 48.800 75.800 0.700
v 49.200 75.800 0.700
v 49.200 76.200 0.700
v 48.800 76.200 0.700
v 48.800 75.800 4.100
v 49.200 75.800 4.100
v 49.200 76.200 4.100
v 48.800 76.200 4.100
v 38.800 83.800 0.700
v 39.200 83.800 0.700
v 39.200 84.200 0.700
v 38.800 84.200 0.700
v 38.800 83.800 4.100
v 39.200 83.800 4.100
v 39.200 84.200 4.100
v 38.800 84.200 4.100
v 38.800 75.800 0.700
v 39.200 75.800 0.700
v 39.200 76.200 0.700
v 38.800 76.200 0.700
v 38.800 75.800 4.100
v 39.200 75.800 4.100
v 39.200 76.200 4.100
v 38.800 76.200 4.100
v 38.500 75.500 4.100
v 49.500 75.500 4.100
v 49.500 84.500 4.100
v 38.500 84.500 4.100
v 38.500 75.500 4.800
v 49.500 75.500 4.800
v 49.500 84.500 4.800
v 38.500 84.500 4.800
v 40.600 77.280 4.800
v 47.400 77.280 4.800
v 47.400 82.720 4.800
v 40.600 82.720 4.800
v 40.600 77.280 5.500
v 47.400 77.280 5.500
v 47.400 82.720 5.500
v 40.600 82.720 5.500
v 42.000 78.400 5.500
v 46.000 78.400 5.500
v 46.000 81.600 5.500
v 42.000 81.600 5.500
v 42.000 78.400 6.100
v 46.000 78.400 6.100
v 46.000 81.600 6.100
v 42.000 81.600 6.100
v 41.050 80.750 4.600
v 41.950 80.750 4.600
v 41.950 81.650 4.600
v 41.050 81.650 4.600
v 41.050 80.750 6.800
v 41.950 80.750 6.800
v 41.950 81.650 6.800
v 41.050 81.650 6.800
v 45.000 74.740 2.840
v 46.000 74.740 2.840
v 46.000 74.860 2.840
v 45.000 74.860 2.840
v 45.000 74.740 2.960
v 46.000 74.740 2.960
v 46.000 74.860 2.960
v 45.000 74.860 2.960
v 44.000 74.740 2.840
v 45.000 74.740 2.840
v 45.000 74.860 2.840
v 44.000 74.860 2.840
v 44.000 74.740 2.960
v 45.000 74.740 2.960
v 45.000 74.860 2.960
v 44.000 74.860 2.960
v 43.000 74.740 2.840
v 44.000 74.740 2.840
v 44.000 74.860 2.840
v 43.000 74.860 2.840
v 43.000 74.740 2.960
v 44.000 74.740 2.960
v 44.000 74.860 2.960
v 43.000 74.860 2.960
v 42.000 74.740 2.840
v 43.000 74.740 2.840
v 43.000 74.860 2.840
v 42.000 74.860 2.840
v 42.000 74.740 2.960
v 43.000 74.740 2.960
v 43.000 74.860 2.960
v 42.000 74.860 2.960
v -48.800 -81.800 0.000
v -39.200 -81.800 0.000
v -39.200 -74.200 0.000
v -48.800 -74.200 0.000
v -48.800 -81.800 0.700
v -39.200 -81.800 0.700
v -39.200 -74.200 0.700
v -48.800 -74.200 0.700
v -48.500 -81.500 0.700
v -39.500 -81.500 0.700
v -39.500 -74.500 0.700
v -48.500 -74.500 0.700
v -48.500 -81.500 3.900
v -39.500 -81.500 3.900
v -39.500 -74.500 3.900
v -48.500 -74.500 3.900
v -44.800 -74.525 0.300
v -43.200 -74.525 0.300
v -43.200 -74.275 0.300
v -44.800 -74.275 0.300
v -44.800 -74.525 2.800
v -43.200 -74.525 2.800
v -43.200 -74.275 2.800
v -44.800 -74.275 2.800
v -45.200 -74.800 0.000
v -42.800 -74.800 0.000
v -42.800 -72.400 0.000
v -45.200 -72.400 0.000
v -45.200 -74.800 0.400
v -42.800 -74.800 0.400
v -42.800 -72.400 0.400
v -45.200 -72.400 0.400
v -47.120 -74.515 1.810
v -45.920 -74.515 1.810
v -45.920 -74.365 1.810
v -47.120 -74.365 1.810
v -47.120 -74.515 3.110
v -45.920 -74.515 3.110
v -45.920 -74.365 3.110
v -47.120 -74.365 3.110
v -48.635 -78.600 1.810
v -48.485 -78.600 1.810
v -48.485 -77.400 1.810
v -48.635 -77.400 1.810
v -48.635 -78.600 3.110
v -48.485 -78.600 3.110
v -48.485 -77.400 3.110
v -48.635 -77.400 3.110
v -42.080 -74.515 1.810
v -40.880 -74.515 1.810
v -40.880 -74.365 1.810
v -42.080 -74.365 1.810
v -42.080 -74.515 3.110
v -40.880 -74.515 3.110
v -40.880 -74.365 3.110
v -42.080 -74.365 3.110
v -39.515 -78.600 1.810
v -39.365 -78.600 1.810
v -39.365 -77.400 1.810
v -39.515 -77.400 1.810
v -39.515 -78.600 3.110
v -39.365 -78.600 3.110
v -39.365 -77.400 3.110
v -39.515 -77.400 3.110
v -48.700 -81.700 0.700
v -48.300 -81.700 0.700
v -48.300 -81.300 0.700
v -48.700 -81.300 0.700
v -48.700 -81.700 3.900
v -48.300 -81.700 3.900
v -48.300 -81.300 3.900
v -48.700 -81.300 3.900
v -48.700 -74.700 0.700
v -48.300 -74.700 0.700
v -48.300 -74.300 0.700
v -48.700 -74.300 0.700
v -48.700 -74.700 3.900
v -48.300 -74.700 3.900
v -48.300 -74.300 3.900
v -48.700 -74.300 3.900
v -39.700 -81.700 0.700
v -39.300 -81.700 0.700
v -39.300 -81.300 0.700
v -39.700 -81.300 0.700
v -39.700 -81.700 3.900
v -39.300 -81.700 3.900
v -39.300 -81.300 3.900
v -39.700 -81.300 3.900
v -39.700 -74.700 0.700
v -39.300 -74.700 0.700
v -39.300 -74.300 0.700
v -39.700 -74.300 0.700
v -39.700 -74.700 3.900
v -39.300 -74.700 3.900
v -39.300 -74.300 3.900
v -39.700 -74.300 3.900
v -49.000 -82.000 3.900
v -39.000 -82.000 3.900
v -39.000 -74.000 3.900
v -49.000 -74.000 3.900
v -49.000 -82.000 4.600
v -39.000 -82.000 4.600
v -39.000 -74.000 4.600
v -49.000 -74.000 4.600
v -47.060 -80.380 4.600
v -40.940 -80.380 4.600
v -40.940 -75.620 4.600
v -47.060 -75.620 4.600
v -47.060 -80.380 5.300
v -40.940 -80.380 5.300
v -40.940 -75.620 5.300
v -47.060 -75.620 5.300
v -45.800 -79.400 5.300
v -42.200 -79.400 5.300
v -42.200 -76.600 5.300
v -45.800 -76.600 5.300
v -45.800 -79.400 5.900
v -42.200 -79.400 5.900
v -42.200 -76.600 5.900
v -45.800 -76.600 5.900
v -42.200 -79.500 4.400
v -41.300 -79.500 4.400
v -41.300 -78.600 4.400
v -42.200 -78.600 4.400
v -42.200 -79.500 6.600
v -41.300 -79.500 6.600
v -41.300 -78.600 6.600
v -42.200 -78.600 6.600
v 40.200 -84.300 0.000
v 51.800 -84.300 0.000
v 51.800 -75.700 0.000
v 40.200 -75.700 0.000
v 40.200 -84.300 0.700
v 51.800 -84.300 0.700
v 51.800 -75.700 0.700
v 40.200 -75.700 0.700
v 40.500 -84.000 0.700
v 51.500 -84.000 0.700
v 51.500 -76.000 0.700
v 40.500 -76.000 0.700
v 40.500 -84.000 4.300
v 51.500 -84.000 4.300
v 51.500 -76.000 4.300
v 40.500 -76.000 4.300
v 45.200 -76.025 0.300
v 46.800 -76.025 0.300
v 46.800 -75.775 0.300
v 45.200 -75.775 0.300
v 45.200 -76.025 2.800
v 46.800 -76.025 2.800
v 46.800 -75.775 2.800
v 45.200 -75.775 2.800
v 44.800 -76.300 0.000
v 47.200 -76.300 0.000
v 47.200 -73.900 0.000
v 44.800 -73.900 0.000
v 44.800 -76.300 0.400
v 47.200 -76.300 0.400
v 47.200 -73.900 0.400
v 44.800 -73.900 0.400
v 42.320 -76.015 2.030
v 43.520 -76.015 2.030
v 43.520 -75.865 2.030
v 42.320 -75.865 2.030
v 42.320 -76.015 3.330
v 43.520 -76.015 3.330
v 43.520 -75.865 3.330
v 42.320 -75.865 3.330
v 40.365 -80.600 2.030
v 40.515 -80.600 2.030
v 40.515 -79.400 2.030
v 40.365 -79.400 2.030
v 40.365 -80.600 3.330
v 40.515 -80.600 3.330
v 40.515 -79.400 3.330
v 40.365 -79.400 3.330
v 48.480 -76.015 2.030
v 49.680 -76.015 2.030
v 49.680 -75.865 2.030
v 48.480 -75.865 2.030
v 48.480 -76.015 3.330
v 49.680 -76.015 3.330
v 49.680 -75.865 3.330
v 48.480 -75.865 3.330
v 51.485 -80.600 2.030
v 51.635 -80.600 2.030
v 51.635 -79.400 2.030
v 51.485 -79.400 2.030
v 51.485 -80.600 3.330
v 51.635 -80.600 3.330
v 51.635 -79.400 3.330
v 51.485 -79.400 3.330
v 40.300 -84.200 0.700
v 40.700 -84.200 0.700
v 40.700 -83.800 0.700
v 40.300 -83.800 0.700
v 40.300 -84.200 4.300
v 40.700 -84.200 4.300
v 40.700 -83.800 4.300
v 40.300 -83.800 4.300
v 40.300 -76.200 0.700
v 40.700 -76.200 0.700
v 40.700 -75.800 0.700
v 40.300 -75.800 0.700
v 40.300 -76.200 4.300
v 40.700 -76.200 4.300
v 40.700 -75.800 4.300
v 40.300 -75.800 4.300
v 51.300 -84.200 0.700
v 51.700 -84.200 0.700
v 51.700 -83.800 0.700
v 51.300 -83.800 0.700
v 51.300 -84.200 4.300
v 51.700 -84.200 4.300
v 51.700 -83.800 4.300
v 51.300 -83.800 4.300
v 51.300 -76.200 0.700
v 51.700 -76.200 0.700
v 51.700 -75.800 0.700
v 51.300 -75.800 0.700
v 51.300 -76.200 4.300
v 51.700 -76.200 4.300
v 51.700 -75.800 4.300
v 51.300 -75.800 4.300
v 40.000 -84.500 4.300
v 52.000 -84.500 4.300
v 52.000 -75.500 4.300
v 40.000 -75.500 4.300
v 40.000 -84.500 5.000
v 52.000 -84.500 5.000
v 52.000 -75.500 5.000
v 40.000 -75.500 5.000
v 42.260 -82.720 5.000
v 49.740 -82.720 5.000
v 49.740 -77.280 5.000
v 42.260 -77.280 5.000
v 42.260 -82.720 5.700
v 49.740 -82.720 5.700
v 49.740 -77.280 5.700
v 42.260 -77.280 5.700
v 43.800 -81.600 5.700
v 48.200 -81.600 5.700
v 48.200 -78.400 5.700
v 43.800 -78.400 5.700
v 43.800 -81.600 6.300
v 48.200 -81.600 6.300
v 48.200 -78.400 6.300
v 43.800 -78.400 6.300
v 48.300 -81.650 4.800
v 49.200 -81.650 4.800
v 49.200 -80.750 4.800
v 48.300 -80.750 4.800
v 48.300 -81.650 7.000
v 49.200 -81.650 7.000
v 49.200 -80.750 7.000
v 48.300 -80.750 7.000
v -89.300 24.700 0.000
v -80.700 24.700 0.000
v -80.700 35.300 0.000
v -89.300 35.300 0.000
v -89.300 24.700 0.700
v -80.700 24.700 0.700
v -80.700 35.300 0.700
v -89.300 35.300 0.700
v -89.000 25.000 0.700
v -81.000 25.000 0.700
v -81.000 35.000 0.700
v -89.000 35.000 0.700
v -89.000 25.000 4.100
v -81.000 25.000 4.100
v -81.000 35.000 4.100
v -89.000 35.000 4.100
v -90.225 29.200 0.300
v -89.975 29.200 0.300
v -89.975 30.800 0.300
v -90.225 30.800 0.300
v -90.225 29.200 2.800
v -89.975 29.200 2.800
v -89.975 30.800 2.800
v -90.225 30.800 2.800
v -92.100 28.800 0.000
v -89.700 28.800 0.000
v -89.700 31.200 0.000
v -92.100 31.200 0.000
v -92.100 28.800 0.400
v -89.700 28.800 0.400
v -89.700 31.200 0.400
v -92.100 31.200 0.400
v -90.135 27.160 1.920
v -89.985 27.160 1.920
v -89.985 28.360 1.920
v -90.135 28.360 1.920
v -90.135 27.160 3.220
v -89.985 27.160 3.220
v -89.985 28.360 3.220
v -90.135 28.360 3.220
v -85.600 25.865 1.920
v -84.400 25.865 1.920
v -84.400 26.015 1.920
v -85.600 26.015 1.920
v -85.600 25.865 3.220
v -84.400 25.865 3.220
v -84.400 26.015 3.220
v -85.600 26.015 3.220
v -90.135 31.640 1.920
v -89.985 31.640 1.920
v -89.985 32.840 1.920
v -90.135 32.840 1.920
v -90.135 31.640 3.220
v -89.985 31.640 3.220
v -89.985 32.840 3.220
v -90.135 32.840 3.220
v -85.600 33.985 1.920
v -84.400 33.985 1.920
v -84.400 34.135 1.920
v -85.600 34.135 1.920
v -85.600 33.985 3.220
v -84.400 33.985 3.220
v -84.400 34.135 3.220
v -85.600 34.135 3.220
v -80.200 25.800 0.700
v -79.800 25.800 0.700
v -79.800 26.200 0.700
v -80.200 26.200 0.700
v -80.200 25.800 4.100
v -79.800 25.800 4.100
v -79.800 26.200 4.100
v -80.200 26.200 4.100
v -90.200 25.800 0.700
v -89.800 25.800 0.700
v -89.800 26.200 0.700
v -90.200 26.200 0.700
v -90.200 25.800 4.100
v -89.800 25.800 4.100
v -89.800 26.200 4.100
v -90.200 26.200 4.100
v -80.200 33.800 0.700
v -79.800 33.800 0.700
v -79.800 34.200 0.700
v -80.200 34.200 0.700
v -80.200 33.800 4.100
v -79.800 33.800 4.100
v -79.800 34.200 4.100
v -80.200 34.200 4.100
v -90.200 33.800 0.700
v -89.800 33.800 0.700
v -89.800 34.200 0.700
v -90.200 34.200 0.700
v -90.200 33.800 4.100
v -89.800 33.800 4.100
v -89.800 34.200 4.100
v -90.200 34.200 4.100
v -89.500 24.500 4.100
v -80.500 24.500 4.100
v -80.500 35.500 4.100
v -89.500 35.500 4.100
v -89.500 24.500 4.800
v -80.500 24.500 4.800
v -80.500 35.500 4.800
v -89.500 35.500 4.800
v -87.720 26.600 4.800
v -82.280 26.600 4.800
v -82.280 33.400 4.800
v -87.720 33.400 4.800
v -87.720 26.600 5.500
v -82.280 26.600 5.500
v -82.280 33.400 5.500
v -87.720 33.400 5.500
v -86.600 28.000 5.500
v -83.400 28.000 5.500
v -83.400 32.000 5.500
v -86.600 32.000 5.500
v -86.600 28.000 6.100
v -83.400 28.000 6.100
v -83.400 32.000 6.100
v -86.600 32.000 6.100
v -83.950 31.550 4.600
v -83.050 31.550 4.600
v -83.050 32.450 4.600
v -83.950 32.450 4.600
v -83.950 31.550 6.800
v -83.050 31.550 6.800
v -83.050 32.450 6.800
v -83.950 32.450 6.800
v 80.700 -32.300 0.000
v 91.300 -32.300 0.000
v 91.300 -23.700 0.000
v 80.700 -23.700 0.000
v 80.700 -32.300 0.700
v 91.300 -32.300 0.700
v 91.300 -23.700 0.700
v 80.700 -23.700 0.700
v 81.000 -32.000 0.700
v 91.000 -32.000 0.700
v 91.000 -24.000 0.700
v 81.000 -24.000 0.700
v 81.000 -32.000 4.100
v 91.000 -32.000 4.100
v 91.000 -24.000 4.100
v 81.000 -24.000 4.100
v 89.975 -28.800 0.300
v 90.225 -28.800 0.300
v 90.225 -27.200 0.300
v 89.975 -27.200 0.300
v 89.975 -28.800 2.800
v 90.225 -28.800 2.800
v 90.225 -27.200 2.800
v 89.975 -27.200 2.800
v 89.700 -29.200 0.000
v 92.100 -29.200 0.000
v 92.100 -26.800 0.000
v 89.700 -26.800 0.000
v 89.700 -29.200 0.400
v 92.100 -29.200 0.400
v 92.100 -26.800 0.400
v 89.700 -26.800 0.400
v 89.985 -25.800 1.920
v 90.135 -25.800 1.920
v 90.135 -24.600 1.920
v 89.985 -24.600 1.920
v 89.985 -25.800 3.220
v 90.135 -25.800 3.220
v 90.135 -24.600 3.220
v 89.985 -24.600 3.220
v 85.400 -23.015 1.920
v 86.600 -23.015 1.920
v 86.600 -22.865 1.920
v 85.400 -22.865 1.920
v 85.400 -23.015 3.220
v 86.600 -23.015 3.220
v 86.600 -22.865 3.220
v 85.400 -22.865 3.220
v 89.985 -31.400 1.920
v 90.135 -31.400 1.920
v 90.135 -30.200 1.920
v 89.985 -30.200 1.920
v 89.985 -31.400 3.220
v 90.135 -31.400 3.220
v 90.135 -30.200 3.220
v 89.985 -30.200 3.220
v 85.400 -33.135 1.920
v 86.600 -33.135 1.920
v 86.600 -32.985 1.920
v 85.400 -32.985 1.920
v 85.400 -33.135 3.220
v 86.600 -33.135 3.220
v 86.600 -32.985 3.220
v 85.400 -32.985 3.220
v 81.800 -23.200 0.700
v 82.200 -23.200 0.700
v 82.200 -22.800 0.700
v 81.800 -22.800 0.700
v 81.800 -23.200 4.100
v 82.200 -23.200 4.100
v 82.200 -22.800 4.100
v 81.800 -22.800 4.100
v 89.800 -23.200 0.700
v 90.200 -23.200 0.700
v 90.200 -22.800 0.700
v 89.800 -22.800 0.700
v 89.800 -23.200 4.100
v 90.200 -23.200 4.100
v 90.200 -22.800 4.100
v 89.800 -22.800 4.100
v 81.800 -33.200 0.700
v 82.200 -33.200 0.700
v 82.200 -32.800 0.700
v 81.800 -32.800 0.700
v 81.800 -33.200 4.100
v 82.200 -33.200 4.100
v 82.200 -32.800 4.100
v 81.800 -32.800 4.100
v 89.800 -33.200 0.700
v 90.200 -33.200 0.700
v 90.200 -32.800 0.700
v 89.800 -32.800 0.700
v 89.800 -33.200 4.100
v 90.200 -33.200 4.100
v 90.200 -32.800 4.100
v 89.800 -32.800 4.100
v 80.500 -32.500 4.100
v 91.500 -32.500 4.100
v 91.500 -23.500 4.100
v 80.500 -23.500 4.100
v 80.500 -32.500 4.800
v 91.500 -32.500 4.800
v 91.500 -23.500 4.800
v 80.500 -23.500 4.800
v 82.600 -30.720 4.800
v 89.400 -30.720 4.800
v 89.400 -25.280 4.800
v 82.600 -25.280 4.800
v 82.600 -30.720 5.500
v 89.400 -30.720 5.500
v 89.400 -25.280 5.500
v 82.600 -25.280 5.500
v 84.000 -29.600 5.500
v 88.000 -29.600 5.500
v 88.000 -26.400 5.500
v 84.000 -26.400 5.500
v 84.000 -29.600 6.100
v 88.000 -29.600 6.100
v 88.000 -26.400 6.100
v 84.000 -26.400 6.100
v 84.350 -30.950 4.600
v 85.250 -30.950 4.600
v 85.250 -30.050 4.600
v 84.350 -30.050 4.600
v 84.350 -30.950 6.800
v 85.250 -30.950 6.800
v 85.250 -30.050 6.800
v 84.350 -30.050 6.800
v -89.800 -34.300 0.000
v -82.200 -34.300 0.000
v -82.200 -25.700 0.000
v -89.800 -25.700 0.000
v -89.800 -34.300 0.700
v -82.200 -34.300 0.700
v -82.200 -25.700 0.700
v -89.800 -25.700 0.700
v -89.500 -34.000 0.700
v -82.500 -34.000 0.700
v -82.500 -26.000 0.700
v -89.500 -26.000 0.700
v -89.500 -34.000 3.700
v -82.500 -34.000 3.700
v -82.500 -26.000 3.700
v -89.500 -26.000 3.700
v -90.225 -30.800 0.300
v -89.975 -30.800 0.300
v -89.975 -29.200 0.300
v -90.225 -29.200 0.300
v -90.225 -30.800 2.800
v -89.975 -30.800 2.800
v -89.975 -29.200 2.800
v -90.225 -29.200 2.800
v -92.100 -31.200 0.000
v -89.700 -31.200 0.000
v -89.700 -28.800 0.000
v -92.100 -28.800 0.000
v -92.100 -31.200 0.400
v -89.700 -31.200 0.400
v -89.700 -28.800 0.400
v -92.100 -28.800 0.400
v -90.135 -32.560 1.700
v -89.985 -32.560 1.700
v -89.985 -31.360 1.700
v -90.135 -31.360 1.700
v -90.135 -32.560 3.000
v -89.985 -32.560 3.000
v -89.985 -31.360 3.000
v -90.135 -31.360 3.000
v -86.600 -33.635 1.700
v -85.400 -33.635 1.700
v -85.400 -33.485 1.700
v -86.600 -33.485 1.700
v -86.600 -33.635 3.000
v -85.400 -33.635 3.000
v -85.400 -33.485 3.000
v -86.600 -33.485 3.000
v -90.135 -28.640 1.700
v -89.985 -28.640 1.700
v -89.985 -27.440 1.700
v -90.135 -27.440 1.700
v -90.135 -28.640 3.000
v -89.985 -28.640 3.000
v -89.985 -27.440 3.000
v -90.135 -27.440 3.000
v -86.600 -26.515 1.700
v -85.400 -26.515 1.700
v -85.400 -26.365 1.700
v -86.600 -26.365 1.700
v -86.600 -26.515 3.000
v -85.400 -26.515 3.000
v -85.400 -26.365 3.000
v -86.600 -26.365 3.000
v -82.200 -33.700 0.700
v -81.800 -33.700 0.700
v -81.800 -33.300 0.700
v -82.200 -33.300 0.700
v -82.200 -33.700 3.700
v -81.800 -33.700 3.700
v -81.800 -33.300 3.700
v -82.200 -33.300 3.700
v -90.200 -33.700 0.700
v -89.800 -33.700 0.700
v -89.800 -33.300 0.700
v -90.200 -33.300 0.700
v -90.200 -33.700 3.700
v -89.800 -33.700 3.700
v -89.800 -33.300 3.700
v -90.200 -33.300 3.700
v -82.200 -26.700 0.700
v -81.800 -26.700 0.700
v -81.800 -26.300 0.700
v -82.200 -26.300 0.700
v -82.200 -26.700 3.700
v -81.800 -26.700 3.700
v -81.800 -26.300 3.700
v -82.200 -26.300 3.700
v -90.200 -26.700 0.700
v -89.800 -26.700 0.700
v -89.800 -26.300 0.700
v -90.200 -26.300 0.700
v -90.200 -26.700 3.700
v -89.800 -26.700 3.700
v -89.800 -26.300 3.700
v -90.200 -26.300 3.700
v -90.000 -34.500 3.700
v -82.000 -34.500 3.700
v -82.000 -25.500 3.700
v -90.000 -25.500 3.700
v -90.000 -34.500 4.400
v -82.000 -34.500 4.400
v -82.000 -25.500 4.400
v -90.000 -25.500 4.400
v -88.380 -32.720 4.400
v -83.620 -32.720 4.400
v -83.620 -27.280 4.400
v -88.380 -27.280 4.400
v -88.380 -32.720 5.100
v -83.620 -32.720 5.100
v -83.620 -27.280 5.100
v -88.380 -27.280 5.100
v -87.400 -31.600 5.100
v -84.600 -31.600 5.100
v -84.600 -28.400 5.100
v -87.400 -28.400 5.100
v -87.400 -31.600 5.700
v -84.600 -31.600 5.700
v -84.600 -28.400 5.700
v -87.400 -28.400 5.700
v -85.250 -28.700 4.200
v -84.350 -28.700 4.200
v -84.350 -27.800 4.200
v -85.250 -27.800 4.200
v -85.250 -28.700 6.400
v -84.350 -28.700 6.400
v -84.350 -27.800 6.400
v -85.250 -27.800 6.400
v 82.700 29.700 0.000
v 93.300 29.700 0.000
v 93.300 38.300 0.000
v 82.700 38.300 0.000
v 82.700 29.700 0.700
v 93.300 29.700 0.700
v 93.300 38.300 0.700
v 82.700 38.300 0.700
v 83.000 30.000 0.700
v 93.000 30.000 0.700
v 93.000 38.000 0.700
v 83.000 38.000 0.700
v 83.000 30.000 4.100
v 93.000 30.000 4.100
v 93.000 38.000 4.100
v 83.000 38.000 4.100
v 91.975 33.200 0.300
v 92.225 33.200 0.300
v 92.225 34.800 0.300
v 91.975 34.800 0.300
v 91.975 33.200 2.800
v 92.225 33.200 2.800
v 92.225 34.800 2.800
v 91.975 34.800 2.800
v 91.700 32.800 0.000
v 94.100 32.800 0.000
v 94.100 35.200 0.000
v 91.700 35.200 0.000
v 91.700 32.800 0.400
v 94.100 32.800 0.400
v 94.100 35.200 0.400
v 91.700 35.200 0.400
v 91.985 36.200 1.920
v 92.135 36.200 1.920
v 92.135 37.400 1.920
v 91.985 37.400 1.920
v 91.985 36.200 3.220
v 92.135 36.200 3.220
v 92.135 37.400 3.220
v 91.985 37.400 3.220
v 87.400 38.985 1.920
v 88.600 38.985 1.920
v 88.600 39.135 1.920
v 87.400 39.135 1.920
v 87.400 38.985 3.220
v 88.600 38.985 3.220
v 88.600 39.135 3.220
v 87.400 39.135 3.220
v 91.985 30.600 1.920
v 92.135 30.600 1.920
v 92.135 31.800 1.920
v 91.985 31.800 1.920
v 91.985 30.600 3.220
v 92.135 30.600 3.220
v 92.135 31.800 3.220
v 91.985 31.800 3.220
v 87.400 28.865 1.920
v 88.600 28.865 1.920
v 88.600 29.015 1.920
v 87.400 29.015 1.920
v 87.400 28.865 3.220
v 88.600 28.865 3.220
v 88.600 29.015 3.220
v 87.400 29.015 3.220
v 83.800 38.800 0.700
v 84.200 38.800 0.700
v 84.200 39.200 0.700
v 83.800 39.200 0.700
v 83.800 38.800 4.100
v 84.200 38.800 4.100
v 84.200 39.200 4.100
v 83.800 39.200 4.100
v 91.800 38.800 0.700
v 92.200 38.800 0.700
v 92.200 39.200 0.700
v 91.800 39.200 0.700
v 91.800 38.800 4.100
v 92.200 38.800 4.100
v 92.200 39.200 4.100
v 91.800 39.200 4.100
v 83.800 28.800 0.700
v 84.200 28.800 0.700
v 84.200 29.200 0.700
v 83.800 29.200 0.700
v 83.800 28.800 4.100
v 84.200 28.800 4.100
v 84.200 29.200 4.100
v 83.800 29.200 4.100
v 91.800 28.800 0.700
v 92.200 28.800 0.700
v 92.200 29.200 0.700
v 91.800 29.200 0.700
v 91.800 28.800 4.100
v 92.200 28.800 4.100
v 92.200 29.200 4.100
v 91.800 29.200 4.100
v 82.500 29.500 4.100
v 93.500 29.500 4.100
v 93.500 38.500 4.100
v 82.500 38.500 4.100
v 82.500 29.500 4.800
v 93.500 29.500 4.800
v 93.500 38.500 4.800
v 82.500 38.500 4.800
v 84.600 31.280 4.800
v 91.400 31.280 4.800
v 91.400 36.720 4.800
v 84.600 36.720 4.800
v 84.600 31.280 5.500
v 91.400 31.280 5.500
v 91.400 36.720 5.500
v 84.600 36.720 5.500
v 86.000 32.400 5.500
v 90.000 32.400 5.500
v 90.000 35.600 5.500
v 86.000 35.600 5.500
v 86.000 32.400 6.100
v 90.000 32.400 6.100
v 90.000 35.600 6.100
v 86.000 35.600 6.100
v 86.350 31.050 4.600
v 87.250 31.050 4.600
v 87.250 31.950 4.600
v 86.350 31.950 4.600
v 86.350 31.050 6.800
v 87.250 31.050 6.800
v 87.250 31.950 6.800
v 86.350 31.950 6.800
v 93.140 35.000 2.840
v 93.260 35.000 2.840
v 93.260 36.000 2.840
v 93.140 36.000 2.840
v 93.140 35.000 2.960
v 93.260 35.000 2.960
v 93.260 36.000 2.960
v 93.140 36.000 2.960
v 93.140 34.000 2.840
v 93.260 34.000 2.840
v 93.260 35.000 2.840
v 93.140 35.000 2.840
v 93.140 34.000 2.960
v 93.260 34.000 2.960
v 93.260 35.000 2.960
v 93.140 35.000 2.960
v 93.140 33.000 2.840
v 93.260 33.000 2.840
v 93.260 34.000 2.840
v 93.140 34.000 2.840
v 93.140 33.000 2.960
v 93.260 33.000 2.960
v 93.260 34.000 2.960
v 93.140 34.000 2.960
v 93.140 32.000 2.840
v 93.260 32.000 2.840
v 93.260 33.000 2.840
v 93.140 33.000 2.840
v 93.140 32.000 2.960
v 93.260 32.000 2.960
v 93.260 33.000 2.960
v 93.140 33.000 2.960
v -37.000 114.000 0.000
v -27.000 114.000 0.000
v -27.000 130.000 0.000
v -37.000 130.000 0.000
v -37.000 114.000 5.200
v -27.000 114.000 5.200
v -27.000 130.000 5.200
v -37.000 130.000 5.200
v -37.500 113.500 5.100
v -26.500 113.500 5.100
v -26.500 130.500 5.100
v -37.500 130.500 5.100
v -37.500 113.500 6.100
v -26.500 113.500 6.100
v -26.500 130.500 6.100
v -37.500 130.500 6.100
v -35.750 113.500 6.000
v -28.250 113.500 6.000
v -28.250 130.500 6.000
v -35.750 130.500 6.000
v -35.750 113.500 7.000
v -28.250 113.500 7.000
v -28.250 130.500 7.000
v -35.750 130.500 7.000
v -34.000 113.500 6.900
v -30.000 113.500 6.900
v -30.000 130.500 6.900
v -34.000 130.500 6.900
v -34.000 113.500 7.700
v -30.000 113.500 7.700
v -30.000 130.500 7.700
v -34.000 130.500 7.700
v -34.500 129.500 0.000
v -29.500 129.500 0.000
v -29.500 134.500 0.000
v -34.500 134.500 0.000
v -34.500 129.500 10.000
v -29.500 129.500 10.000
v -29.500 134.500 10.000
v -34.500 134.500 10.000
v -34.800 129.200 10.000
v -29.200 129.200 10.000
v -29.200 134.800 10.000
v -34.800 134.800 10.000
v -34.800 129.200 11.200
v -29.200 129.200 11.200
v -29.200 134.800 11.200
v -34.800 134.800 11.200
v -33.600 130.400 11.000
v -30.400 130.400 11.000
v -30.400 133.600 11.000
v -33.600 133.600 11.000
v -33.600 130.400 12.200
v -30.400 130.400 12.200
v -30.400 133.600 12.200
v -33.600 133.600 12.200
v -32.150 131.850 12.100
v -31.850 131.850 12.100
v -31.850 132.150 12.100
v -32.150 132.150 12.100
v -32.150 131.850 13.700
v -31.850 131.850 13.700
v -31.850 132.150 13.700
v -32.150 132.150 13.700
v -32.500 131.850 12.750
v -31.500 131.850 12.750
v -31.500 132.150 12.750
v -32.500 132.150 12.750
v -32.500 131.850 13.050
v -31.500 131.850 13.050
v -31.500 132.150 13.050
v -32.500 132.150 13.050
v -33.100 113.975 0.000
v -30.900 113.975 0.000
v -30.900 114.225 0.000
v -33.100 114.225 0.000
v -33.100 113.975 3.200
v -30.900 113.975 3.200
v -30.900 114.225 3.200
v -33.100 114.225 3.200
v -33.000 113.900 2.300
v -31.000 113.900 2.300
v -31.000 130.100 2.300
v -33.000 130.100 2.300
v -33.000 113.900 4.500
v -31.000 113.900 4.500
v -31.000 130.100 4.500
v -33.000 130.100 4.500
v -37.175 121.000 2.300
v -37.025 121.000 2.300
v -37.025 123.000 2.300
v -37.175 123.000 2.300
v -37.175 121.000 4.500
v -37.025 121.000 4.500
v -37.025 123.000 4.500
v -37.175 123.000 4.500
v -26.975 121.000 2.300
v -26.825 121.000 2.300
v -26.825 123.000 2.300
v -26.975 123.000 2.300
v -26.975 121.000 4.500
v -26.825 121.000 4.500
v -26.825 123.000 4.500
v -26.975 123.000 4.500
v -88.000 106.000 0.000
v -72.000 106.000 0.000
v -72.000 118.000 0.000
v -88.000 118.000 0.000
v -88.000 106.000 5.000
v -72.000 106.000 5.000
v -72.000 118.000 5.000
v -88.000 118.000 5.000
v -88.500 105.500 5.000
v -71.500 105.500 5.000
v -71.500 118.500 5.000
v -88.500 118.500 5.000
v -88.500 105.500 6.200
v -71.500 105.500 6.200
v -71.500 118.500 6.200
v -88.500 118.500 6.200
v -85.500 105.500 6.100
v -74.500 105.500 6.100
v -74.500 118.500 6.100
v -85.500 118.500 6.100
v -85.500 105.500 7.300
v -74.500 105.500 7.300
v -74.500 118.500 7.300
v -85.500 118.500 7.300
v -82.500 105.500 7.200
v -77.500 105.500 7.200
v -77.500 118.500 7.200
v -82.500 118.500 7.200
v -82.500 105.500 8.200
v -77.500 105.500 8.200
v -77.500 118.500 8.200
v -82.500 118.500 8.200
v -82.500 118.000 0.000
v -77.500 118.000 0.000
v -77.500 118.300 0.000
v -82.500 118.300 0.000
v -82.500 118.000 3.800
v -77.500 118.000 3.800
v -77.500 118.300 3.800
v -82.500 118.300 3.800
v -81.000 106.025 2.700
v -79.000 106.025 2.700
v -79.000 106.175 2.700
v -81.000 106.175 2.700
v -81.000 106.025 4.100
v -79.000 106.025 4.100
v -79.000 106.175 4.100
v -81.000 106.175 4.100
v -68.900 111.100 0.000
v -67.100 111.100 0.000
v -67.100 112.900 0.000
v -68.900 112.900 0.000
v -68.900 111.100 1.800
v -67.100 111.100 1.800
v -67.100 112.900 1.800
v -68.900 112.900 1.800
v -68.900 113.300 0.000
v -67.100 113.300 0.000
v -67.100 115.100 0.000
v -68.900 115.100 0.000
v -68.900 113.300 1.800
v -67.100 113.300 1.800
v -67.100 115.100 1.800
v -68.900 115.100 1.800
v -68.900 112.200 1.800
v -67.100 112.200 1.800
v -67.100 114.000 1.800
v -68.900 114.000 1.800
v -68.900 112.200 3.400
v -67.100 112.200 3.400
v -67.100 114.000 3.400
v -68.900 114.000 3.400
v -123.000 81.000 0.000
v -101.000 81.000 0.000
v -101.000 95.000 0.000
v -123.000 95.000 0.000
v -123.000 81.000 0.300
v -101.000 81.000 0.300
v -101.000 95.000 0.300
v -123.000 95.000 0.300
v -123.500 80.350 0.000
v -100.500 80.350 0.000
v -100.500 80.650 0.000
v -123.500 80.650 0.000
v -123.500 80.350 1.200
v -100.500 80.350 1.200
v -100.500 80.650 1.200
v -123.500 80.650 1.200
v -123.500 95.350 0.000
v -100.500 95.350 0.000
v -100.500 95.650 0.000
v -123.500 95.650 0.000
v -123.500 95.350 1.200
v -100.500 95.350 1.200
v -100.500 95.650 1.200
v -123.500 95.650 1.200
v -120.500 83.500 0.250
v -119.500 83.500 0.250
v -119.500 84.500 0.250
v -120.500 84.500 0.250
v -120.500 83.500 1.150
v -119.500 83.500 1.150
v -119.500 84.500 1.150
v -120.500 84.500 1.150
v -116.500 83.500 0.250
v -115.500 83.500 0.250
v -115.500 84.500 0.250
v -116.500 84.500 0.250
v -116.500 83.500 1.150
v -115.500 83.500 1.150
v -115.500 84.500 1.150
v -116.500 84.500 1.150
v -112.500 83.500 0.250
v -111.500 83.500 0.250
v -111.500 84.500 0.250
v -112.500 84.500 0.250
v -112.500 83.500 1.150
v -111.500 83.500 1.150
v -111.500 84.500 1.150
v -112.500 84.500 1.150
v -108.500 83.500 0.250
v -107.500 83.500 0.250
v -107.500 84.500 0.250
v -108.500 84.500 0.250
v -108.500 83.500 1.150
v -107.500 83.500 1.150
v -107.500 84.500 1.150
v -108.500 84.500 1.150
v -104.500 83.500 0.250
v -103.500 83.500 0.250
v -103.500 84.500 0.250
v -104.500 84.500 0.250
v -104.500 83.500 1.150
v -103.500 83.500 1.150
v -103.500 84.500 1.150
v -104.500 84.500 1.150
v -120.500 87.500 0.250
v -119.500 87.500 0.250
v -119.500 88.500 0.250
v -120.500 88.500 0.250
v -120.500 87.500 1.150
v -119.500 87.500 1.150
v -119.500 88.500 1.150
v -120.500 88.500 1.150
v -116.500 87.500 0.250
v -115.500 87.500 0.250
v -115.500 88.500 0.250
v -116.500 88.500 0.250
v -116.500 87.500 1.150
v -115.500 87.500 1.150
v -115.500 88.500 1.150
v -116.500 88.500 1.150
v -112.500 87.500 0.250
v -111.500 87.500 0.250
v -111.500 88.500 0.250
v -112.500 88.500 0.250
v -112.500 87.500 1.150
v -111.500 87.500 1.150
v -111.500 88.500 1.150
v -112.500 88.500 1.150
v -108.500 87.500 0.250
v -107.500 87.500 0.250
v -107.500 88.500 0.250
v -108.500 88.500 0.250
v -108.500 87.500 1.150
v -107.500 87.500 1.150
v -107.500 88.500 1.150
v -108.500 88.500 1.150
v -104.500 87.500 0.250
v -103.500 87.500 0.250
v -103.500 88.500 0.250
v -104.500 88.500 0.250
v -104.500 87.500 1.150
v -103.500 87.500 1.150
v -103.500 88.500 1.150
v -104.500 88.500 1.150
v -120.500 91.500 0.250
v -119.500 91.500 0.250
v -119.500 92.500 0.250
v -120.500 92.500 0.250
v -120.500 91.500 1.150
v -119.500 91.500 1.150
v -119.500 92.500 1.150
v -120.500 92.500 1.150
v -116.500 91.500 0.250
v -115.500 91.500 0.250
v -115.500 92.500 0.250
v -116.500 92.500 0.250
v -116.500 91.500 1.150
v -115.500 91.500 1.150
v -115.500 92.500 1.150
v -116.500 92.500 1.150
v -112.500 91.500 0.250
v -111.500 91.500 0.250
v -111.500 92.500 0.250
v -112.500 92.500 0.250
v -112.500 91.500 1.150
v -111.500 91.500 1.150
v -111.500 92.500 1.150
v -112.500 92.500 1.150
v -108.500 91.500 0.250
v -107.500 91.500 0.250
v -107.500 92.500 0.250
v -108.500 92.500 0.250
v -108.500 91.500 1.150
v -107.500 91.500 1.150
v -107.500 92.500 1.150
v -108.500 92.500 1.150
v -104.500 91.500 0.250
v -103.500 91.500 0.250
v -103.500 92.500 0.250
v -104.500 92.500 0.250
v -104.500 91.500 1.150
v -103.500 91.500 1.150
v -103.500 92.500 1.150
v -104.500 92.500 1.150
v -123.000 57.000 0.000
v -101.000 57.000 0.000
v -101.000 71.000 0.000
v -123.000 71.000 0.000
v -123.000 57.000 0.300
v -101.000 57.000 0.300
v -101.000 71.000 0.300
v -123.000 71.000 0.300
v -123.500 56.350 0.000
v -100.500 56.350 0.000
v -100.500 56.650 0.000
v -123.500 56.650 0.000
v -123.500 56.350 1.200
v -100.500 56.350 1.200
v -100.500 56.650 1.200
v -123.500 56.650 1.200
v -123.500 71.350 0.000
v -100.500 71.350 0.000
v -100.500 71.650 0.000
v -123.500 71.650 0.000
v -123.500 71.350 1.200
v -100.500 71.350 1.200
v -100.500 71.650 1.200
v -123.500 71.650 1.200
v -120.500 59.500 0.250
v -119.500 59.500 0.250
v -119.500 60.500 0.250
v -120.500 60.500 0.250
v -120.500 59.500 1.150
v -119.500 59.500 1.150
v -119.500 60.500 1.150
v -120.500 60.500 1.150
v -116.500 59.500 0.250
v -115.500 59.500 0.250
v -115.500 60.500 0.250
v -116.500 60.500 0.250
v -116.500 59.500 1.150
v -115.500 59.500 1.150
v -115.500 60.500 1.150
v -116.500 60.500 1.150
v -112.500 59.500 0.250
v -111.500 59.500 0.250
v -111.500 60.500 0.250
v -112.500 60.500 0.250
v -112.500 59.500 1.150
v -111.500 59.500 1.150
v -111.500 60.500 1.150
v -112.500 60.500 1.150
v -108.500 59.500 0.250
v -107.500 59.500 0.250
v -107.500 60.500 0.250
v -108.500 60.500 0.250
v -108.500 59.500 1.150
v -107.500 59.500 1.150
v -107.500 60.500 1.150
v -108.500 60.500 1.150
v -104.500 59.500 0.250
v -103.500 59.500 0.250
v -103.500 60.500 0.250
v -104.500 60.500 0.250
v -104.500 59.500 1.150
v -103.500 59.500 1.150
v -103.500 60.500 1.150
v -104.500 60.500 1.150
v -120.500 63.500 0.250
v -119.500 63.500 0.250
v -119.500 64.500 0.250
v -120.500 64.500 0.250
v -120.500 63.500 1.150
v -119.500 63.500 1.150
v -119.500 64.500 1.150
v -120.500 64.500 1.150
v -116.500 63.500 0.250
v -115.500 63.500 0.250
v -115.500 64.500 0.250
v -116.500 64.500 0.250
v -116.500 63.500 1.150
v -115.500 63.500 1.150
v -115.500 64.500 1.150
v -116.500 64.500 1.150
v -112.500 63.500 0.250
v -111.500 63.500 0.250
v -111.500 64.500 0.250
v -112.500 64.500 0.250
v -112.500 63.500 1.150
v -111.500 63.500 1.150
v -111.500 64.500 1.150
v -112.500 64.500 1.150
v -108.500 63.500 0.250
v -107.500 63.500 0.250
v -107.500 64.500 0.250
v -108.500 64.500 0.250
v -108.500 63.500 1.150
v -107.500 63.500 1.150
v -107.500 64.500 1.150
v -108.500 64.500 1.150
v -104.500 63.500 0.250
v -103.500 63.500 0.250
v -103.500 64.500 0.250
v -104.500 64.500 0.250
v -104.500 63.500 1.150
v -103.500 63.500 1.150
v -103.500 64.500 1.150
v -104.500 64.500 1.150
v -120.500 67.500 0.250
v -119.500 67.500 0.250
v -119.500 68.500 0.250
v -120.500 68.500 0.250
v -120.500 67.500 1.150
v -119.500 67.500 1.150
v -119.500 68.500 1.150
v -120.500 68.500 1.150
v -116.500 67.500 0.250
v -115.500 67.500 0.250
v -115.500 68.500 0.250
v -116.500 68.500 0.250
v -116.500 67.500 1.150
v -115.500 67.500 1.150
v -115.500 68.500 1.150
v -116.500 68.500 1.150
v -112.500 67.500 0.250
v -111.500 67.500 0.250
v -111.500 68.500 0.250
v -112.500 68.500 0.250
v -112.500 67.500 1.150
v -111.500 67.500 1.150
v -111.500 68.500 1.150
v -112.500 68.500 1.150
v -108.500 67.500 0.250
v -107.500 67.500 0.250
v -107.500 68.500 0.250
v -108.500 68.500 0.250
v -108.500 67.500 1.150
v -107.500 67.500 1.150
v -107.500 68.500 1.150
v -108.500 68.500 1.150
v -104.500 67.500 0.250
v -103.500 67.500 0.250
v -103.500 68.500 0.250
v -104.500 68.500 0.250
v -104.500 67.500 1.150
v -103.500 67.500 1.150
v -103.500 68.500 1.150
v -104.500 68.500 1.150
v -131.000 101.000 0.000
v -125.000 101.000 0.000
v -125.000 107.000 0.000
v -131.000 107.000 0.000
v -131.000 101.000 5.000
v -125.000 101.000 5.000
v -125.000 107.000 5.000
v -131.000 107.000 5.000
v -130.300 101.700 4.000
v -125.700 101.700 4.000
v -125.700 106.300 4.000
v -130.300 106.300 4.000
v -130.300 101.700 8.000
v -125.700 101.700 8.000
v -125.700 106.300 8.000
v -130.300 106.300 8.000
v -130.600 101.400 8.000
v -125.400 101.400 8.000
v -125.400 106.600 8.000
v -130.600 106.600 8.000
v -130.600 101.400 8.800
v -125.400 101.400 8.800
v -125.400 106.600 8.800
v -130.600 106.600 8.800
v -125.000 103.600 7.600
v -124.200 103.600 7.600
v -124.200 104.400 7.600
v -125.000 104.400 7.600
v -125.000 103.600 8.400
v -124.200 103.600 8.400
v -124.200 104.400 8.400
v -125.000 104.400 8.400
v -124.350 103.650 1.500
v -124.050 103.650 1.500
v -124.050 104.350 1.500
v -124.350 104.350 1.500
v -124.350 103.650 14.500
v -124.050 103.650 14.500
v -124.050 104.350 14.500
v -124.350 104.350 14.500
v -124.350 97.500 7.650
v -124.050 97.500 7.650
v -124.050 110.500 7.650
v -124.350 110.500 7.650
v -124.350 97.500 8.350
v -124.050 97.500 8.350
v -124.050 110.500 8.350
v -124.350 110.500 8.350
v -58.400 115.600 0.000
v -57.600 115.600 0.000
v -57.600 116.400 0.000
v -58.400 116.400 0.000
v -58.400 115.600 3.000
v -57.600 115.600 3.000
v -57.600 116.400 3.000
v -58.400 116.400 3.000
v -59.600 114.400 2.700
v -56.400 114.400 2.700
v -56.400 117.600 2.700
v -59.600 117.600 2.700
v -59.600 114.400 4.500
v -56.400 114.400 4.500
v -56.400 117.600 4.500
v -59.600 117.600 4.500
v -57.450 116.550 2.950
v -56.950 116.550 2.950
v -56.950 117.050 2.950
v -57.450 117.050 2.950
v -57.450 116.550 3.450
v -56.950 116.550 3.450
v -56.950 117.050 3.450
v -57.450 117.050 3.450
v -50.400 115.600 0.000
v -49.600 115.600 0.000
v -49.600 116.400 0.000
v -50.400 116.400 0.000
v -50.400 115.600 3.000
v -49.600 115.600 3.000
v -49.600 116.400 3.000
v -50.400 116.400 3.000
v -51.600 114.400 2.700
v -48.400 114.400 2.700
v -48.400 117.600 2.700
v -51.600 117.600 2.700
v -51.600 114.400 4.500
v -48.400 114.400 4.500
v -48.400 117.600 4.500
v -51.600 117.600 4.500
v -49.450 116.550 2.950
v -48.950 116.550 2.950
v -48.950 117.050 2.950
v -49.450 117.050 2.950
v -49.450 116.550 3.450
v -48.950 116.550 3.450
v -48.950 117.050 3.450
v -49.450 117.050 3.450
v -42.400 115.600 0.000
v -41.600 115.600 0.000
v -41.600 116.400 0.000
v -42.400 116.400 0.000
v -42.400 115.600 3.000
v -41.600 115.600 3.000
v -41.600 116.400 3.000
v -42.400 116.400 3.000
v -43.600 114.400 2.700
v -40.400 114.400 2.700
v -40.400 117.600 2.700
v -43.600 117.600 2.700
v -43.600 114.400 4.500
v -40.400 114.400 4.500
v -40.400 117.600 4.500
v -43.600 117.600 4.500
v -41.450 116.550 2.950
v -40.950 116.550 2.950
v -40.950 117.050 2.950
v -41.450 117.050 2.950
v -41.450 116.550 3.450
v -40.950 116.550 3.450
v -40.950 117.050 3.450
v -41.450 117.050 3.450
v -58.400 125.600 0.000
v -57.600 125.600 0.000
v -57.600 126.400 0.000
v -58.400 126.400 0.000
v -58.400 125.600 3.000
v -57.600 125.600 3.000
v -57.600 126.400 3.000
v -58.400 126.400 3.000
v -59.600 124.400 2.700
v -56.400 124.400 2.700
v -56.400 127.600 2.700
v -59.600 127.600 2.700
v -59.600 124.400 4.500
v -56.400 124.400 4.500
v -56.400 127.600 4.500
v -59.600 127.600 4.500
v -57.450 126.550 2.950
v -56.950 126.550 2.950
v -56.950 127.050 2.950
v -57.450 127.050 2.950
v -57.450 126.550 3.450
v -56.950 126.550 3.450
v -56.950 127.050 3.450
v -57.450 127.050 3.450
v -50.400 125.600 0.000
v -49.600 125.600 0.000
v -49.600 126.400 0.000
v -50.400 126.400 0.000
v -50.400 125.600 3.000
v -49.600 125.600 3.000
v -49.600 126.400 3.000
v -50.400 126.400 3.000
v -51.600 124.400 2.700
v -48.400 124.400 2.700
v -48.400 127.600 2.700
v -51.600 127.600 2.700
v -51.600 124.400 4.500
v -48.400 124.400 4.500
v -48.400 127.600 4.500
v -51.600 127.600 4.500
v -49.450 126.550 2.950
v -48.950 126.550 2.950
v -48.950 127.050 2.950
v -49.450 127.050 2.950
v -49.450 126.550 3.450
v -48.950 126.550 3.450
v -48.950 127.050 3.450
v -49.450 127.050 3.450
v -42.400 125.600 0.000
v -41.600 125.600 0.000
v -41.600 126.400 0.000
v -42.400 126.400 0.000
v -42.400 125.600 3.000
v -41.600 125.600 3.000
v -41.600 126.400 3.000
v -42.400 126.400 3.000
v -43.600 124.400 2.700
v -40.400 124.400 2.700
v -40.400 127.600 2.700
v -43.600 127.600 2.700
v -43.600 124.400 4.500
v -40.400 124.400 4.500
v -40.400 127.600 4.500
v -43.600 127.600 4.500
v -41.450 126.550 2.950
v -40.950 126.550 2.950
v -40.950 127.050 2.950
v -41.450 127.050 2.950
v -41.450 126.550 3.450
v -40.950 126.550 3.450
v -40.950 127.050 3.450
v -41.450 127.050 3.450
v 75.000 -112.000 -0.045
v 101.000 -112.000 -0.045
v 101.000 -92.000 -0.045
v 75.000 -92.000 -0.045
v 75.000 -112.000 0.205
v 101.000 -112.000 0.205
v 101.000 -92.000 0.205
v 75.000 -92.000 0.205
v 76.500 -110.500 0.130
v 99.500 -110.500 0.130
v 99.500 -93.500 0.130
v 76.500 -93.500 0.130
v 76.500 -110.500 0.430
v 99.500 -110.500 0.430
v 99.500 -93.500 0.430
v 76.500 -93.500 0.430
v 73.000 -103.200 0.550
v 79.000 -103.200 0.550
v 79.000 -100.800 0.550
v 73.000 -100.800 0.550
v 73.000 -103.200 0.850
v 79.000 -103.200 0.850
v 79.000 -100.800 0.850
v 73.000 -100.800 0.850
v 73.350 -103.150 -0.500
v 73.650 -103.150 -0.500
v 73.650 -102.850 -0.500
v 73.350 -102.850 -0.500
v 73.350 -103.150 0.900
v 73.650 -103.150 0.900
v 73.650 -102.850 0.900
v 73.350 -102.850 0.900
v 73.350 -101.150 -0.500
v 73.650 -101.150 -0.500
v 73.650 -100.850 -0.500
v 73.350 -100.850 -0.500
v 73.350 -101.150 0.900
v 73.650 -101.150 0.900
v 73.650 -100.850 0.900
v 73.350 -100.850 0.900
v 78.350 -103.150 -0.500
v 78.650 -103.150 -0.500
v 78.650 -102.850 -0.500
v 78.350 -102.850 -0.500
v 78.350 -103.150 0.900
v 78.650 -103.150 0.900
v 78.650 -102.850 0.900
v 78.350 -102.850 0.900
v 78.350 -101.150 -0.500
v 78.650 -101.150 -0.500
v 78.650 -100.850 -0.500
v 78.350 -100.850 -0.500
v 78.350 -101.150 0.900
v 78.650 -101.150 0.900
v 78.650 -100.850 0.900
v 78.350 -100.850 0.900
v 68.700 -92.500 0.625
v 71.300 -92.500 0.625
v 71.300 -91.500 0.625
v 68.700 -91.500 0.625
v 68.700 -92.500 0.875
v 71.300 -92.500 0.875
v 71.300 -91.500 0.875
v 68.700 -91.500 0.875
v 68.700 -91.500 0.750
v 71.300 -91.500 0.750
v 71.300 -91.300 0.750
v 68.700 -91.300 0.750
v 68.700 -91.500 1.650
v 71.300 -91.500 1.650
v 71.300 -91.300 1.650
v 68.700 -91.300 1.650
v 104.700 -92.500 0.625
v 107.300 -92.500 0.625
v 107.300 -91.500 0.625
v 104.700 -91.500 0.625
v 104.700 -92.500 0.875
v 107.300 -92.500 0.875
v 107.300 -91.500 0.875
v 104.700 -91.500 0.875
v 104.700 -92.700 0.750
v 107.300 -92.700 0.750
v 107.300 -92.500 0.750
v 104.700 -92.500 0.750
v 104.700 -92.700 1.650
v 107.300 -92.700 1.650
v 107.300 -92.500 1.650
v 104.700 -92.500 1.650
v 68.700 -112.500 0.625
v 71.300 -112.500 0.625
v 71.300 -111.500 0.625
v 68.700 -111.500 0.625
v 68.700 -112.500 0.875
v 71.300 -112.500 0.875
v 71.300 -111.500 0.875
v 68.700 -111.500 0.875
v 68.700 -111.500 0.750
v 71.300 -111.500 0.750
v 71.300 -111.300 0.750
v 68.700 -111.300 0.750
v 68.700 -111.500 1.650
v 71.300 -111.500 1.650
v 71.300 -111.300 1.650
v 68.700 -111.300 1.650
v 104.700 -112.500 0.625
v 107.300 -112.500 0.625
v 107.300 -111.500 0.625
v 104.700 -111.500 0.625
v 104.700 -112.500 0.875
v 107.300 -112.500 0.875
v 107.300 -111.500 0.875
v 104.700 -111.500 0.875
v 104.700 -112.700 0.750
v 107.300 -112.700 0.750
v 107.300 -112.500 0.750
v 104.700 -112.500 0.750
v 104.700 -112.700 1.650
v 107.300 -112.700 1.650
v 107.300 -112.500 1.650
v 104.700 -112.500 1.650
v -8.175 59.825 0.000
v -7.825 59.825 0.000
v -7.825 60.175 0.000
v -8.175 60.175 0.000
v -8.175 59.825 3.000
v -7.825 59.825 3.000
v -7.825 60.175 3.000
v -8.175 60.175 3.000
v -8.400 59.600 2.800
v -7.600 59.600 2.800
v -7.600 60.400 2.800
v -8.400 60.400 2.800
v -8.400 59.600 3.600
v -7.600 59.600 3.600
v -7.600 60.400 3.600
v -8.400 60.400 3.600
v 7.825 99.825 0.000
v 8.175 99.825 0.000
v 8.175 100.175 0.000
v 7.825 100.175 0.000
v 7.825 99.825 3.000
v 8.175 99.825 3.000
v 8.175 100.175 3.000
v 7.825 100.175 3.000
v 7.600 99.600 2.800
v 8.400 99.600 2.800
v 8.400 100.400 2.800
v 7.600 100.400 2.800
v 7.600 99.600 3.600
v 8.400 99.600 3.600
v 8.400 100.400 3.600
v 7.600 100.400 3.600
v -8.175 139.825 0.000
v -7.825 139.825 0.000
v -7.825 140.175 0.000
v -8.175 140.175 0.000
v -8.175 139.825 3.000
v -7.825 139.825 3.000
v -7.825 140.175 3.000
v -8.175 140.175 3.000
v -8.400 139.600 2.800
v -7.600 139.600 2.800
v -7.600 140.400 2.800
v -8.400 140.400 2.800
v -8.400 139.600 3.600
v -7.600 139.600 3.600
v -7.600 140.400 3.600
v -8.400 140.400 3.600
v 7.825 179.825 0.000
v 8.175 179.825 0.000
v 8.175 180.175 0.000
v 7.825 180.175 0.000
v 7.825 179.825 3.000
v 8.175 179.825 3.000
v 8.175 180.175 3.000
v 7.825 180.175 3.000
v 7.600 179.600 2.800
v 8.400 179.600 2.800
v 8.400 180.400 2.800
v 7.600 180.400 2.800
v 7.600 179.600 3.600
v 8.400 179.600 3.600
v 8.400 180.400 3.600
v 7.600 180.400 3.600
v -8.175 -60.175 0.000
v -7.825 -60.175 0.000
v -7.825 -59.825 0.000
v -8.175 -59.825 0.000
v -8.175 -60.175 3.000
v -7.825 -60.175 3.000
v -7.825 -59.825 3.000
v -8.175 -59.825 3.000
v -8.400 -60.400 2.800
v -7.600 -60.400 2.800
v -7.600 -59.600 2.800
v -8.400 -59.600 2.800
v -8.400 -60.400 3.600
v -7.600 -60.400 3.600
v -7.600 -59.600 3.600
v -8.400 -59.600 3.600
v 7.825 -100.175 0.000
v 8.175 -100.175 0.000
v 8.175 -99.825 0.000
v 7.825 -99.825 0.000
v 7.825 -100.175 3.000
v 8.175 -100.175 3.000
v 8.175 -99.825 3.000
v 7.825 -99.825 3.000
v 7.600 -100.400 2.800
v 8.400 -100.400 2.800
v 8.400 -99.600 2.800
v 7.600 -99.600 2.800
v 7.600 -100.400 3.600
v 8.400 -100.400 3.600
v 8.400 -99.600 3.600
v 7.600 -99.600 3.600
v -8.175 -140.175 0.000
v -7.825 -140.175 0.000
v -7.825 -139.825 0.000
v -8.175 -139.825 0.000
v -8.175 -140.175 3.000
v -7.825 -140.175 3.000
v -7.825 -139.825 3.000
v -8.175 -139.825 3.000
v -8.400 -140.400 2.800
v -7.600 -140.400 2.800
v -7.600 -139.600 2.800
v -8.400 -139.600 2.800
v -8.400 -140.400 3.600
v -7.600 -140.400 3.600
v -7.600 -139.600 3.600
v -8.400 -139.600 3.600
v 7.825 -180.175 0.000
v 8.175 -180.175 0.000
v 8.175 -179.825 0.000
v 7.825 -179.825 0.000
v 7.825 -180.175 3.000
v 8.175 -180.175 3.000
v 8.175 -179.825 3.000
v 7.825 -179.825 3.000
v 7.600 -180.400 2.800
v 8.400 -180.400 2.800
v 8.400 -179.600 2.800
v 7.600 -179.600 2.800
v 7.600 -180.400 3.600
v 8.400 -180.400 3.600
v 8.400 -179.600 3.600
v 7.600 -179.600 3.600
v 59.825 7.825 0.000
v 60.175 7.825 0.000
v 60.175 8.175 0.000
v 59.825 8.175 0.000
v 59.825 7.825 3.000
v 60.175 7.825 3.000
v 60.175 8.175 3.000
v 59.825 8.175 3.000
v 59.600 7.600 2.800
v 60.400 7.600 2.800
v 60.400 8.400 2.800
v 59.600 8.400 2.800
v 59.600 7.600 3.600
v 60.400 7.600 3.600
v 60.400 8.400 3.600
v 59.600 8.400 3.600
v 99.825 -8.175 0.000
v 100.175 -8.175 0.000
v 100.175 -7.825 0.000
v 99.825 -7.825 0.000
v 99.825 -8.175 3.000
v 100.175 -8.175 3.000
v 100.175 -7.825 3.000
v 99.825 -7.825 3.000
v 99.600 -8.400 2.800
v 100.400 -8.400 2.800
v 100.400 -7.600 2.800
v 99.600 -7.600 2.800
v 99.600 -8.400 3.600
v 100.400 -8.400 3.600
v 100.400 -7.600 3.600
v 99.600 -7.600 3.600
v 139.825 7.825 0.000
v 140.175 7.825 0.000
v 140.175 8.175 0.000
v 139.825 8.175 0.000
v 139.825 7.825 3.000
v 140.175 7.825 3.000
v 140.175 8.175 3.000
v 139.825 8.175 3.000
v 139.600 7.600 2.800
v 140.400 7.600 2.800
v 140.400 8.400 2.800
v 139.600 8.400 2.800
v 139.600 7.600 3.600
v 140.400 7.600 3.600
v 140.400 8.400 3.600
v 139.600 8.400 3.600
v 179.825 -8.175 0.000
v 180.175 -8.175 0.000
v 180.175 -7.825 0.000
v 179.825 -7.825 0.000
v 179.825 -8.175 3.000
v 180.175 -8.175 3.000
v 180.175 -7.825 3.000
v 179.825 -7.825 3.000
v 179.600 -8.400 2.800
v 180.400 -8.400 2.800
v 180.400 -7.600 2.800
v 179.600 -7.600 2.800
v 179.600 -8.400 3.600
v 180.400 -8.400 3.600
v 180.400 -7.600 3.600
v 179.600 -7.600 3.600
v -60.175 -8.175 0.000
v -59.825 -8.175 0.000
v -59.825 -7.825 0.000
v -60.175 -7.825 0.000
v -60.175 -8.175 3.000
v -59.825 -8.175 3.000
v -59.825 -7.825 3.000
v -60.175 -7.825 3.000
v -60.400 -8.400 2.800
v -59.600 -8.400 2.800
v -59.600 -7.600 2.800
v -60.400 -7.600 2.800
v -60.400 -8.400 3.600
v -59.600 -8.400 3.600
v -59.600 -7.600 3.600
v -60.400 -7.600 3.600
v -100.175 7.825 0.000
v -99.825 7.825 0.000
v -99.825 8.175 0.000
v -100.175 8.175 0.000
v -100.175 7.825 3.000
v -99.825 7.825 3.000
v -99.825 8.175 3.000
v -100.175 8.175 3.000
v -100.400 7.600 2.800
v -99.600 7.600 2.800
v -99.600 8.400 2.800
v -100.400 8.400 2.800
v -100.400 7.600 3.600
v -99.600 7.600 3.600
v -99.600 8.400 3.600
v -100.400 8.400 3.600
v -140.175 -8.175 0.000
v -139.825 -8.175 0.000
v -139.825 -7.825 0.000
v -140.175 -7.825 0.000
v -140.175 -8.175 3.000
v -139.825 -8.175 3.000
v -139.825 -7.825 3.000
v -140.175 -7.825 3.000
v -140.400 -8.400 2.800
v -139.600 -8.400 2.800
v -139.600 -7.600 2.800
v -140.400 -7.600 2.800
v -140.400 -8.400 3.600
v -139.600 -8.400 3.600
v -139.600 -7.600 3.600
v -140.400 -7.600 3.600
v -180.175 7.825 0.000
v -179.825 7.825 0.000
v -179.825 8.175 0.000
v -180.175 8.175 0.000
v -180.175 7.825 3.000
v -179.825 7.825 3.000
v -179.825 8.175 3.000
v -180.175 8.175 3.000
v -180.400 7.600 2.800
v -179.600 7.600 2.800
v -179.600 8.400 2.800
v -180.400 8.400 2.800
v -180.400 7.600 3.600
v -179.600 7.600 3.600
v -179.600 8.400 3.600
v -180.400 8.400 3.600
v -240.000 243.500 0.000
v -20.000 243.500 0.000
v -20.000 246.500 0.000
v -240.000 246.500 0.000
v -240.000 243.500 3.500
v -20.000 243.500 3.500
v -20.000 246.500 3.500
v -240.000 246.500 3.500
v 20.000 243.500 0.000
v 240.000 243.500 0.000
v 240.000 246.500 0.000
v 20.000 246.500 0.000
v 20.000 243.500 3.500
v 240.000 243.500 3.500
v 240.000 246.500 3.500
v 20.000 246.500 3.500
v -240.000 -246.500 0.000
v -20.000 -246.500 0.000
v -20.000 -243.500 0.000
v -240.000 -243.500 0.000
v -240.000 -246.500 3.500
v -20.000 -246.500 3.500
v -20.000 -243.500 3.500
v -240.000 -243.500 3.500
v 20.000 -246.500 0.000
v 240.000 -246.500 0.000
v 240.000 -243.500 0.000
v 20.000 -243.500 0.000
v 20.000 -246.500 3.500
v 240.000 -246.500 3.500
v 240.000 -243.500 3.500
v 20.000 -243.500 3.500
v -246.500 20.000 0.000
v -243.500 20.000 0.000
v -243.500 240.000 0.000
v -246.500 240.000 0.000
v -246.500 20.000 3.500
v -243.500 20.000 3.500
v -243.500 240.000 3.500
v -246.500 240.000 3.500
v -246.500 -240.000 0.000
v -243.500 -240.000 0.000
v -243.500 -20.000 0.000
v -246.500 -20.000 0.000
v -246.500 -240.000 3.500
v -243.500 -240.000 3.500
v -243.500 -20.000 3.500
v -246.500 -20.000 3.500
v 243.500 20.000 0.000
v 246.500 20.000 0.000
v 246.500 240.000 0.000
v 243.500 240.000 0.000
v 243.500 20.000 3.500
v 246.500 20.000 3.500
v 246.500 240.000 3.500
v 243.500 240.000 3.500
v 243.500 -240.000 0.000
v 246.500 -240.000 0.000
v 246.500 -20.000 0.000
v 243.500 -20.000 0.000
v 243.500 -240.000 3.500
v 246.500 -240.000 3.500
v 246.500 -20.000 3.500
v 243.500 -20.000 3.500
v -8.500 243.500 0.000
v -5.500 243.500 0.000
v -5.500 246.500 0.000
v -8.500 246.500 0.000
v -8.500 243.500 5.000
v -5.500 243.500 5.000
v -5.500 246.500 5.000
v -8.500 246.500 5.000
v 5.500 243.500 0.000
v 8.500 243.500 0.000
v 8.500 246.500 0.000
v 5.500 246.500 0.000
v 5.500 243.500 5.000
v 8.500 243.500 5.000
v 8.500 246.500 5.000
v 5.500 246.500 5.000
v -8.500 243.300 4.800
v 8.500 243.300 4.800
v 8.500 246.700 4.800
v -8.500 246.700 4.800
v -8.500 243.300 6.000
v 8.500 243.300 6.000
v 8.500 246.700 6.000
v -8.500 246.700 6.000
v -0.450 244.550 5.950
v 0.450 244.550 5.950
v 0.450 245.450 5.950
v -0.450 245.450 5.950
v -0.450 244.550 6.850
v 0.450 244.550 6.850
v 0.450 245.450 6.850
v -0.450 245.450 6.850
v -8.500 -246.500 0.000
v -5.500 -246.500 0.000
v -5.500 -243.500 0.000
v -8.500 -243.500 0.000
v -8.500 -246.500 5.000
v -5.500 -246.500 5.000
v -5.500 -243.500 5.000
v -8.500 -243.500 5.000
v 5.500 -246.500 0.000
v 8.500 -246.500 0.000
v 8.500 -243.500 0.000
v 5.500 -243.500 0.000
v 5.500 -246.500 5.000
v 8.500 -246.500 5.000
v 8.500 -243.500 5.000
v 5.500 -243.500 5.000
v -8.500 -246.700 4.800
v 8.500 -246.700 4.800
v 8.500 -243.300 4.800
v -8.500 -243.300 4.800
v -8.500 -246.700 6.000
v 8.500 -246.700 6.000
v 8.500 -243.300 6.000
v -8.500 -243.300 6.000
v -0.450 -245.450 5.950
v 0.450 -245.450 5.950
v 0.450 -244.550 5.950
v -0.450 -244.550 5.950
v -0.450 -245.450 6.850
v 0.450 -245.450 6.850
v 0.450 -244.550 6.850
v -0.450 -244.550 6.850
v 243.500 -8.500 0.000
v 246.500 -8.500 0.000
v 246.500 -5.500 0.000
v 243.500 -5.500 0.000
v 243.500 -8.500 5.000
v 246.500 -8.500 5.000
v 246.500 -5.500 5.000
v 243.500 -5.500 5.000
v 243.500 5.500 0.000
v 246.500 5.500 0.000
v 246.500 8.500 0.000
v 243.500 8.500 0.000
v 243.500 5.500 5.000
v 246.500 5.500 5.000
v 246.500 8.500 5.000
v 243.500 8.500 5.000
v 243.300 -8.500 4.800
v 246.700 -8.500 4.800
v 246.700 8.500 4.800
v 243.300 8.500 4.800
v 243.300 -8.500 6.000
v 246.700 -8.500 6.000
v 246.700 8.500 6.000
v 243.300 8.500 6.000
v 244.550 -0.450 5.950
v 245.450 -0.450 5.950
v 245.450 0.450 5.950
v 244.550 0.450 5.950
v 244.550 -0.450 6.850
v 245.450 -0.450 6.850
v 245.450 0.450 6.850
v 244.550 0.450 6.850
v -246.500 -8.500 0.000
v -243.500 -8.500 0.000
v -243.500 -5.500 0.000
v -246.500 -5.500 0.000
v -246.500 -8.500 5.000
v -243.500 -8.500 5.000
v -243.500 -5.500 5.000
v -246.500 -5.500 5.000
v -246.500 5.500 0.000
v -243.500 5.500 0.000
v -243.500 8.500 0.000
v -246.500 8.500 0.000
v -246.500 5.500 5.000
v -243.500 5.500 5.000
v -243.500 8.500 5.000
v -246.500 8.500 5.000
v -246.700 -8.500 4.800
v -243.300 -8.500 4.800
v -243.300 8.500 4.800
v -246.700 8.500 4.800
v -246.700 -8.500 6.000
v -243.300 -8.500 6.000
v -243.300 8.500 6.000
v -246.700 8.500 6.000
v -245.450 -0.450 5.950
v -244.550 -0.450 5.950
v -244.550 0.450 5.950
v -245.450 0.450 5.950
v -245.450 -0.450 6.850
v -244.550 -0.450 6.850
v -244.550 0.450 6.850
v -245.450 0.450 6.850
v -60.780 59.220 0.000
v -59.220 59.220 0.000
v -59.220 60.780 0.000
v -60.780 60.780 0.000
v -60.780 59.220 6.000
v -59.220 59.220 6.000
v -59.220 60.780 6.000
v -60.780 60.780 6.000
v -63.900 56.100 5.400
v -56.100 56.100 5.400
v -56.100 63.900 5.400
v -63.900 63.900 5.400
v -63.900 56.100 8.040
v -56.100 56.100 8.040
v -56.100 63.900 8.040
v -63.900 63.900 8.040
v -61.500 57.300 7.200
v -56.100 57.300 7.200
v -56.100 62.700 7.200
v -61.500 62.700 7.200
v -61.500 57.300 9.120
v -56.100 57.300 9.120
v -56.100 62.700 9.120
v -61.500 62.700 9.120
v -70.845 -60.845 0.000
v -69.155 -60.845 0.000
v -69.155 -59.155 0.000
v -70.845 -59.155 0.000
v -70.845 -60.845 6.500
v -69.155 -60.845 6.500
v -69.155 -59.155 6.500
v -70.845 -59.155 6.500
v -74.225 -64.225 5.850
v -65.775 -64.225 5.850
v -65.775 -55.775 5.850
v -74.225 -55.775 5.850
v -74.225 -64.225 8.710
v -65.775 -64.225 8.710
v -65.775 -55.775 8.710
v -74.225 -55.775 8.710
v -71.625 -62.925 7.800
v -65.775 -62.925 7.800
v -65.775 -57.075 7.800
v -71.625 -57.075 7.800
v -71.625 -62.925 9.880
v -65.775 -62.925 9.880
v -65.775 -57.075 9.880
v -71.625 -57.075 9.880
v 69.285 59.285 0.000
v 70.715 59.285 0.000
v 70.715 60.715 0.000
v 69.285 60.715 0.000
v 69.285 59.285 5.500
v 70.715 59.285 5.500
v 70.715 60.715 5.500
v 69.285 60.715 5.500
v 66.425 56.425 4.950
v 73.575 56.425 4.950
v 73.575 63.575 4.950
v 66.425 63.575 4.950
v 66.425 56.425 7.370
v 73.575 56.425 7.370
v 73.575 63.575 7.370
v 66.425 63.575 7.370
v 68.625 57.525 6.600
v 73.575 57.525 6.600
v 73.575 62.475 6.600
v 68.625 62.475 6.600
v 68.625 57.525 8.360
v 73.575 57.525 8.360
v 73.575 62.475 8.360
v 68.625 62.475 8.360
v 59.220 -60.780 0.000
v 60.780 -60.780 0.000
v 60.780 -59.220 0.000
v 59.220 -59.220 0.000
v 59.220 -60.780 6.000
v 60.780 -60.780 6.000
v 60.780 -59.220 6.000
v 59.220 -59.220 6.000
v 56.100 -63.900 5.400
v 63.900 -63.900 5.400
v 63.900 -56.100 5.400
v 56.100 -56.100 5.400
v 56.100 -63.900 8.040
v 63.900 -63.900 8.040
v 63.900 -56.100 8.040
v 56.100 -56.100 8.040
v 58.500 -62.700 7.200
v 63.900 -62.700 7.200
v 63.900 -57.300 7.200
v 58.500 -57.300 7.200
v 58.500 -62.700 9.120
v 63.900 -62.700 9.120
v 63.900 -57.300 9.120
v 58.500 -57.300 9.120
v -150.910 39.090 0.000
v -149.090 39.090 0.000
v -149.090 40.910 0.000
v -150.910 40.910 0.000
v -150.910 39.090 7.000
v -149.090 39.090 7.000
v -149.090 40.910 7.000
v -150.910 40.910 7.000
v -154.550 35.450 6.300
v -145.450 35.450 6.300
v -145.450 44.550 6.300
v -154.550 44.550 6.300
v -154.550 35.450 9.380
v -145.450 35.450 9.380
v -145.450 44.550 9.380
v -154.550 44.550 9.380
v -151.750 36.850 8.400
v -145.450 36.850 8.400
v -145.450 43.150 8.400
v -151.750 43.150 8.400
v -151.750 36.850 10.640
v -145.450 36.850 10.640
v -145.450 43.150 10.640
v -151.750 43.150 10.640
v -150.780 -40.780 0.000
v -149.220 -40.780 0.000
v -149.220 -39.220 0.000
v -150.780 -39.220 0.000
v -150.780 -40.780 6.000
v -149.220 -40.780 6.000
v -149.220 -39.220 6.000
v -150.780 -39.220 6.000
v -153.900 -43.900 5.400
v -146.100 -43.900 5.400
v -146.100 -36.100 5.400
v -153.900 -36.100 5.400
v -153.900 -43.900 8.040
v -146.100 -43.900 8.040
v -146.100 -36.100 8.040
v -153.900 -36.100 8.040
v -151.500 -42.700 7.200
v -146.100 -42.700 7.200
v -146.100 -37.300 7.200
v -151.500 -37.300 7.200
v -151.500 -42.700 9.120
v -146.100 -42.700 9.120
v -146.100 -37.300 9.120
v -151.500 -37.300 9.120
v 149.155 59.155 0.000
v 150.845 59.155 0.000
v 150.845 60.845 0.000
v 149.155 60.845 0.000
v 149.155 59.155 6.500
v 150.845 59.155 6.500
v 150.845 60.845 6.500
v 149.155 60.845 6.500
v 145.775 55.775 5.850
v 154.225 55.775 5.850
v 154.225 64.225 5.850
v 145.775 64.225 5.850
v 145.775 55.775 8.710
v 154.225 55.775 8.710
v 154.225 64.225 8.710
v 145.775 64.225 8.710
v 148.375 57.075 7.800
v 154.225 57.075 7.800
v 154.225 62.925 7.800
v 148.375 62.925 7.800
v 148.375 57.075 9.880
v 154.225 57.075 9.880
v 154.225 62.925 9.880
v 148.375 62.925 9.880
v 149.220 -60.780 0.000
v 150.780 -60.780 0.000
v 150.780 -59.220 0.000
v 149.220 -59.220 0.000
v 149.220 -60.780 6.000
v 150.780 -60.780 6.000
v 150.780 -59.220 6.000
v 149.220 -59.220 6.000
v 146.100 -63.900 5.400
v 153.900 -63.900 5.400
v 153.900 -56.100 5.400
v 146.100 -56.100 5.400
v 146.100 -63.900 8.040
v 153.900 -63.900 8.040
v 153.900 -56.100 8.040
v 146.100 -56.100 8.040
v 148.500 -62.700 7.200
v 153.900 -62.700 7.200
v 153.900 -57.300 7.200
v 148.500 -57.300 7.200
v 148.500 -62.700 9.120
v 153.900 -62.700 9.120
v 153.900 -57.300 9.120
v 148.500 -57.300 9.120
v 39.155 149.155 0.000
v 40.845 149.155 0.000
v 40.845 150.845 0.000
v 39.155 150.845 0.000
v 39.155 149.155 6.500
v 40.845 149.155 6.500
v 40.845 150.845 6.500
v 39.155 150.845 6.500
v 35.775 145.775 5.850
v 44.225 145.775 5.850
v 44.225 154.225 5.850
v 35.775 154.225 5.850
v 35.775 145.775 8.710
v 44.225 145.775 8.710
v 44.225 154.225 8.710
v 35.775 154.225 8.710
v 38.375 147.075 7.800
v 44.225 147.075 7.800
v 44.225 152.925 7.800
v 38.375 152.925 7.800
v 38.375 147.075 9.880
v 44.225 147.075 9.880
v 44.225 152.925 9.880
v 38.375 152.925 9.880
v -40.715 149.285 0.000
v -39.285 149.285 0.000
v -39.285 150.715 0.000
v -40.715 150.715 0.000
v -40.715 149.285 5.500
v -39.285 149.285 5.500
v -39.285 150.715 5.500
v -40.715 150.715 5.500
v -43.575 146.425 4.950
v -36.425 146.425 4.950
v -36.425 153.575 4.950
v -43.575 153.575 4.950
v -43.575 146.425 7.370
v -36.425 146.425 7.370
v -36.425 153.575 7.370
v -43.575 153.575 7.370
v -41.375 147.525 6.600
v -36.425 147.525 6.600
v -36.425 152.475 6.600
v -41.375 152.475 6.600
v -41.375 147.525 8.360
v -36.425 147.525 8.360
v -36.425 152.475 8.360
v -41.375 152.475 8.360
v 39.220 -150.780 0.000
v 40.780 -150.780 0.000
v 40.780 -149.220 0.000
v 39.220 -149.220 0.000
v 39.220 -150.780 6.000
v 40.780 -150.780 6.000
v 40.780 -149.220 6.000
v 39.220 -149.220 6.000
v 36.100 -153.900 5.400
v 43.900 -153.900 5.400
v 43.900 -146.100 5.400
v 36.100 -146.100 5.400
v 36.100 -153.900 8.040
v 43.900 -153.900 8.040
v 43.900 -146.100 8.040
v 36.100 -146.100 8.040
v 38.500 -152.700 7.200
v 43.900 -152.700 7.200
v 43.900 -147.300 7.200
v 38.500 -147.300 7.200
v 38.500 -152.700 9.120
v 43.900 -152.700 9.120
v 43.900 -147.300 9.120
v 38.500 -147.300 9.120
v -40.845 -150.845 0.000
v -39.155 -150.845 0.000
v -39.155 -149.155 0.000
v -40.845 -149.155 0.000
v -40.845 -150.845 6.500
v -39.155 -150.845 6.500
v -39.155 -149.155 6.500
v -40.845 -149.155 6.500
v -44.225 -154.225 5.850
v -35.775 -154.225 5.850
v -35.775 -145.775 5.850
v -44.225 -145.775 5.850
v -44.225 -154.225 8.710
v -35.775 -154.225 8.710
v -35.775 -145.775 8.710
v -44.225 -145.775 8.710
v -41.625 -152.925 7.800
v -35.775 -152.925 7.800
v -35.775 -147.075 7.800
v -41.625 -147.075 7.800
v -41.625 -152.925 9.880
v -35.775 -152.925 9.880
v -35.775 -147.075 9.880
v -41.625 -147.075 9.880
v 119.220 119.220 0.000
v 120.780 119.220 0.000
v 120.780 120.780 0.000
v 119.220 120.780 0.000
v 119.220 119.220 6.000
v 120.780 119.220 6.000
v 120.780 120.780 6.000
v 119.220 120.780 6.000
v 116.100 116.100 5.400
v 123.900 116.100 5.400
v 123.900 123.900 5.400
v 116.100 123.900 5.400
v 116.100 116.100 8.040
v 123.900 116.100 8.040
v 123.900 123.900 8.040
v 116.100 123.900 8.040
v 118.500 117.300 7.200
v 123.900 117.300 7.200
v 123.900 122.700 7.200
v 118.500 122.700 7.200
v 118.500 117.300 9.120
v 123.900 117.300 9.120
v 123.900 122.700 9.120
v 118.500 122.700 9.120
v -120.845 -120.845 0.000
v -119.155 -120.845 0.000
v -119.155 -119.155 0.000
v -120.845 -119.155 0.000
v -120.845 -120.845 6.500
v -119.155 -120.845 6.500
v -119.155 -119.155 6.500
v -120.845 -119.155 6.500
v -124.225 -124.225 5.850
v -115.775 -124.225 5.850
v -115.775 -115.775 5.850
v -124.225 -115.775 5.850
v -124.225 -124.225 8.710
v -115.775 -124.225 8.710
v -115.775 -115.775 8.710
v -124.225 -115.775 8.710
v -121.625 -122.925 7.800
v -115.775 -122.925 7.800
v -115.775 -117.075 7.800
v -121.625 -117.075 7.800
v -121.625 -122.925 9.880
v -115.775 -122.925 9.880
v -115.775 -117.075 9.880
v -121.625 -117.075 9.880
v 119.285 -140.715 0.000
v 120.715 -140.715 0.000
v 120.715 -139.285 0.000
v 119.285 -139.285 0.000
v 119.285 -140.715 5.500
v 120.715 -140.715 5.500
v 120.715 -139.285 5.500
v 119.285 -139.285 5.500
v 116.425 -143.575 4.950
v 123.575 -143.575 4.950
v 123.575 -136.425 4.950
v 116.425 -136.425 4.950
v 116.425 -143.575 7.370
v 123.575 -143.575 7.370
v 123.575 -136.425 7.370
v 116.425 -136.425 7.370
v 118.625 -142.475 6.600
v 123.575 -142.475 6.600
v 123.575 -137.525 6.600
v 118.625 -137.525 6.600
v 118.625 -142.475 8.360
v 123.575 -142.475 8.360
v 123.575 -137.525 8.360
v 118.625 -137.525 8.360
v -140.780 139.220 0.000
v -139.220 139.220 0.000
v -139.220 140.780 0.000
v -140.780 140.780 0.000
v -140.780 139.220 6.000
v -139.220 139.220 6.000
v -139.220 140.780 6.000
v -140.780 140.780 6.000
v -143.900 136.100 5.400
v -136.100 136.100 5.400
v -136.100 143.900 5.400
v -143.900 143.900 5.400
v -143.900 136.100 8.040
v -136.100 136.100 8.040
v -136.100 143.900 8.040
v -143.900 143.900 8.040
v -141.500 137.300 7.200
v -136.100 137.300 7.200
v -136.100 142.700 7.200
v -141.500 142.700 7.200
v -141.500 137.300 9.120
v -136.100 137.300 9.120
v -136.100 142.700 9.120
v -141.500 142.700 9.120
v -180.660 99.340 0.000
v -179.340 99.340 0.000
v -179.340 100.660 0.000
v -180.660 100.660 0.000
v -180.660 99.340 4.800
v -179.340 99.340 4.800
v -179.340 100.660 4.800
v -180.660 100.660 4.800
v -183.300 96.700 4.080
v -176.700 96.700 4.080
v -176.700 103.300 4.080
v -183.300 103.300 4.080
v -183.300 96.700 6.480
v -176.700 96.700 6.480
v -176.700 103.300 6.480
v -183.300 103.300 6.480
v -182.400 97.600 5.880
v -177.600 97.600 5.880
v -177.600 102.400 5.880
v -182.400 102.400 5.880
v -182.400 97.600 8.040
v -177.600 97.600 8.040
v -177.600 102.400 8.040
v -182.400 102.400 8.040
v -181.560 98.440 7.620
v -178.440 98.440 7.620
v -178.440 101.560 7.620
v -181.560 101.560 7.620
v -181.560 98.440 9.420
v -178.440 98.440 9.420
v -178.440 101.560 9.420
v -181.560 101.560 9.420
v -180.715 -100.715 0.000
v -179.285 -100.715 0.000
v -179.285 -99.285 0.000
v -180.715 -99.285 0.000
v -180.715 -100.715 5.200
v -179.285 -100.715 5.200
v -179.285 -99.285 5.200
v -180.715 -99.285 5.200
v -183.575 -103.575 4.420
v -176.425 -103.575 4.420
v -176.425 -96.425 4.420
v -183.575 -96.425 4.420
v -183.575 -103.575 7.020
v -176.425 -103.575 7.020
v -176.425 -96.425 7.020
v -183.575 -96.425 7.020
v -182.600 -102.600 6.370
v -177.400 -102.600 6.370
v -177.400 -97.400 6.370
v -182.600 -97.400 6.370
v -182.600 -102.600 8.710
v -177.400 -102.600 8.710
v -177.400 -97.400 8.710
v -182.600 -97.400 8.710
v -181.690 -101.690 8.255
v -178.310 -101.690 8.255
v -178.310 -98.310 8.255
v -181.690 -98.310 8.255
v -181.690 -101.690 10.205
v -178.310 -101.690 10.205
v -178.310 -98.310 10.205
v -181.690 -98.310 10.205
v 179.395 119.395 0.000
v 180.605 119.395 0.000
v 180.605 120.605 0.000
v 179.395 120.605 0.000
v 179.395 119.395 4.400
v 180.605 119.395 4.400
v 180.605 120.605 4.400
v 179.395 120.605 4.400
v 176.975 116.975 3.740
v 183.025 116.975 3.740
v 183.025 123.025 3.740
v 176.975 123.025 3.740
v 176.975 116.975 5.940
v 183.025 116.975 5.940
v 183.025 123.025 5.940
v 176.975 123.025 5.940
v 177.800 117.800 5.390
v 182.200 117.800 5.390
v 182.200 122.200 5.390
v 177.800 122.200 5.390
v 177.800 117.800 7.370
v 182.200 117.800 7.370
v 182.200 122.200 7.370
v 177.800 122.200 7.370
v 178.570 118.570 6.985
v 181.430 118.570 6.985
v 181.430 121.430 6.985
v 178.570 121.430 6.985
v 178.570 118.570 8.635
v 181.430 118.570 8.635
v 181.430 121.430 8.635
v 178.570 121.430 8.635
v 179.340 -120.660 0.000
v 180.660 -120.660 0.000
v 180.660 -119.340 0.000
v 179.340 -119.340 0.000
v 179.340 -120.660 4.800
v 180.660 -120.660 4.800
v 180.660 -119.340 4.800
v 179.340 -119.340 4.800
v 176.700 -123.300 4.080
v 183.300 -123.300 4.080
v 183.300 -116.700 4.080
v 176.700 -116.700 4.080
v 176.700 -123.300 6.480
v 183.300 -123.300 6.480
v 183.300 -116.700 6.480
v 176.700 -116.700 6.480
v 177.600 -122.400 5.880
v 182.400 -122.400 5.880
v 182.400 -117.600 5.880
v 177.600 -117.600 5.880
v 177.600 -122.400 8.040
v 182.400 -122.400 8.040
v 182.400 -117.600 8.040
v 177.600 -117.600 8.040
v 178.440 -121.560 7.620
v 181.560 -121.560 7.620
v 181.560 -118.440 7.620
v 178.440 -118.440 7.620
v 178.440 -121.560 9.420
v 181.560 -121.560 9.420
v 181.560 -118.440 9.420
v 178.440 -118.440 9.420
v 99.285 179.285 0.000
v 100.715 179.285 0.000
v 100.715 180.715 0.000
v 99.285 180.715 0.000
v 99.285 179.285 5.200
v 100.715 179.285 5.200
v 100.715 180.715 5.200
v 99.285 180.715 5.200
v 96.425 176.425 4.420
v 103.575 176.425 4.420
v 103.575 183.575 4.420
v 96.425 183.575 4.420
v 96.425 176.425 7.020
v 103.575 176.425 7.020
v 103.575 183.575 7.020
v 96.425 183.575 7.020
v 97.400 177.400 6.370
v 102.600 177.400 6.370
v 102.600 182.600 6.370
v 97.400 182.600 6.370
v 97.400 177.400 8.710
v 102.600 177.400 8.710
v 102.600 182.600 8.710
v 97.400 182.600 8.710
v 98.310 178.310 8.255
v 101.690 178.310 8.255
v 101.690 181.690 8.255
v 98.310 181.690 8.255
v 98.310 178.310 10.205
v 101.690 178.310 10.205
v 101.690 181.690 10.205
v 98.310 181.690 10.205
v -100.605 179.395 0.000
v -99.395 179.395 0.000
v -99.395 180.605 0.000
v -100.605 180.605 0.000
v -100.605 179.395 4.400
v -99.395 179.395 4.400
v -99.395 180.605 4.400
v -100.605 180.605 4.400
v -103.025 176.975 3.740
v -96.975 176.975 3.740
v -96.975 183.025 3.740
v -103.025 183.025 3.740
v -103.025 176.975 5.940
v -96.975 176.975 5.940
v -96.975 183.025 5.940
v -103.025 183.025 5.940
v -102.200 177.800 5.390
v -97.800 177.800 5.390
v -97.800 182.200 5.390
v -102.200 182.200 5.390
v -102.200 177.800 7.370
v -97.800 177.800 7.370
v -97.800 182.200 7.370
v -102.200 182.200 7.370
v -101.430 178.570 6.985
v -98.570 178.570 6.985
v -98.570 181.430 6.985
v -101.430 181.430 6.985
v -101.430 178.570 8.635
v -98.570 178.570 8.635
v -98.570 181.430 8.635
v -101.430 181.430 8.635
v 99.340 -180.660 0.000
v 100.660 -180.660 0.000
v 100.660 -179.340 0.000
v 99.340 -179.340 0.000
v 99.340 -180.660 4.800
v 100.660 -180.660 4.800
v 100.660 -179.340 4.800
v 99.340 -179.340 4.800
v 96.700 -183.300 4.080
v 103.300 -183.300 4.080
v 103.300 -176.700 4.080
v 96.700 -176.700 4.080
v 96.700 -183.300 6.480
v 103.300 -183.300 6.480
v 103.300 -176.700 6.480
v 96.700 -176.700 6.480
v 97.600 -182.400 5.880
v 102.400 -182.400 5.880
v 102.400 -177.600 5.880
v 97.600 -177.600 5.880
v 97.600 -182.400 8.040
v 102.400 -182.400 8.040
v 102.400 -177.600 8.040
v 97.600 -177.600 8.040
v 98.440 -181.560 7.620
v 101.560 -181.560 7.620
v 101.560 -178.440 7.620
v 98.440 -178.440 7.620
v 98.440 -181.560 9.420
v 101.560 -181.560 9.420
v 101.560 -178.440 9.420
v 98.440 -178.440 9.420
v -100.715 -180.715 0.000
v -99.285 -180.715 0.000
v -99.285 -179.285 0.000
v -100.715 -179.285 0.000
v -100.715 -180.715 5.200
v -99.285 -180.715 5.200
v -99.285 -179.285 5.200
v -100.715 -179.285 5.200
v -103.575 -183.575 4.420
v -96.425 -183.575 4.420
v -96.425 -176.425 4.420
v -103.575 -176.425 4.420
v -103.575 -183.575 7.020
v -96.425 -183.575 7.020
v -96.425 -176.425 7.020
v -103.575 -176.425 7.020
v -102.600 -182.600 6.370
v -97.400 -182.600 6.370
v -97.400 -177.400 6.370
v -102.600 -177.400 6.370
v -102.600 -182.600 8.710
v -97.400 -182.600 8.710
v -97.400 -177.400 8.710
v -102.600 -177.400 8.710
v -101.690 -181.690 8.255
v -98.310 -181.690 8.255
v -98.310 -178.310 8.255
v -101.690 -178.310 8.255
v -101.690 -181.690 10.205
v -98.310 -181.690 10.205
v -98.310 -178.310 10.205
v -101.690 -178.310 10.205
v -0.660 209.340 0.000
v 0.660 209.340 0.000
v 0.660 210.660 0.000
v -0.660 210.660 0.000
v -0.660 209.340 4.800
v 0.660 209.340 4.800
v 0.660 210.660 4.800
v -0.660 210.660 4.800
v -3.300 206.700 4.080
v 3.300 206.700 4.080
v 3.300 213.300 4.080
v -3.300 213.300 4.080
v -3.300 206.700 6.480
v 3.300 206.700 6.480
v 3.300 213.300 6.480
v -3.300 213.300 6.480
v -2.400 207.600 5.880
v 2.400 207.600 5.880
v 2.400 212.400 5.880
v -2.400 212.400 5.880
v -2.400 207.600 8.040
v 2.400 207.600 8.040
v 2.400 212.400 8.040
v -2.400 212.400 8.040
v -1.560 208.440 7.620
v 1.560 208.440 7.620
v 1.560 211.560 7.620
v -1.560 211.560 7.620
v -1.560 208.440 9.420
v 1.560 208.440 9.420
v 1.560 211.560 9.420
v -1.560 211.560 9.420
v 209.395 -0.605 0.000
v 210.605 -0.605 0.000
v 210.605 0.605 0.000
v 209.395 0.605 0.000
v 209.395 -0.605 4.400
v 210.605 -0.605 4.400
v 210.605 0.605 4.400
v 209.395 0.605 4.400
v 206.975 -3.025 3.740
v 213.025 -3.025 3.740
v 213.025 3.025 3.740
v 206.975 3.025 3.740
v 206.975 -3.025 5.940
v 213.025 -3.025 5.940
v 213.025 3.025 5.940
v 206.975 3.025 5.940
v 207.800 -2.200 5.390
v 212.200 -2.200 5.390
v 212.200 2.200 5.390
v 207.800 2.200 5.390
v 207.800 -2.200 7.370
v 212.200 -2.200 7.370
v 212.200 2.200 7.370
v 207.800 2.200 7.370
v 208.570 -1.430 6.985
v 211.430 -1.430 6.985
v 211.430 1.430 6.985
v 208.570 1.430 6.985
v 208.570 -1.430 8.635
v 211.430 -1.430 8.635
v 211.430 1.430 8.635
v 208.570 1.430 8.635
v -210.660 -0.660 0.000
v -209.340 -0.660 0.000
v -209.340 0.660 0.000
v -210.660 0.660 0.000
v -210.660 -0.660 4.800
v -209.340 -0.660 4.800
v -209.340 0.660 4.800
v -210.660 0.660 4.800
v -213.300 -3.300 4.080
v -206.700 -3.300 4.080
v -206.700 3.300 4.080
v -213.300 3.300 4.080
v -213.300 -3.300 6.480
v -206.700 -3.300 6.480
v -206.700 3.300 6.480
v -213.300 3.300 6.480
v -212.400 -2.400 5.880
v -207.600 -2.400 5.880
v -207.600 2.400 5.880
v -212.400 2.400 5.880
v -212.400 -2.400 8.040
v -207.600 -2.400 8.040
v -207.600 2.400 8.040
v -212.400 2.400 8.040
v -211.560 -1.560 7.620
v -208.440 -1.560 7.620
v -208.440 1.560 7.620
v -211.560 1.560 7.620
v -211.560 -1.560 9.420
v -208.440 -1.560 9.420
v -208.440 1.560 9.420
v -211.560 1.560 9.420
v -0.715 -210.715 0.000
v 0.715 -210.715 0.000
v 0.715 -209.285 0.000
v -0.715 -209.285 0.000
v -0.715 -210.715 5.200
v 0.715 -210.715 5.200
v 0.715 -209.285 5.200
v -0.715 -209.285 5.200
v -3.575 -213.575 4.420
v 3.575 -213.575 4.420
v 3.575 -206.425 4.420
v -3.575 -206.425 4.420
v -3.575 -213.575 7.020
v 3.575 -213.575 7.020
v 3.575 -206.425 7.020
v -3.575 -206.425 7.020
v -2.600 -212.600 6.370
v 2.600 -212.600 6.370
v 2.600 -207.400 6.370
v -2.600 -207.400 6.370
v -2.600 -212.600 8.710
v 2.600 -212.600 8.710
v 2.600 -207.400 8.710
v -2.600 -207.400 8.710
v -1.690 -211.690 8.255
v 1.690 -211.690 8.255
v 1.690 -208.310 8.255
v -1.690 -208.310 8.255
v -1.690 -211.690 10.205
v 1.690 -211.690 10.205
v 1.690 -208.310 10.205
v -1.690 -208.310 10.205
v -31.100 48.900 -0.050
v -28.900 48.900 -0.050
v -28.900 51.100 -0.050
v -31.100 51.100 -0.050
v -31.100 48.900 1.250
v -28.900 48.900 1.250
v -28.900 51.100 1.250
v -31.100 51.100 1.250
v -29.575 50.425 1.100
v -29.225 50.425 1.100
v -29.225 50.775 1.100
v -29.575 50.775 1.100
v -29.575 50.425 1.600
v -29.225 50.425 1.600
v -29.225 50.775 1.600
v -29.575 50.775 1.600
v 28.900 50.900 -0.050
v 31.100 50.900 -0.050
v 31.100 53.100 -0.050
v 28.900 53.100 -0.050
v 28.900 50.900 1.250
v 31.100 50.900 1.250
v 31.100 53.100 1.250
v 28.900 53.100 1.250
v 30.425 52.425 1.100
v 30.775 52.425 1.100
v 30.775 52.775 1.100
v 30.425 52.775 1.100
v 30.425 52.425 1.600
v 30.775 52.425 1.600
v 30.775 52.775 1.600
v 30.425 52.775 1.600
v -53.100 -51.100 -0.050
v -50.900 -51.100 -0.050
v -50.900 -48.900 -0.050
v -53.100 -48.900 -0.050
v -53.100 -51.100 1.250
v -50.900 -51.100 1.250
v -50.900 -48.900 1.250
v -53.100 -48.900 1.250
v -51.575 -49.575 1.100
v -51.225 -49.575 1.100
v -51.225 -49.225 1.100
v -51.575 -49.225 1.100
v -51.575 -49.575 1.600
v -51.225 -49.575 1.600
v -51.225 -49.225 1.600
v -51.575 -49.225 1.600
v 50.900 -53.100 -0.050
v 53.100 -53.100 -0.050
v 53.100 -50.900 -0.050
v 50.900 -50.900 -0.050
v 50.900 -53.100 1.250
v 53.100 -53.100 1.250
v 53.100 -50.900 1.250
v 50.900 -50.900 1.250
v 52.425 -51.575 1.100
v 52.775 -51.575 1.100
v 52.775 -51.225 1.100
v 52.425 -51.225 1.100
v 52.425 -51.575 1.600
v 52.775 -51.575 1.600
v 52.775 -51.225 1.600
v 52.425 -51.225 1.600
v -101.100 -21.100 -0.050
v -98.900 -21.100 -0.050
v -98.900 -18.900 -0.050
v -101.100 -18.900 -0.050
v -101.100 -21.100 1.250
v -98.900 -21.100 1.250
v -98.900 -18.900 1.250
v -101.100 -18.900 1.250
v -99.575 -19.575 1.100
v -99.225 -19.575 1.100
v -99.225 -19.225 1.100
v -99.575 -19.225 1.100
v -99.575 -19.575 1.600
v -99.225 -19.575 1.600
v -99.225 -19.225 1.600
v -99.575 -19.225 1.600
v 98.900 18.900 -0.050
v 101.100 18.900 -0.050
v 101.100 21.100 -0.050
v 98.900 21.100 -0.050
v 98.900 18.900 1.250
v 101.100 18.900 1.250
v 101.100 21.100 1.250
v 98.900 21.100 1.250
v 100.425 20.425 1.100
v 100.775 20.425 1.100
v 100.775 20.775 1.100
v 100.425 20.775 1.100
v 100.425 20.425 1.600
v 100.775 20.425 1.600
v 100.775 20.775 1.600
v 100.425 20.775 1.600
v -21.100 108.900 -0.050
v -18.900 108.900 -0.050
v -18.900 111.100 -0.050
v -21.100 111.100 -0.050
v -21.100 108.900 1.250
v -18.900 108.900 1.250
v -18.900 111.100 1.250
v -21.100 111.100 1.250
v -19.575 110.425 1.100
v -19.225 110.425 1.100
v -19.225 110.775 1.100
v -19.575 110.775 1.100
v -19.575 110.425 1.600
v -19.225 110.425 1.600
v -19.225 110.775 1.600
v -19.575 110.775 1.600
v 22.900 -109.100 -0.050
v 25.100 -109.100 -0.050
v 25.100 -106.900 -0.050
v 22.900 -106.900 -0.050
v 22.900 -109.100 1.250
v 25.100 -109.100 1.250
v 25.100 -106.900 1.250
v 22.900 -106.900 1.250
v 24.425 -107.575 1.100
v 24.775 -107.575 1.100
v 24.775 -107.225 1.100
v 24.425 -107.225 1.100
v 24.425 -107.575 1.600
v 24.775 -107.575 1.600
v 24.775 -107.225 1.600
v 24.425 -107.225 1.600
v 138.900 138.900 -0.050
v 141.100 138.900 -0.050
v 141.100 141.100 -0.050
v 138.900 141.100 -0.050
v 138.900 138.900 1.250
v 141.100 138.900 1.250
v 141.100 141.100 1.250
v 138.900 141.100 1.250
v 140.425 140.425 1.100
v 140.775 140.425 1.100
v 140.775 140.775 1.100
v 140.425 140.775 1.100
v 140.425 140.425 1.600
v 140.775 140.425 1.600
v 140.775 140.775 1.600
v 140.425 140.775 1.600
v -141.100 -141.100 -0.050
v -138.900 -141.100 -0.050
v -138.900 -138.900 -0.050
v -141.100 -138.900 -0.050
v -141.100 -141.100 1.250
v -138.900 -141.100 1.250
v -138.900 -138.900 1.250
v -141.100 -138.900 1.250
v -139.575 -139.575 1.100
v -139.225 -139.575 1.100
v -139.225 -139.225 1.100
v -139.575 -139.225 1.100
v -139.575 -139.575 1.600
v -139.225 -139.575 1.600
v -139.225 -139.225 1.600
v -139.575 -139.225 1.600
v -90.926 -1.180 -0.800
v -88.608 -0.559 -0.800
v -89.074 1.180 -0.800
v -91.392 0.559 -0.800
v -90.926 -1.180 1.600
v -88.608 -0.559 1.600
v -89.074 1.180 1.600
v -91.392 0.559 1.600
v 88.804 89.637 -0.600
v 90.683 88.953 -0.600
v 91.196 90.363 -0.600
v 89.317 91.047 -0.600
v 88.804 89.637 1.400
v 90.683 88.953 1.400
v 91.196 90.363 1.400
v 89.317 91.047 1.400
v -95.687 -111.609 -0.900
v -93.263 -110.209 -0.900
v -94.313 -108.391 -0.900
v -96.737 -109.791 -0.900
v -95.687 -111.609 1.900
v -93.263 -110.209 1.900
v -94.313 -108.391 1.900
v -96.737 -109.791 1.900
v 129.060 -61.003 -0.700
v 131.227 -60.621 -0.700
v 130.940 -58.997 -0.700
v 128.773 -59.379 -0.700
v 129.060 -61.003 1.500
v 131.227 -60.621 1.500
v 130.940 -58.997 1.500
v 128.773 -59.379 1.500
v -131.338 59.322 -0.800
v -128.975 58.905 -0.800
v -128.662 60.678 -0.800
v -131.025 61.095 -0.800
v -131.338 59.322 1.600
v -128.975 58.905 1.600
v -128.662 60.678 1.600
v -131.025 61.095 1.600
v 28.700 189.025 -0.800
v 31.300 189.025 -0.800
v 31.300 190.975 -0.800
v 28.700 190.975 -0.800
v 28.700 189.025 1.800
v 31.300 189.025 1.800
v 31.300 190.975 1.800
v 28.700 190.975 1.800
v 51.100 79.100 0.000
v 52.900 79.100 0.000
v 52.900 80.900 0.000
v 51.100 80.900 0.000
v 51.100 79.100 1.800
v 52.900 79.100 1.800
v 52.900 80.900 1.800
v 51.100 80.900 1.800
v 53.100 79.100 0.000
v 54.900 79.100 0.000
v 54.900 80.900 0.000
v 53.100 80.900 0.000
v 53.100 79.100 1.800
v 54.900 79.100 1.800
v 54.900 80.900 1.800
v 53.100 80.900 1.800
v -52.900 -78.900 0.000
v -51.100 -78.900 0.000
v -51.100 -77.100 0.000
v -52.900 -77.100 0.000
v -52.900 -78.900 1.800
v -51.100 -78.900 1.800
v -51.100 -77.100 1.800
v -52.900 -77.100 1.800
v 93.100 33.100 0.000
v 94.900 33.100 0.000
v 94.900 34.900 0.000
v 93.100 34.900 0.000
v 93.100 33.100 1.800
v 94.900 33.100 1.800
v 94.900 34.900 1.800
v 93.100 34.900 1.800
v 95.100 33.100 0.000
v 96.900 33.100 0.000
v 96.900 34.900 0.000
v 95.100 34.900 0.000
v 95.100 33.100 1.800
v 96.900 33.100 1.800
v 96.900 34.900 1.800
v 95.100 34.900 1.800
v -74.900 111.100 0.000
v -73.100 111.100 0.000
v -73.100 112.900 0.000
v -74.900 112.900 0.000
v -74.900 111.100 1.800
v -73.100 111.100 1.800
v -73.100 112.900 1.800
v -74.900 112.900 1.800
v 49.300 81.300 0.000
v 50.700 81.300 0.000
v 50.700 82.700 0.000
v 49.300 82.700 0.000
v 49.300 81.300 1.800
v 50.700 81.300 1.800
v 50.700 82.700 1.800
v 49.300 82.700 1.800
v -50.700 -76.700 0.000
v -49.300 -76.700 0.000
v -49.300 -75.300 0.000
v -50.700 -75.300 0.000
v -50.700 -76.700 1.800
v -49.300 -76.700 1.800
v -49.300 -75.300 1.800
v -50.700 -75.300 1.800
v 91.300 35.300 0.000
v 92.700 35.300 0.000
v 92.700 36.700 0.000
v 91.300 36.700 0.000
v 91.300 35.300 1.800
v 92.700 35.300 1.800
v 92.700 36.700 1.800
v 91.300 36.700 1.800
vt 0 0
vt 125 0
vt 125 125
vt 0 125
vt 0 0
vt 125 0
vt 125 125
vt 0 125
vt 0 0
vt 125 0
vt 125 1
vt 0 1
vt 0 0
vt 125 0
vt 125 1
vt 0 1
vt 0 0
vt 125 0
vt 125 1
vt 0 1
vt 0 0
vt 125 0
vt 125 1
vt 0 1
vt 0 0
vt 13 0
vt 13 13
vt 0 13
vt 0 0
vt 13 0
vt 13 13
vt 0 13
vt 0 0
vt 13 0
vt 13 1
vt 0 1
vt 0 0
vt 13 0
vt 13 1
vt 0 1
vt 0 0
vt 13 0
vt 13 1
vt 0 1
vt 0 0
vt 13 0
vt 13 1
vt 0 1
vt 0 0
vt 2 0
vt 2 56
vt 0 56
vt 0 0
vt 2 0
vt 2 56
vt 0 56
vt 0 0
vt 2 0
vt 2 1
vt 0 1
vt 0 0
vt 56 0
vt 56 1
vt 0 1
vt 0 0
vt 2 0
vt 2 1
vt 0 1
vt 0 0
vt 56 0
vt 56 1
vt 0 1
vt 0 0
vt 2 0
vt 2 56
vt 0 56
vt 0 0
vt 2 0
vt 2 56
vt 0 56
vt 0 0
vt 2 0
vt 2 1
vt 0 1
vt 0 0
vt 56 0
vt 56 1
vt 0 1
vt 0 0
vt 2 0
vt 2 1
vt 0 1
vt 0 0
vt 56 0
vt 56 1
vt 0 1
vt 0 0
vt 56 0
vt 56 2
vt 0 2
vt 0 0
vt 56 0
vt 56 2
vt 0 2
vt 0 0
vt 56 0
vt 56 1
vt 0 1
vt 0 0
vt 2 0
vt 2 1
vt 0 1
vt 0 0
vt 56 0
vt 56 1
vt 0 1
vt 0 0
vt 2 0
vt 2 1
vt 0 1
vt 0 0
vt 56 0
vt 56 2
vt 0 2
vt 0 0
vt 56 0
vt 56 2
vt 0 2
vt 0 0
vt 56 0
vt 56 1
vt 0 1
vt 0 0
vt 2 0
vt 2 1
vt 0 1
vt 0 0
vt 56 0
vt 56 1
vt 0 1
vt 0 0
vt 2 0
vt 2 1
vt 0 1
vt 0 0
vt 2 0
vt 2 2
vt 0 2
vt 0 0
vt 2 0
vt 2 2
vt 0 2
vt 0 0
vt 2 0
vt 2 1
vt 0 1
vt 0 0
vt 2 0
vt 2 1
vt 0 1
vt 0 0
vt 2 0
vt 2 1
vt 0 1
vt 0 0
vt 2 0
vt 2 1
vt 0 1
vt 0 0
vt 2 0
vt 2 1
vt 0 1
vt 0 0
vt 2 0
vt 2 1
vt 0 1
vt 0 0
vt 2 0
vt 2 1
vt 0 1
vt 0 0
vt 1 0
vt 1 1
vt 0 1
vt 0 0
vt 2 0
vt 2 1
vt 0 1
vt 0 0
vt 1 0
vt 1 1
vt 0 1
vt 0 0
vt 2 0
vt 2 1
vt 0 1
vt 0 0
vt 2 0
vt 2 1
vt 0 1
vt 0 0
vt 2 0
vt 2 1
vt 0 1
vt 0 0
vt 1 0
vt 1 1
vt 0 1
vt 0 0
vt 2 0
vt 2 1
vt 0 1
vt 0 0
vt 1 0
vt 1 1
vt 0 1
vt 0 0
vt 2 0
vt 2 2
vt 0 2
vt 0 0
vt 2 0
vt 2 2
vt 0 2
vt 0 0
vt 2 0
vt 2 1
vt 0 1
vt 0 0
vt 2 0
vt 2 1
vt 0 1
vt 0 0
vt 2 0
vt 2 1
vt 0 1
vt 0 0
vt 2 0
vt 2 1
vt 0 1
vt 0 0
vt 1 0
vt 1 1
vt 0 1
vt 0 0
vt 1 0
vt 1 1
vt 0 1
vt 0 0
vt 1 0
vt 1 1
vt 0 1
vt 0 0
vt 1 0
vt 1 1
vt 0 1
vt 0 0
vt 1 0
vt 1 1
vt 0 1
vt 0 0
vt 1 0
vt 1 1
vt 0 1
vt 0 0
vt 1 0
vt 1 1
vt 0 1
vt 0 0
vt 1 0
vt 1 1
vt 0 1
vt 0 0
vt 1 0
vt 1 1
vt 0 1
vt 0 0
vt 1 0
vt 1 1
vt 0 1
vt 0 0
vt 1 0
vt 1 1
vt 0 1
vt 0 0
vt 1 0
vt 1 1
vt 0 1
vt 0 0
vt 1 0
vt 1 1
vt 0 1
vt 0 0
vt 1 0
vt 1 1
vt 0 1
vt 0 0
vt 1 0
vt 1 1
vt 0 1
vt 0 0
vt 1 0
vt 1 1
vt 0 1
vt 0 0
vt 1 0
vt 1 1
vt 0 1
vt 0 0
vt 1 0
vt 1 1
vt 0 1
vt 0 0
vt 1 0
vt 1 1
vt 0 1
vt 0 0
vt 1 0
vt 1 1
vt 0 1
vt 0 0
vt 1 0
vt 1 1
vt 0 1
vt 0 0
vt 1 0
vt 1 1
vt 0 1
vt 0 0
vt 1 0
vt 1 1
vt 0 1
vt 0 0
vt 1 0
vt 1 1
vt 0 1
vt 0 0
vt 1 0
vt 1 1
vt 0 1
vt 0 0
vt 1 0
vt 1 1
vt 0 1
vt 0 0
vt 1 0
vt 1 1
vt 0 1
vt 0 0
vt 1 0
vt 1 1
vt 0 1
vt 0 0
vt 1 0
vt 1 1
vt 0 1
vt 0 0
vt 1 0
vt 1 1
vt 0 1
vt 0 0
vt 1 0
vt 1 1
vt 0 1
vt 0 0
vt 1 0
vt 1 1
vt 0 1
vt 0 0
vt 1 0
vt 1 1
vt 0 1
vt 0 0
vt 1 0
vt 1 1
vt 0 1
vt 0 0
vt 1 0
vt 1 1
vt 0 1
vt 0 0
vt 1 0
vt 1 1
vt 0 1
vt 0 0
vt 1 0
vt 1 1
vt 0 1
vt 0 0
vt 1 0
vt 1 1
vt 0 1
vt 0 0
vt 1 0
vt 1 1
vt 0 1
vt 0 0
vt 1 0
vt 1 1
vt 0 1
vt 0 0
vt 1 0
vt 1 1
vt 0 1
vt 0 0
vt 1 0
vt 1 1
vt 0 1
vt 0 0
vt 1 0
vt 1 1
vt 0 1
vt 0 0
vt 1 0
vt 1 1
vt 0 1
vt 0 0
vt 1 0
vt 1 1
vt 0 1
vt 0 0
vt 1 0
vt 1 1
vt 0 1
vt 0 0
vt 1 0
vt 1 1
vt 0 1
vt 0 0
vt 1 0
vt 1 1
vt 0 1
vt 0 0
vt 1 0
vt 1 1
vt 0 1
vt 0 0
vt 1 0
vt 1 1
vt 0 1
vt 0 0
vt 1 0
vt 1 1
vt 0 1
vt 0 0
vt 1 0
vt 1 1
vt 0 1
vt 0 0
vt 1 0
vt 1 1
vt 0 1
vt 0 0
vt 1 0
vt 1 1
vt 0 1
vt 0 0
vt 1 0
vt 1 1
vt 0 1
vt 0 0
vt 1 0
vt 1 1
vt 0 1
vt 0 0
vt 1 0
vt 1 1
vt 0 1
vt 0 0
vt 1 0
vt 1 1
vt 0 1
vt 0 0
vt 1 0
vt 1 1
vt 0 1
vt 0 0
vt 1 0
vt 1 1
vt 0 1
vt 0 0
vt 1 0
vt 1 1
vt 0 1
vt 0 0
vt 1 0
vt 1 1
vt 0 1
vt 0 0
vt 1 0
vt 1 1
vt 0 1
vt 0 0
vt 1 0
vt 1 1
vt 0 1
vt 0 0
vt 1 0
vt 1 1
vt 0 1
vt 0 0
vt 1 0
vt 1 1
vt 0 1
vt 0 0
vt 12 0
vt 12 12
vt 0 12
vt 0 0
vt 12 0
vt 12 12
vt 0 12
vt 0 0
vt 12 0
vt 12 1
vt 0 1
vt 0 0
vt 12 0
vt 12 1
vt 0 1
vt 0 0
vt 12 0
vt 12 1
vt 0 1
vt 0 0
vt 12 0
vt 12 1
vt 0 1
vt 0 0
vt 15 0
vt 15 10
vt 0 10
vt 0 0
vt 15 0
vt 15 10
vt 0 10
vt 0 0
vt 15 0
vt 15 1
vt 0 1
vt 0 0
vt 10 0
vt 10 1
vt 0 1
vt 0 0
vt 15 0
vt 15 1
vt 0 1
vt 0 0
vt 10 0
vt 10 1
vt 0 1
vt 0 0
vt 18 0
vt 18 12
vt 0 12
vt 0 0
vt 18 0
vt 18 12
vt 0 12
vt 0 0
vt 18 0
vt 18 1
vt 0 1
vt 0 0
vt 12 0
vt 12 1
vt 0 1
vt 0 0
vt 18 0
vt 18 1
vt 0 1
vt 0 0
vt 12 0
vt 12 1
vt 0 1
vt 0 0
vt 14 0
vt 14 11
vt 0 11
vt 0 0
vt 14 0
vt 14 11
vt 0 11
vt 0 0
vt 14 0
vt 14 1
vt 0 1
vt 0 0
vt 11 0
vt 11 1
vt 0 1
vt 0 0
vt 14 0
vt 14 1
vt 0 1
vt 0 0
vt 11 0
vt 11 1
vt 0 1
vt 0 0
vt 15 0
vt 15 14
vt 0 14
vt 0 0
vt 15 0
vt 15 14
vt 0 14
vt 0 0
vt 15 0
vt 15 1
vt 0 1
vt 0 0
vt 14 0
vt 14 1
vt 0 1
vt 0 0
vt 15 0
vt 15 1
vt 0 1
vt 0 0
vt 14 0
vt 14 1
vt 0 1
vt 0 0
vt 20 0
vt 20 10
vt 0 10
vt 0 0
vt 20 0
vt 20 10
vt 0 10
vt 0 0
vt 20 0
vt 20 1
vt 0 1
vt 0 0
vt 10 0
vt 10 1
vt 0 1
vt 0 0
vt 20 0
vt 20 1
vt 0 1
vt 0 0
vt 10 0
vt 10 1
vt 0 1
vt 0 0
vt 1 0
vt 1 1
vt 0 1
vt 0 0
vt 1 0
vt 1 1
vt 0 1
vt 0 0
vt 1 0
vt 1 1
vt 0 1
vt 0 0
vt 1 0
vt 1 1
vt 0 1
vt 0 0
vt 1 0
vt 1 1
vt 0 1
vt 0 0
vt 1 0
vt 1 1
vt 0 1
vt 0 0
vt 1 0
vt 1 1
vt 0 1
vt 0 0
vt 1 0
vt 1 1
vt 0 1
vt 0 0
vt 1 0
vt 1 1
vt 0 1
vt 0 0
vt 1 0
vt 1 1
vt 0 1
vt 0 0
vt 1 0
vt 1 1
vt 0 1
vt 0 0
vt 1 0
vt 1 1
vt 0 1
vt 0 0
vt 1 0
vt 1 1
vt 0 1
vt 0 0
vt 1 0
vt 1 1
vt 0 1
vt 0 0
vt 1 0
vt 1 1
vt 0 1
vt 0 0
vt 1 0
vt 1 1
vt 0 1
vt 0 0
vt 1 0
vt 1 1
vt 0 1
vt 0 0
vt 1 0
vt 1 1
vt 0 1
vt 0 0
vt 1 0
vt 1 1
vt 0 1
vt 0 0
vt 1 0
vt 1 1
vt 0 1
vt 0 0
vt 1 0
vt 1 1
vt 0 1
vt 0 0
vt 1 0
vt 1 1
vt 0 1
vt 0 0
vt 1 0
vt 1 1
vt 0 1
vt 0 0
vt 1 0
vt 1 1
vt 0 1
vt 0 0
vt 1 0
vt 1 1
vt 0 1
vt 0 0
vt 1 0
vt 1 1
vt 0 1
vt 0 0
vt 1 0
vt 1 1
vt 0 1
vt 0 0
vt 1 0
vt 1 1
vt 0 1
vt 0 0
vt 1 0
vt 1 1
vt 0 1
vt 0 0
vt 1 0
vt 1 1
vt 0 1
vt 0 0
vt 1 0
vt 1 1
vt 0 1
vt 0 0
vt 1 0
vt 1 1
vt 0 1
vt 0 0
vt 1 0
vt 1 1
vt 0 1
vt 0 0
vt 1 0
vt 1 1
vt 0 1
vt 0 0
vt 1 0
vt 1 1
vt 0 1
vt 0 0
vt 1 0
vt 1 1
vt 0 1
vt 0 0
vt 1 0
vt 1 1
vt 0 1
vt 0 0
vt 1 0
vt 1 1
vt 0 1
vt 0 0
vt 1 0
vt 1 1
vt 0 1
vt 0 0
vt 1 0
vt 1 1
vt 0 1
vt 0 0
vt 1 0
vt 1 1
vt 0 1
vt 0 0
vt 1 0
vt 1 1
vt 0 1
vt 0 0
vt 1 0
vt 1 1
vt 0 1
vt 0 0
vt 1 0
vt 1 1
vt 0 1
vt 0 0
vt 1 0
vt 1 1
vt 0 1
vt 0 0
vt 1 0
vt 1 1
vt 0 1
vt 0 0
vt 1 0
vt 1 1
vt 0 1
vt 0 0
vt 1 0
vt 1 1
vt 0 1
vt 0 0
vt 1 0
vt 1 1
vt 0 1
vt 0 0
vt 1 0
vt 1 1
vt 0 1
vt 0 0
vt 1 0
vt 1 1
vt 0 1
vt 0 0
vt 1 0
vt 1 1
vt 0 1
vt 0 0
vt 1 0
vt 1 1
vt 0 1
vt 0 0
vt 1 0
vt 1 1
vt 0 1
vt 0 0
vt 1 0
vt 1 1
vt 0 1
vt 0 0
vt 1 0
vt 1 1
vt 0 1
vt 0 0
vt 1 0
vt 1 1
vt 0 1
vt 0 0
vt 1 0
vt 1 1
vt 0 1
vt 0 0
vt 1 0
vt 1 1
vt 0 1
vt 0 0
vt 1 0
vt 1 1
vt 0 1
vt 0 0
vt 1 0
vt 1 1
vt 0 1
vt 0 0
vt 1 0
vt 1 1
vt 0 1
vt 0 0
vt 1 0
vt 1 1
vt 0 1
vt 0 0
vt 1 0
vt 1 1
vt 0 1
vt 0 0
vt 1 0
vt 1 1
vt 0 1
vt 0 0
vt 1 0
vt 1 1
vt 0 1
vt 0 0
vt 1 0
vt 1 1
vt 0 1
vt 0 0
vt 1 0
vt 1 1
vt 0 1
vt 0 0
vt 1 0
vt 1 1
vt 0 1
vt 0 0
vt 1 0
vt 1 1
vt 0 1
vt 0 0
vt 1 0
vt 1 1
vt 0 1
vt 0 0
vt 1 0
vt 1 1
vt 0 1
vt 0 0
vt 1 0
vt 1 1
vt 0 1
vt 0 0
vt 1 0
vt 1 1
vt 0 1
vt 0 0
vt 1 0
vt 1 1
vt 0 1
vt 0 0
vt 1 0
vt 1 1
vt 0 1
vt 0 0
vt 1 0
vt 1 1
vt 0 1
vt 0 0
vt 1 0
vt 1 1
vt 0 1
vt 0 0
vt 1 0
vt 1 1
vt 0 1
vt 0 0
vt 1 0
vt 1 1
vt 0 1
vt 0 0
vt 1 0
vt 1 1
vt 0 1
vt 0 0
vt 1 0
vt 1 1
vt 0 1
vt 0 0
vt 1 0
vt 1 1
vt 0 1
vt 0 0
vt 1 0
vt 1 1
vt 0 1
vt 0 0
vt 1 0
vt 1 1
vt 0 1
vt 0 0
vt 1 0
vt 1 1
vt 0 1
vt 0 0
vt 1 0
vt 1 1
vt 0 1
vt 0 0
vt 1 0
vt 1 1
vt 0 1
vt 0 0
vt 1 0
vt 1 1
vt 0 1
vt 0 0
vt 1 0
vt 1 1
vt 0 1
vt 0 0
vt 1 0
vt 1 1
vt 0 1
vt 0 0
vt 1 0
vt 1 1
vt 0 1
vt 0 0
vt 1 0
vt 1 1
vt 0 1
vt 0 0
vt 1 0
vt 1 1
vt 0 1
vt 0 0
vt 1 0
vt 1 1
vt 0 1
vt 0 0
vt 1 0
vt 1 1
vt 0 1
vt 0 0
vt 1 0
vt 1 1
vt 0 1
vt 0 0
vt 1 0
vt 1 1
vt 0 1
vt 0 0
vt 1 0
vt 1 1
vt 0 1
vt 0 0
vt 1 0
vt 1 1
vt 0 1
vt 0 0
vt 1 0
vt 1 1
vt 0 1
vt 0 0
vt 1 0
vt 1 1
vt 0 1
vt 0 0
vt 1 0
vt 1 1
vt 0 1
vt 0 0
vt 1 0
vt 1 1
vt 0 1
vt 0 0
vt 1 0
vt 1 1
vt 0 1
vt 0 0
vt 1 0
vt 1 1
vt 0 1
vt 0 0
vt 1 0
vt 1 1
vt 0 1
vt 0 0
vt 1 0
vt 1 1
vt 0 1
vt 0 0
vt 1 0
vt 1 1
vt 0 1
vt 0 0
vt 1 0
vt 1 1
vt 0 1
vt 0 0
vt 1 0
vt 1 1
vt 0 1
vt 0 0
vt 1 0
vt 1 1
vt 0 1
vt 0 0
vt 1 0
vt 1 1
vt 0 1
vt 0 0
vt 1 0
vt 1 1
vt 0 1
vt 0 0
vt 1 0
vt 1 1
vt 0 1
vt 0 0
vt 1 0
vt 1 1
vt 0 1
vt 0 0
vt 1 0
vt 1 1
vt 0 1
vt 0 0
vt 1 0
vt 1 1
vt 0 1
vt 0 0
vt 1 0
vt 1 1
vt 0 1
vt 0 0
vt 1 0
vt 1 1
vt 0 1
vt 0 0
vt 1 0
vt 1 1
vt 0 1
vt 0 0
vt 1 0
vt 1 1
vt 0 1
vt 0 0
vt 1 0
vt 1 1
vt 0 1
vt 0 0
vt 1 0
vt 1 1
vt 0 1
vt 0 0
vt 1 0
vt 1 1
vt 0 1
vt 0 0
vt 1 0
vt 1 1
vt 0 1
vt 0 0
vt 1 0
vt 1 1
vt 0 1
vt 0 0
vt 1 0
vt 1 1
vt 0 1
vt 0 0
vt 1 0
vt 1 1
vt 0 1
vt 0 0
vt 1 0
vt 1 1
vt 0 1
vt 0 0
vt 1 0
vt 1 1
vt 0 1
vt 0 0
vt 1 0
vt 1 1
vt 0 1
vt 0 0
vt 1 0
vt 1 1
vt 0 1
vt 0 0
vt 1 0
vt 1 1
vt 0 1
vt 0 0
vt 1 0
vt 1 1
vt 0 1
vt 0 0
vt 1 0
vt 1 1
vt 0 1
vt 0 0
vt 1 0
vt 1 1
vt 0 1
vt 0 0
vt 1 0
vt 1 1
vt 0 1
vt 0 0
vt 1 0
vt 1 1
vt 0 1
vt 0 0
vt 1 0
vt 1 1
vt 0 1
vt 0 0
vt 1 0
vt 1 1
vt 0 1
vt 0 0
vt 1 0
vt 1 1
vt 0 1
vt 0 0
vt 1 0
vt 1 1
vt 0 1
vt 0 0
vt 1 0
vt 1 1
vt 0 1
vt 0 0
vt 1 0
vt 1 1
vt 0 1
vt 0 0
vt 1 0
vt 1 1
vt 0 1
vt 0 0
vt 1 0
vt 1 1
vt 0 1
vt 0 0
vt 1 0
vt 1 1
vt 0 1
vt 0 0
vt 1 0
vt 1 1
vt 0 1
vt 0 0
vt 1 0
vt 1 1
vt 0 1
vt 0 0
vt 1 0
vt 1 1
vt 0 1
vt 0 0
vt 1 0
vt 1 1
vt 0 1
vt 0 0
vt 1 0
vt 1 1
vt 0 1
vt 0 0
vt 1 0
vt 1 1
vt 0 1
vt 0 0
vt 1 0
vt 1 1
vt 0 1
vt 0 0
vt 1 0
vt 1 1
vt 0 1
vt 0 0
vt 1 0
vt 1 1
vt 0 1
vt 0 0
vt 1 0
vt 1 1
vt 0 1
vt 0 0
vt 1 0
vt 1 1
vt 0 1
vt 0 0
vt 1 0
vt 1 1
vt 0 1
vt 0 0
vt 1 0
vt 1 1
vt 0 1
vt 0 0
vt 1 0
vt 1 1
vt 0 1
vt 0 0
vt 1 0
vt 1 1
vt 0 1
vt 0 0
vt 1 0
vt 1 1
vt 0 1
vt 0 0
vt 1 0
vt 1 1
vt 0 1
vt 0 0
vt 1 0
vt 1 1
vt 0 1
vt 0 0
vt 1 0
vt 1 1
vt 0 1
vt 0 0
vt 1 0
vt 1 1
vt 0 1
vt 0 0
vt 1 0
vt 1 1
vt 0 1
vt 0 0
vt 1 0
vt 1 1
vt 0 1
vt 0 0
vt 1 0
vt 1 1
vt 0 1
vt 0 0
vt 1 0
vt 1 1
vt 0 1
vt 0 0
vt 1 0
vt 1 1
vt 0 1
vt 0 0
vt 1 0
vt 1 1
vt 0 1
vt 0 0
vt 1 0
vt 1 1
vt 0 1
vt 0 0
vt 1 0
vt 1 1
vt 0 1
vt 0 0
vt 1 0
vt 1 1
vt 0 1
vt 0 0
vt 1 0
vt 1 1
vt 0 1
vt 0 0
vt 1 0
vt 1 1
vt 0 1
vt 0 0
vt 1 0
vt 1 1
vt 0 1
vt 0 0
vt 2 0
vt 2 2
vt 0 2
vt 0 0
vt 2 0
vt 2 2
vt 0 2
vt 0 0
vt 2 0
vt 2 1
vt 0 1
vt 0 0
vt 2 0
vt 2 1
vt 0 1
vt 0 0
vt 2 0
vt 2 1
vt 0 1
vt 0 0
vt 2 0
vt 2 1
vt 0 1
vt 0 0
vt 1 0
vt 1 1
vt 0 1
vt 0 0
vt 1 0
vt 1 1
vt 0 1
vt 0 0
vt 1 0
vt 1 1
vt 0 1
vt 0 0
vt 1 0
vt 1 1
vt 0 1
vt 0 0
vt 1 0
vt 1 1
vt 0 1
vt 0 0
vt 1 0
vt 1 1
vt 0 1
vt 0 0
vt 1 0
vt 1 1
vt 0 1
vt 0 0
vt 1 0
vt 1 1
vt 0 1
vt 0 0
vt 1 0
vt 1 1
vt 0 1
vt 0 0
vt 1 0
vt 1 1
vt 0 1
vt 0 0
vt 1 0
vt 1 1
vt 0 1
vt 0 0
vt 1 0
vt 1 1
vt 0 1
vt 0 0
vt 2 0
vt 2 2
vt 0 2
vt 0 0
vt 2 0
vt 2 2
vt 0 2
vt 0 0
vt 2 0
vt 2 1
vt 0 1
vt 0 0
vt 2 0
vt 2 1
vt 0 1
vt 0 0
vt 2 0
vt 2 1
vt 0 1
vt 0 0
vt 2 0
vt 2 1
vt 0 1
vt 0 0
vt 1 0
vt 1 1
vt 0 1
vt 0 0
vt 1 0
vt 1 1
vt 0 1
vt 0 0
vt 1 0
vt 1 1
vt 0 1
vt 0 0
vt 1 0
vt 1 1
vt 0 1
vt 0 0
vt 1 0
vt 1 1
vt 0 1
vt 0 0
vt 1 0
vt 1 1
vt 0 1
vt 0 0
vt 1 0
vt 1 1
vt 0 1
vt 0 0
vt 1 0
vt 1 1
vt 0 1
vt 0 0
vt 1 0
vt 1 1
vt 0 1
vt 0 0
vt 1 0
vt 1 1
vt 0 1
vt 0 0
vt 1 0
vt 1 1
vt 0 1
vt 0 0
vt 1 0
vt 1 1
vt 0 1
vt 0 0
vt 2 0
vt 2 2
vt 0 2
vt 0 0
vt 2 0
vt 2 2
vt 0 2
vt 0 0
vt 2 0
vt 2 1
vt 0 1
vt 0 0
vt 2 0
vt 2 1
vt 0 1
vt 0 0
vt 2 0
vt 2 1
vt 0 1
vt 0 0
vt 2 0
vt 2 1
vt 0 1
vt 0 0
vt 1 0
vt 1 1
vt 0 1
vt 0 0
vt 1 0
vt 1 1
vt 0 1
vt 0 0
vt 1 0
vt 1 1
vt 0 1
vt 0 0
vt 1 0
vt 1 1
vt 0 1
vt 0 0
vt 1 0
vt 1 1
vt 0 1
vt 0 0
vt 1 0
vt 1 1
vt 0 1
vt 0 0
vt 1 0
vt 1 1
vt 0 1
vt 0 0
vt 1 0
vt 1 1
vt 0 1
vt 0 0
vt 1 0
vt 1 1
vt 0 1
vt 0 0
vt 1 0
vt 1 1
vt 0 1
vt 0 0
vt 1 0
vt 1 1
vt 0 1
vt 0 0
vt 1 0
vt 1 1
vt 0 1
vt 0 0
vt 2 0
vt 2 2
vt 0 2
vt 0 0
vt 2 0
vt 2 2
vt 0 2
vt 0 0
vt 2 0
vt 2 1
vt 0 1
vt 0 0
vt 2 0
vt 2 1
vt 0 1
vt 0 0
vt 2 0
vt 2 1
vt 0 1
vt 0 0
vt 2 0
vt 2 1
vt 0 1
vt 0 0
vt 1 0
vt 1 1
vt 0 1
vt 0 0
vt 1 0
vt 1 1
vt 0 1
vt 0 0
vt 1 0
vt 1 1
vt 0 1
vt 0 0
vt 1 0
vt 1 1
vt 0 1
vt 0 0
vt 1 0
vt 1 1
vt 0 1
vt 0 0
vt 1 0
vt 1 1
vt 0 1
vt 0 0
vt 1 0
vt 1 1
vt 0 1
vt 0 0
vt 1 0
vt 1 1
vt 0 1
vt 0 0
vt 1 0
vt 1 1
vt 0 1
vt 0 0
vt 1 0
vt 1 1
vt 0 1
vt 0 0
vt 1 0
vt 1 1
vt 0 1
vt 0 0
vt 1 0
vt 1 1
vt 0 1
vt 0 0
vt 2 0
vt 2 2
vt 0 2
vt 0 0
vt 2 0
vt 2 2
vt 0 2
vt 0 0
vt 2 0
vt 2 1
vt 0 1
vt 0 0
vt 2 0
vt 2 1
vt 0 1
vt 0 0
vt 2 0
vt 2 1
vt 0 1
vt 0 0
vt 2 0
vt 2 1
vt 0 1
vt 0 0
vt 1 0
vt 1 1
vt 0 1
vt 0 0
vt 1 0
vt 1 1
vt 0 1
vt 0 0
vt 1 0
vt 1 1
vt 0 1
vt 0 0
vt 1 0
vt 1 1
vt 0 1
vt 0 0
vt 1 0
vt 1 1
vt 0 1
vt 0 0
vt 1 0
vt 1 1
vt 0 1
vt 0 0
vt 1 0
vt 1 1
vt 0 1
vt 0 0
vt 1 0
vt 1 1
vt 0 1
vt 0 0
vt 1 0
vt 1 1
vt 0 1
vt 0 0
vt 1 0
vt 1 1
vt 0 1
vt 0 0
vt 1 0
vt 1 1
vt 0 1
vt 0 0
vt 1 0
vt 1 1
vt 0 1
vt 0 0
vt 2 0
vt 2 2
vt 0 2
vt 0 0
vt 2 0
vt 2 2
vt 0 2
vt 0 0
vt 2 0
vt 2 1
vt 0 1
vt 0 0
vt 2 0
vt 2 1
vt 0 1
vt 0 0
vt 2 0
vt 2 1
vt 0 1
vt 0 0
vt 2 0
vt 2 1
vt 0 1
vt 0 0
vt 1 0
vt 1 1
vt 0 1
vt 0 0
vt 1 0
vt 1 1
vt 0 1
vt 0 0
vt 1 0
vt 1 1
vt 0 1
vt 0 0
vt 1 0
vt 1 1
vt 0 1
vt 0 0
vt 1 0
vt 1 1
vt 0 1
vt 0 0
vt 1 0
vt 1 1
vt 0 1
vt 0 0
vt 1 0
vt 1 1
vt 0 1
vt 0 0
vt 1 0
vt 1 1
vt 0 1
vt 0 0
vt 1 0
vt 1 1
vt 0 1
vt 0 0
vt 1 0
vt 1 1
vt 0 1
vt 0 0
vt 1 0
vt 1 1
vt 0 1
vt 0 0
vt 1 0
vt 1 1
vt 0 1
vt 0 0
vt 2 0
vt 2 2
vt 0 2
vt 0 0
vt 2 0
vt 2 2
vt 0 2
vt 0 0
vt 2 0
vt 2 1
vt 0 1
vt 0 0
vt 2 0
vt 2 1
vt 0 1
vt 0 0
vt 2 0
vt 2 1
vt 0 1
vt 0 0
vt 2 0
vt 2 1
vt 0 1
vt 0 0
vt 1 0
vt 1 1
vt 0 1
vt 0 0
vt 1 0
vt 1 1
vt 0 1
vt 0 0
vt 1 0
vt 1 1
vt 0 1
vt 0 0
vt 1 0
vt 1 1
vt 0 1
vt 0 0
vt 1 0
vt 1 1
vt 0 1
vt 0 0
vt 1 0
vt 1 1
vt 0 1
vt 0 0
vt 1 0
vt 1 1
vt 0 1
vt 0 0
vt 1 0
vt 1 1
vt 0 1
vt 0 0
vt 1 0
vt 1 1
vt 0 1
vt 0 0
vt 1 0
vt 1 1
vt 0 1
vt 0 0
vt 1 0
vt 1 1
vt 0 1
vt 0 0
vt 1 0
vt 1 1
vt 0 1
vt 0 0
vt 2 0
vt 2 2
vt 0 2
vt 0 0
vt 2 0
vt 2 2
vt 0 2
vt 0 0
vt 2 0
vt 2 1
vt 0 1
vt 0 0
vt 2 0
vt 2 1
vt 0 1
vt 0 0
vt 2 0
vt 2 1
vt 0 1
vt 0 0
vt 2 0
vt 2 1
vt 0 1
vt 0 0
vt 1 0
vt 1 1
vt 0 1
vt 0 0
vt 1 0
vt 1 1
vt 0 1
vt 0 0
vt 1 0
vt 1 1
vt 0 1
vt 0 0
vt 1 0
vt 1 1
vt 0 1
vt 0 0
vt 1 0
vt 1 1
vt 0 1
vt 0 0
vt 1 0
vt 1 1
vt 0 1
vt 0 0
vt 1 0
vt 1 1
vt 0 1
vt 0 0
vt 1 0
vt 1 1
vt 0 1
vt 0 0
vt 1 0
vt 1 1
vt 0 1
vt 0 0
vt 1 0
vt 1 1
vt 0 1
vt 0 0
vt 1 0
vt 1 1
vt 0 1
vt 0 0
vt 1 0
vt 1 1
vt 0 1
vt 0 0
vt 2 0
vt 2 2
vt 0 2
vt 0 0
vt 2 0
vt 2 2
vt 0 2
vt 0 0
vt 2 0
vt 2 1
vt 0 1
vt 0 0
vt 2 0
vt 2 1
vt 0 1
vt 0 0
vt 2 0
vt 2 1
vt 0 1
vt 0 0
vt 2 0
vt 2 1
vt 0 1
vt 0 0
vt 1 0
vt 1 1
vt 0 1
vt 0 0
vt 1 0
vt 1 1
vt 0 1
vt 0 0
vt 1 0
vt 1 1
vt 0 1
vt 0 0
vt 1 0
vt 1 1
vt 0 1
vt 0 0
vt 1 0
vt 1 1
vt 0 1
vt 0 0
vt 1 0
vt 1 1
vt 0 1
vt 0 0
vt 1 0
vt 1 1
vt 0 1
vt 0 0
vt 1 0
vt 1 1
vt 0 1
vt 0 0
vt 1 0
vt 1 1
vt 0 1
vt 0 0
vt 1 0
vt 1 1
vt 0 1
vt 0 0
vt 1 0
vt 1 1
vt 0 1
vt 0 0
vt 1 0
vt 1 1
vt 0 1
vt 0 0
vt 2 0
vt 2 2
vt 0 2
vt 0 0
vt 2 0
vt 2 2
vt 0 2
vt 0 0
vt 2 0
vt 2 1
vt 0 1
vt 0 0
vt 2 0
vt 2 1
vt 0 1
vt 0 0
vt 2 0
vt 2 1
vt 0 1
vt 0 0
vt 2 0
vt 2 1
vt 0 1
vt 0 0
vt 1 0
vt 1 1
vt 0 1
vt 0 0
vt 1 0
vt 1 1
vt 0 1
vt 0 0
vt 1 0
vt 1 1
vt 0 1
vt 0 0
vt 1 0
vt 1 1
vt 0 1
vt 0 0
vt 1 0
vt 1 1
vt 0 1
vt 0 0
vt 1 0
vt 1 1
vt 0 1
vt 0 0
vt 1 0
vt 1 1
vt 0 1
vt 0 0
vt 1 0
vt 1 1
vt 0 1
vt 0 0
vt 1 0
vt 1 1
vt 0 1
vt 0 0
vt 1 0
vt 1 1
vt 0 1
vt 0 0
vt 1 0
vt 1 1
vt 0 1
vt 0 0
vt 1 0
vt 1 1
vt 0 1
vt 0 0
vt 2 0
vt 2 2
vt 0 2
vt 0 0
vt 2 0
vt 2 2
vt 0 2
vt 0 0
vt 2 0
vt 2 1
vt 0 1
vt 0 0
vt 2 0
vt 2 1
vt 0 1
vt 0 0
vt 2 0
vt 2 1
vt 0 1
vt 0 0
vt 2 0
vt 2 1
vt 0 1
vt 0 0
vt 1 0
vt 1 1
vt 0 1
vt 0 0
vt 1 0
vt 1 1
vt 0 1
vt 0 0
vt 1 0
vt 1 1
vt 0 1
vt 0 0
vt 1 0
vt 1 1
vt 0 1
vt 0 0
vt 1 0
vt 1 1
vt 0 1
vt 0 0
vt 1 0
vt 1 1
vt 0 1
vt 0 0
vt 1 0
vt 1 1
vt 0 1
vt 0 0
vt 1 0
vt 1 1
vt 0 1
vt 0 0
vt 1 0
vt 1 1
vt 0 1
vt 0 0
vt 1 0
vt 1 1
vt 0 1
vt 0 0
vt 1 0
vt 1 1
vt 0 1
vt 0 0
vt 1 0
vt 1 1
vt 0 1
vt 0 0
vt 2 0
vt 2 2
vt 0 2
vt 0 0
vt 2 0
vt 2 2
vt 0 2
vt 0 0
vt 2 0
vt 2 1
vt 0 1
vt 0 0
vt 2 0
vt 2 1
vt 0 1
vt 0 0
vt 2 0
vt 2 1
vt 0 1
vt 0 0
vt 2 0
vt 2 1
vt 0 1
vt 0 0
vt 1 0
vt 1 1
vt 0 1
vt 0 0
vt 1 0
vt 1 1
vt 0 1
vt 0 0
vt 1 0
vt 1 1
vt 0 1
vt 0 0
vt 1 0
vt 1 1
vt 0 1
vt 0 0
vt 1 0
vt 1 1
vt 0 1
vt 0 0
vt 1 0
vt 1 1
vt 0 1
vt 0 0
vt 1 0
vt 1 1
vt 0 1
vt 0 0
vt 1 0
vt 1 1
vt 0 1
vt 0 0
vt 1 0
vt 1 1
vt 0 1
vt 0 0
vt 1 0
vt 1 1
vt 0 1
vt 0 0
vt 1 0
vt 1 1
vt 0 1
vt 0 0
vt 1 0
vt 1 1
vt 0 1
vt 0 0
vt 7 0
vt 7 5
vt 0 5
vt 0 0
vt 7 0
vt 7 5
vt 0 5
vt 0 0
vt 7 0
vt 7 1
vt 0 1
vt 0 0
vt 5 0
vt 5 1
vt 0 1
vt 0 0
vt 7 0
vt 7 1
vt 0 1
vt 0 0
vt 5 0
vt 5 1
vt 0 1
vt 0 0
vt 2 0
vt 2 2
vt 0 2
vt 0 0
vt 2 0
vt 2 2
vt 0 2
vt 0 0
vt 2 0
vt 2 1
vt 0 1
vt 0 0
vt 2 0
vt 2 1
vt 0 1
vt 0 0
vt 2 0
vt 2 1
vt 0 1
vt 0 0
vt 2 0
vt 2 1
vt 0 1
vt 0 0
vt 1 0
vt 1 1
vt 0 1
vt 0 0
vt 1 0
vt 1 1
vt 0 1
vt 0 0
vt 1 0
vt 1 1
vt 0 1
vt 0 0
vt 1 0
vt 1 1
vt 0 1
vt 0 0
vt 1 0
vt 1 1
vt 0 1
vt 0 0
vt 1 0
vt 1 1
vt 0 1
vt 0 0
vt 3 0
vt 3 2
vt 0 2
vt 0 0
vt 3 0
vt 3 2
vt 0 2
vt 0 0
vt 3 0
vt 3 1
vt 0 1
vt 0 0
vt 2 0
vt 2 1
vt 0 1
vt 0 0
vt 3 0
vt 3 1
vt 0 1
vt 0 0
vt 2 0
vt 2 1
vt 0 1
vt 0 0
vt 1 0
vt 1 1
vt 0 1
vt 0 0
vt 1 0
vt 1 1
vt 0 1
vt 0 0
vt 1 0
vt 1 1
vt 0 1
vt 0 0
vt 1 0
vt 1 1
vt 0 1
vt 0 0
vt 1 0
vt 1 1
vt 0 1
vt 0 0
vt 1 0
vt 1 1
vt 0 1
vt 0 0
vt 2 0
vt 2 2
vt 0 2
vt 0 0
vt 2 0
vt 2 2
vt 0 2
vt 0 0
vt 2 0
vt 2 1
vt 0 1
vt 0 0
vt 2 0
vt 2 1
vt 0 1
vt 0 0
vt 2 0
vt 2 1
vt 0 1
vt 0 0
vt 2 0
vt 2 1
vt 0 1
vt 0 0
vt 1 0
vt 1 1
vt 0 1
vt 0 0
vt 1 0
vt 1 1
vt 0 1
vt 0 0
vt 1 0
vt 1 1
vt 0 1
vt 0 0
vt 1 0
vt 1 1
vt 0 1
vt 0 0
vt 1 0
vt 1 1
vt 0 1
vt 0 0
vt 1 0
vt 1 1
vt 0 1
vt 0 0
vt 3 0
vt 3 2
vt 0 2
vt 0 0
vt 3 0
vt 3 2
vt 0 2
vt 0 0
vt 3 0
vt 3 1
vt 0 1
vt 0 0
vt 2 0
vt 2 1
vt 0 1
vt 0 0
vt 3 0
vt 3 1
vt 0 1
vt 0 0
vt 2 0
vt 2 1
vt 0 1
vt 0 0
vt 1 0
vt 1 1
vt 0 1
vt 0 0
vt 1 0
vt 1 1
vt 0 1
vt 0 0
vt 1 0
vt 1 1
vt 0 1
vt 0 0
vt 1 0
vt 1 1
vt 0 1
vt 0 0
vt 1 0
vt 1 1
vt 0 1
vt 0 0
vt 1 0
vt 1 1
vt 0 1
vt 0 0
vt 2 0
vt 2 3
vt 0 3
vt 0 0
vt 2 0
vt 2 3
vt 0 3
vt 0 0
vt 2 0
vt 2 1
vt 0 1
vt 0 0
vt 3 0
vt 3 1
vt 0 1
vt 0 0
vt 2 0
vt 2 1
vt 0 1
vt 0 0
vt 3 0
vt 3 1
vt 0 1
vt 0 0
vt 1 0
vt 1 1
vt 0 1
vt 0 0
vt 1 0
vt 1 1
vt 0 1
vt 0 0
vt 1 0
vt 1 1
vt 0 1
vt 0 0
vt 1 0
vt 1 1
vt 0 1
vt 0 0
vt 1 0
vt 1 1
vt 0 1
vt 0 0
vt 1 0
vt 1 1
vt 0 1
vt 0 0
vt 3 0
vt 3 2
vt 0 2
vt 0 0
vt 3 0
vt 3 2
vt 0 2
vt 0 0
vt 3 0
vt 3 1
vt 0 1
vt 0 0
vt 2 0
vt 2 1
vt 0 1
vt 0 0
vt 3 0
vt 3 1
vt 0 1
vt 0 0
vt 2 0
vt 2 1
vt 0 1
vt 0 0
vt 1 0
vt 1 1
vt 0 1
vt 0 0
vt 1 0
vt 1 1
vt 0 1
vt 0 0
vt 1 0
vt 1 1
vt 0 1
vt 0 0
vt 1 0
vt 1 1
vt 0 1
vt 0 0
vt 1 0
vt 1 1
vt 0 1
vt 0 0
vt 1 0
vt 1 1
vt 0 1
vt 0 0
vt 2 0
vt 2 2
vt 0 2
vt 0 0
vt 2 0
vt 2 2
vt 0 2
vt 0 0
vt 2 0
vt 2 1
vt 0 1
vt 0 0
vt 2 0
vt 2 1
vt 0 1
vt 0 0
vt 2 0
vt 2 1
vt 0 1
vt 0 0
vt 2 0
vt 2 1
vt 0 1
vt 0 0
vt 1 0
vt 1 1
vt 0 1
vt 0 0
vt 1 0
vt 1 1
vt 0 1
vt 0 0
vt 1 0
vt 1 1
vt 0 1
vt 0 0
vt 1 0
vt 1 1
vt 0 1
vt 0 0
vt 1 0
vt 1 1
vt 0 1
vt 0 0
vt 1 0
vt 1 1
vt 0 1
vt 0 0
vt 3 0
vt 3 2
vt 0 2
vt 0 0
vt 3 0
vt 3 2
vt 0 2
vt 0 0
vt 3 0
vt 3 1
vt 0 1
vt 0 0
vt 2 0
vt 2 1
vt 0 1
vt 0 0
vt 3 0
vt 3 1
vt 0 1
vt 0 0
vt 2 0
vt 2 1
vt 0 1
vt 0 0
vt 1 0
vt 1 1
vt 0 1
vt 0 0
vt 1 0
vt 1 1
vt 0 1
vt 0 0
vt 1 0
vt 1 1
vt 0 1
vt 0 0
vt 1 0
vt 1 1
vt 0 1
vt 0 0
vt 1 0
vt 1 1
vt 0 1
vt 0 0
vt 1 0
vt 1 1
vt 0 1
vt 0 0
vt 2 0
vt 2 2
vt 0 2
vt 0 0
vt 2 0
vt 2 2
vt 0 2
vt 0 0
vt 2 0
vt 2 1
vt 0 1
vt 0 0
vt 2 0
vt 2 1
vt 0 1
vt 0 0
vt 2 0
vt 2 1
vt 0 1
vt 0 0
vt 2 0
vt 2 1
vt 0 1
vt 0 0
vt 55 0
vt 55 1
vt 0 1
vt 0 0
vt 55 0
vt 55 1
vt 0 1
vt 0 0
vt 55 0
vt 55 1
vt 0 1
vt 0 0
vt 1 0
vt 1 1
vt 0 1
vt 0 0
vt 55 0
vt 55 1
vt 0 1
vt 0 0
vt 1 0
vt 1 1
vt 0 1
vt 0 0
vt 55 0
vt 55 1
vt 0 1
vt 0 0
vt 55 0
vt 55 1
vt 0 1
vt 0 0
vt 55 0
vt 55 1
vt 0 1
vt 0 0
vt 1 0
vt 1 1
vt 0 1
vt 0 0
vt 55 0
vt 55 1
vt 0 1
vt 0 0
vt 1 0
vt 1 1
vt 0 1
vt 0 0
vt 55 0
vt 55 1
vt 0 1
vt 0 0
vt 55 0
vt 55 1
vt 0 1
vt 0 0
vt 55 0
vt 55 1
vt 0 1
vt 0 0
vt 1 0
vt 1 1
vt 0 1
vt 0 0
vt 55 0
vt 55 1
vt 0 1
vt 0 0
vt 1 0
vt 1 1
vt 0 1
vt 0 0
vt 55 0
vt 55 1
vt 0 1
vt 0 0
vt 55 0
vt 55 1
vt 0 1
vt 0 0
vt 55 0
vt 55 1
vt 0 1
vt 0 0
vt 1 0
vt 1 1
vt 0 1
vt 0 0
vt 55 0
vt 55 1
vt 0 1
vt 0 0
vt 1 0
vt 1 1
vt 0 1
vt 0 0
vt 1 0
vt 1 55
vt 0 55
vt 0 0
vt 1 0
vt 1 55
vt 0 55
vt 0 0
vt 1 0
vt 1 1
vt 0 1
vt 0 0
vt 55 0
vt 55 1
vt 0 1
vt 0 0
vt 1 0
vt 1 1
vt 0 1
vt 0 0
vt 55 0
vt 55 1
vt 0 1
vt 0 0
vt 1 0
vt 1 55
vt 0 55
vt 0 0
vt 1 0
vt 1 55
vt 0 55
vt 0 0
vt 1 0
vt 1 1
vt 0 1
vt 0 0
vt 55 0
vt 55 1
vt 0 1
vt 0 0
vt 1 0
vt 1 1
vt 0 1
vt 0 0
vt 55 0
vt 55 1
vt 0 1
vt 0 0
vt 1 0
vt 1 55
vt 0 55
vt 0 0
vt 1 0
vt 1 55
vt 0 55
vt 0 0
vt 1 0
vt 1 1
vt 0 1
vt 0 0
vt 55 0
vt 55 1
vt 0 1
vt 0 0
vt 1 0
vt 1 1
vt 0 1
vt 0 0
vt 55 0
vt 55 1
vt 0 1
vt 0 0
vt 1 0
vt 1 55
vt 0 55
vt 0 0
vt 1 0
vt 1 55
vt 0 55
vt 0 0
vt 1 0
vt 1 1
vt 0 1
vt 0 0
vt 55 0
vt 55 1
vt 0 1
vt 0 0
vt 1 0
vt 1 1
vt 0 1
vt 0 0
vt 55 0
vt 55 1
vt 0 1
vt 0 0
vt 6 0
vt 6 4
vt 0 4
vt 0 0
vt 6 0
vt 6 4
vt 0 4
vt 0 0
vt 6 0
vt 6 1
vt 0 1
vt 0 0
vt 4 0
vt 4 1
vt 0 1
vt 0 0
vt 6 0
vt 6 1
vt 0 1
vt 0 0
vt 4 0
vt 4 1
vt 0 1
vt 0 0
vt 2 0
vt 2 2
vt 0 2
vt 0 0
vt 2 0
vt 2 2
vt 0 2
vt 0 0
vt 2 0
vt 2 2
vt 0 2
vt 0 0
vt 2 0
vt 2 2
vt 0 2
vt 0 0
vt 2 0
vt 2 2
vt 0 2
vt 0 0
vt 2 0
vt 2 2
vt 0 2
vt 0 0
vt 2 0
vt 2 2
vt 0 2
vt 0 0
vt 2 0
vt 2 2
vt 0 2
vt 0 0
vt 2 0
vt 2 1
vt 0 1
vt 0 0
vt 2 0
vt 2 1
vt 0 1
vt 0 0
vt 2 0
vt 2 1
vt 0 1
vt 0 0
vt 2 0
vt 2 1
vt 0 1
vt 0 0
vt 2 0
vt 2 2
vt 0 2
vt 0 0
vt 2 0
vt 2 2
vt 0 2
vt 0 0
vt 2 0
vt 2 1
vt 0 1
vt 0 0
vt 2 0
vt 2 1
vt 0 1
vt 0 0
vt 2 0
vt 2 1
vt 0 1
vt 0 0
vt 2 0
vt 2 1
vt 0 1
vt 0 0
vt 2 0
vt 2 2
vt 0 2
vt 0 0
vt 2 0
vt 2 2
vt 0 2
vt 0 0
vt 2 0
vt 2 1
vt 0 1
vt 0 0
vt 2 0
vt 2 1
vt 0 1
vt 0 0
vt 2 0
vt 2 1
vt 0 1
vt 0 0
vt 2 0
vt 2 1
vt 0 1
vt 0 0
vt 2 0
vt 2 2
vt 0 2
vt 0 0
vt 2 0
vt 2 2
vt 0 2
vt 0 0
vt 2 0
vt 2 1
vt 0 1
vt 0 0
vt 2 0
vt 2 1
vt 0 1
vt 0 0
vt 2 0
vt 2 1
vt 0 1
vt 0 0
vt 2 0
vt 2 1
vt 0 1
vt 0 0
vt 2 0
vt 2 2
vt 0 2
vt 0 0
vt 2 0
vt 2 2
vt 0 2
vt 0 0
vt 2 0
vt 2 1
vt 0 1
vt 0 0
vt 2 0
vt 2 1
vt 0 1
vt 0 0
vt 2 0
vt 2 1
vt 0 1
vt 0 0
vt 2 0
vt 2 1
vt 0 1
vt 0 0
vt 2 0
vt 2 4
vt 0 4
vt 0 0
vt 2 0
vt 2 4
vt 0 4
vt 0 0
vt 2 0
vt 2 1
vt 0 1
vt 0 0
vt 4 0
vt 4 1
vt 0 1
vt 0 0
vt 2 0
vt 2 1
vt 0 1
vt 0 0
vt 4 0
vt 4 1
vt 0 1
vt 0 0
vt 1 0
vt 1 1
vt 0 1
vt 0 0
vt 1 0
vt 1 1
vt 0 1
vt 0 0
vt 1 0
vt 1 2
vt 0 2
vt 0 0
vt 1 0
vt 1 2
vt 0 2
vt 0 0
vt 1 0
vt 1 2
vt 0 2
vt 0 0
vt 1 0
vt 1 2
vt 0 2
vt 0 0
vt 1 0
vt 1 1
vt 0 1
vt 0 0
vt 1 0
vt 1 1
vt 0 1
vt 0 0
vt 1 0
vt 1 1
vt 0 1
vt 0 0
vt 1 0
vt 1 1
vt 0 1
vt 0 0
vt 1 0
vt 1 1
vt 0 1
vt 0 0
vt 1 0
vt 1 1
vt 0 1
vt 0 0
vt 1 0
vt 1 1
vt 0 1
vt 0 0
vt 1 0
vt 1 1
vt 0 1
vt 0 0
vt 1 0
vt 1 1
vt 0 1
vt 0 0
vt 1 0
vt 1 1
vt 0 1
vt 0 0
vt 1 0
vt 1 1
vt 0 1
vt 0 0
vt 1 0
vt 1 1
vt 0 1
vt 0 0
vt 1 0
vt 1 1
vt 0 1
vt 0 0
vt 1 0
vt 1 1
vt 0 1
vt 0 0
vt 1 0
vt 1 1
vt 0 1
vt 0 0
vt 1 0
vt 1 1
vt 0 1
vt 0 0
vt 1 0
vt 1 1
vt 0 1
vt 0 0
vt 1 0
vt 1 1
vt 0 1
vt 0 0
vt 1 0
vt 1 1
vt 0 1
vt 0 0
vt 1 0
vt 1 1
vt 0 1
vt 0 0
vt 1 0
vt 1 1
vt 0 1
vt 0 0
vt 1 0
vt 1 1
vt 0 1
vt 0 0
vt 1 0
vt 1 1
vt 0 1
vt 0 0
vt 1 0
vt 1 1
vt 0 1
vt 0 0
vt 1 0
vt 1 1
vt 0 1
vt 0 0
vt 1 0
vt 1 1
vt 0 1
vt 0 0
vt 1 0
vt 1 1
vt 0 1
vt 0 0
vt 1 0
vt 1 1
vt 0 1
vt 0 0
vt 1 0
vt 1 1
vt 0 1
vt 0 0
vt 1 0
vt 1 1
vt 0 1
vt 0 0
vt 6 0
vt 6 1
vt 0 1
vt 0 0
vt 6 0
vt 6 1
vt 0 1
vt 0 0
vt 6 0
vt 6 1
vt 0 1
vt 0 0
vt 1 0
vt 1 1
vt 0 1
vt 0 0
vt 6 0
vt 6 1
vt 0 1
vt 0 0
vt 1 0
vt 1 1
vt 0 1
vt 0 0
vt 6 0
vt 6 1
vt 0 1
vt 0 0
vt 6 0
vt 6 1
vt 0 1
vt 0 0
vt 6 0
vt 6 1
vt 0 1
vt 0 0
vt 1 0
vt 1 1
vt 0 1
vt 0 0
vt 6 0
vt 6 1
vt 0 1
vt 0 0
vt 1 0
vt 1 1
vt 0 1
vt 0 0
vt 2 0
vt 2 1
vt 0 1
vt 0 0
vt 2 0
vt 2 1
vt 0 1
vt 0 0
vt 2 0
vt 2 1
vt 0 1
vt 0 0
vt 1 0
vt 1 1
vt 0 1
vt 0 0
vt 2 0
vt 2 1
vt 0 1
vt 0 0
vt 1 0
vt 1 1
vt 0 1
vt 0 0
vt 1 0
vt 1 1
vt 0 1
vt 0 0
vt 1 0
vt 1 1
vt 0 1
vt 0 0
vt 1 0
vt 1 1
vt 0 1
vt 0 0
vt 1 0
vt 1 1
vt 0 1
vt 0 0
vt 1 0
vt 1 1
vt 0 1
vt 0 0
vt 1 0
vt 1 1
vt 0 1
vt 0 0
vt 1 0
vt 1 1
vt 0 1
vt 0 0
vt 1 0
vt 1 1
vt 0 1
vt 0 0
vt 1 0
vt 1 1
vt 0 1
vt 0 0
vt 1 0
vt 1 1
vt 0 1
vt 0 0
vt 1 0
vt 1 1
vt 0 1
vt 0 0
vt 1 0
vt 1 1
vt 0 1
vt 0 0
vt 1 0
vt 1 1
vt 0 1
vt 0 0
vt 1 0
vt 1 1
vt 0 1
vt 0 0
vt 1 0
vt 1 1
vt 0 1
vt 0 0
vt 1 0
vt 1 1
vt 0 1
vt 0 0
vt 1 0
vt 1 1
vt 0 1
vt 0 0
vt 1 0
vt 1 1
vt 0 1
vt 0 0
vt 1 0
vt 1 1
vt 0 1
vt 0 0
vt 1 0
vt 1 1
vt 0 1
vt 0 0
vt 1 0
vt 1 1
vt 0 1
vt 0 0
vt 1 0
vt 1 1
vt 0 1
vt 0 0
vt 1 0
vt 1 1
vt 0 1
vt 0 0
vt 1 0
vt 1 1
vt 0 1
vt 0 0
vt 1 0
vt 1 1
vt 0 1
vt 0 0
vt 1 0
vt 1 1
vt 0 1
vt 0 0
vt 1 0
vt 1 1
vt 0 1
vt 0 0
vt 1 0
vt 1 1
vt 0 1
vt 0 0
vt 1 0
vt 1 1
vt 0 1
vt 0 0
vt 1 0
vt 1 1
vt 0 1
vt 0 0
vt 1 0
vt 1 1
vt 0 1
vt 0 0
vt 1 0
vt 1 1
vt 0 1
vt 0 0
vt 1 0
vt 1 1
vt 0 1
vt 0 0
vt 1 0
vt 1 1
vt 0 1
vt 0 0
vt 1 0
vt 1 1
vt 0 1
vt 0 0
vt 1 0
vt 1 1
vt 0 1
vt 0 0
vt 1 0
vt 1 1
vt 0 1
vt 0 0
vt 1 0
vt 1 1
vt 0 1
vt 0 0
vt 1 0
vt 1 1
vt 0 1
vt 0 0
vt 1 0
vt 1 1
vt 0 1
vt 0 0
vt 1 0
vt 1 1
vt 0 1
vt 0 0
vt 1 0
vt 1 1
vt 0 1
vt 0 0
vt 1 0
vt 1 1
vt 0 1
vt 0 0
vt 1 0
vt 1 1
vt 0 1
vt 0 0
vt 1 0
vt 1 1
vt 0 1
vt 0 0
vt 1 0
vt 1 1
vt 0 1
vt 0 0
vt 1 0
vt 1 1
vt 0 1
vt 0 0
vt 1 0
vt 1 1
vt 0 1
vt 0 0
vt 1 0
vt 1 1
vt 0 1
vt 0 0
vt 1 0
vt 1 1
vt 0 1
vt 0 0
vt 1 0
vt 1 1
vt 0 1
vt 0 0
vt 1 0
vt 1 1
vt 0 1
vt 0 0
vt 1 0
vt 1 1
vt 0 1
vt 0 0
vt 1 0
vt 1 1
vt 0 1
vt 0 0
vt 1 0
vt 1 1
vt 0 1
vt 0 0
vt 1 0
vt 1 1
vt 0 1
vt 0 0
vt 1 0
vt 1 1
vt 0 1
vt 0 0
vt 1 0
vt 1 1
vt 0 1
vt 0 0
vt 1 0
vt 1 1
vt 0 1
vt 0 0
vt 1 0
vt 1 1
vt 0 1
vt 0 0
vt 1 0
vt 1 1
vt 0 1
vt 0 0
vt 1 0
vt 1 1
vt 0 1
vt 0 0
vt 1 0
vt 1 1
vt 0 1
vt 0 0
vt 1 0
vt 1 1
vt 0 1
vt 0 0
vt 1 0
vt 1 1
vt 0 1
vt 0 0
vt 1 0
vt 1 1
vt 0 1
vt 0 0
vt 1 0
vt 1 1
vt 0 1
vt 0 0
vt 1 0
vt 1 1
vt 0 1
vt 0 0
vt 1 0
vt 1 1
vt 0 1
vt 0 0
vt 1 0
vt 1 1
vt 0 1
vt 0 0
vt 1 0
vt 1 1
vt 0 1
vt 0 0
vt 1 0
vt 1 1
vt 0 1
vt 0 0
vt 1 0
vt 1 1
vt 0 1
vt 0 0
vt 1 0
vt 1 1
vt 0 1
vt 0 0
vt 1 0
vt 1 1
vt 0 1
vt 0 0
vt 1 0
vt 1 1
vt 0 1
vt 0 0
vt 1 0
vt 1 1
vt 0 1
vt 0 0
vt 1 0
vt 1 1
vt 0 1
vt 0 0
vt 1 0
vt 1 1
vt 0 1
vt 0 0
vt 1 0
vt 1 1
vt 0 1
vt 0 0
vt 1 0
vt 1 1
vt 0 1
vt 0 0
vt 1 0
vt 1 1
vt 0 1
vt 0 0
vt 1 0
vt 1 1
vt 0 1
vt 0 0
vt 1 0
vt 1 1
vt 0 1
vt 0 0
vt 1 0
vt 1 1
vt 0 1
vt 0 0
vt 1 0
vt 1 1
vt 0 1
vt 0 0
vt 1 0
vt 1 1
vt 0 1
vt 0 0
vt 1 0
vt 1 1
vt 0 1
vt 0 0
vt 1 0
vt 1 1
vt 0 1
vt 0 0
vt 1 0
vt 1 1
vt 0 1
vt 0 0
vt 1 0
vt 1 1
vt 0 1
vt 0 0
vt 1 0
vt 1 1
vt 0 1
vt 0 0
vt 1 0
vt 1 1
vt 0 1
vt 0 0
vt 1 0
vt 1 1
vt 0 1
vt 0 0
vt 1 0
vt 1 1
vt 0 1
vt 0 0
vt 1 0
vt 1 1
vt 0 1
vt 0 0
vt 1 0
vt 1 1
vt 0 1
vt 0 0
vt 1 0
vt 1 1
vt 0 1
vt 0 0
vt 1 0
vt 1 1
vt 0 1
vt 0 0
vt 1 0
vt 1 1
vt 0 1
vt 0 0
vt 1 0
vt 1 1
vt 0 1
vt 0 0
vt 1 0
vt 1 1
vt 0 1
vt 0 0
vt 1 0
vt 1 1
vt 0 1
vt 0 0
vt 1 0
vt 1 1
vt 0 1
vt 0 0
vt 1 0
vt 1 1
vt 0 1
vt 0 0
vt 1 0
vt 1 1
vt 0 1
vt 0 0
vt 1 0
vt 1 1
vt 0 1
vt 0 0
vt 1 0
vt 1 1
vt 0 1
vt 0 0
vt 1 0
vt 1 1
vt 0 1
vt 0 0
vt 1 0
vt 1 1
vt 0 1
vt 0 0
vt 1 0
vt 1 1
vt 0 1
vt 0 0
vt 1 0
vt 1 1
vt 0 1
vt 0 0
vt 1 0
vt 1 1
vt 0 1
vt 0 0
vt 1 0
vt 1 1
vt 0 1
vt 0 0
vt 1 0
vt 1 1
vt 0 1
vt 0 0
vt 1 0
vt 1 1
vt 0 1
vt 0 0
vt 1 0
vt 1 1
vt 0 1
vt 0 0
vt 1 0
vt 1 1
vt 0 1
vt 0 0
vt 1 0
vt 1 1
vt 0 1
vt 0 0
vt 1 0
vt 1 1
vt 0 1
vt 0 0
vt 1 0
vt 1 1
vt 0 1
vt 0 0
vt 1 0
vt 1 1
vt 0 1
vt 0 0
vt 1 0
vt 1 1
vt 0 1
vt 0 0
vt 1 0
vt 1 1
vt 0 1
vt 0 0
vt 1 0
vt 1 1
vt 0 1
vt 0 0
vt 1 0
vt 1 1
vt 0 1
vt 0 0
vt 1 0
vt 1 1
vt 0 1
vt 0 0
vt 1 0
vt 1 1
vt 0 1
vt 0 0
vt 1 0
vt 1 1
vt 0 1
vt 0 0
vt 1 0
vt 1 1
vt 0 1
vt 0 0
vt 1 0
vt 1 1
vt 0 1
vt 0 0
vt 1 0
vt 1 1
vt 0 1
vt 0 0
vt 1 0
vt 1 1
vt 0 1
vt 0 0
vt 1 0
vt 1 1
vt 0 1
vt 0 0
vt 1 0
vt 1 1
vt 0 1
vt 0 0
vt 1 0
vt 1 1
vt 0 1
vt 0 0
vt 1 0
vt 1 1
vt 0 1
vt 0 0
vt 1 0
vt 1 1
vt 0 1
vt 0 0
vt 1 0
vt 1 1
vt 0 1
vt 0 0
vt 1 0
vt 1 1
vt 0 1
vt 0 0
vt 1 0
vt 1 1
vt 0 1
vt 0 0
vt 1 0
vt 1 1
vt 0 1
vt 0 0
vt 1 0
vt 1 1
vt 0 1
vt 0 0
vt 1 0
vt 1 1
vt 0 1
vt 0 0
vt 1 0
vt 1 1
vt 0 1
vt 0 0
vt 1 0
vt 1 1
vt 0 1
vt 0 0
vt 1 0
vt 1 1
vt 0 1
vt 0 0
vt 1 0
vt 1 1
vt 0 1
vt 0 0
vt 1 0
vt 1 1
vt 0 1
vt 0 0
vt 1 0
vt 1 1
vt 0 1
vt 0 0
vt 1 0
vt 1 1
vt 0 1
vt 0 0
vt 1 0
vt 1 1
vt 0 1
vt 0 0
vt 1 0
vt 1 1
vt 0 1
vt 0 0
vt 1 0
vt 1 1
vt 0 1
vt 0 0
vt 1 0
vt 1 1
vt 0 1
vt 0 0
vt 1 0
vt 1 1
vt 0 1
vt 0 0
vt 1 0
vt 1 1
vt 0 1
vt 0 0
vt 1 0
vt 1 1
vt 0 1
vt 0 0
vt 1 0
vt 1 1
vt 0 1
vt 0 0
vt 1 0
vt 1 1
vt 0 1
vt 0 0
vt 1 0
vt 1 1
vt 0 1
vt 0 0
vt 1 0
vt 1 1
vt 0 1
vt 0 0
vt 1 0
vt 1 1
vt 0 1
vt 0 0
vt 1 0
vt 1 1
vt 0 1
vt 0 0
vt 1 0
vt 1 1
vt 0 1
vt 0 0
vt 1 0
vt 1 1
vt 0 1
vt 0 0
vt 1 0
vt 1 1
vt 0 1
vt 0 0
vt 1 0
vt 1 1
vt 0 1
vt 0 0
vt 1 0
vt 1 1
vt 0 1
vt 0 0
vt 1 0
vt 1 1
vt 0 1
vt 0 0
vt 1 0
vt 1 1
vt 0 1
vt 0 0
vt 1 0
vt 1 1
vt 0 1
vt 0 0
vt 1 0
vt 1 1
vt 0 1
vt 0 0
vt 1 0
vt 1 1
vt 0 1
vt 0 0
vt 1 0
vt 1 1
vt 0 1
vt 0 0
vt 1 0
vt 1 1
vt 0 1
vt 0 0
vt 1 0
vt 1 1
vt 0 1
vt 0 0
vt 1 0
vt 1 1
vt 0 1
vt 0 0
vt 1 0
vt 1 1
vt 0 1
vt 0 0
vt 1 0
vt 1 1
vt 0 1
vt 0 0
vt 1 0
vt 1 1
vt 0 1
vt 0 0
vt 1 0
vt 1 1
vt 0 1
vt 0 0
vt 1 0
vt 1 1
vt 0 1
vt 0 0
vt 1 0
vt 1 1
vt 0 1
vt 0 0
vt 1 0
vt 1 1
vt 0 1
vt 0 0
vt 1 0
vt 1 1
vt 0 1
vt 0 0
vt 1 0
vt 1 1
vt 0 1
vt 0 0
vt 1 0
vt 1 1
vt 0 1
vt 0 0
vt 1 0
vt 1 1
vt 0 1
vt 0 0
vt 1 0
vt 1 1
vt 0 1
vt 0 0
vt 1 0
vt 1 1
vt 0 1
vt 0 0
vt 1 0
vt 1 1
vt 0 1
vt 0 0
vt 1 0
vt 1 1
vt 0 1
vt 0 0
vt 1 0
vt 1 1
vt 0 1
vt 0 0
vt 1 0
vt 1 1
vt 0 1
vt 0 0
vt 1 0
vt 1 1
vt 0 1
vt 0 0
vt 1 0
vt 1 1
vt 0 1
vt 0 0
vt 1 0
vt 1 1
vt 0 1
vt 0 0
vt 1 0
vt 1 1
vt 0 1
vt 0 0
vt 1 0
vt 1 1
vt 0 1
vt 0 0
vt 1 0
vt 1 1
vt 0 1
vt 0 0
vt 1 0
vt 1 1
vt 0 1
vt 0 0
vt 1 0
vt 1 1
vt 0 1
vt 0 0
vt 1 0
vt 1 1
vt 0 1
vt 0 0
vt 1 0
vt 1 1
vt 0 1
vt 0 0
vt 1 0
vt 1 1
vt 0 1
vt 0 0
vt 1 0
vt 1 1
vt 0 1
vt 0 0
vt 1 0
vt 1 1
vt 0 1
vt 0 0
vt 1 0
vt 1 1
vt 0 1
vt 0 0
vt 1 0
vt 1 1
vt 0 1
vt 0 0
vt 1 0
vt 1 1
vt 0 1
vt 0 0
vt 1 0
vt 1 1
vt 0 1
vt 0 0
vt 1 0
vt 1 1
vt 0 1
vt 0 0
vt 1 0
vt 1 1
vt 0 1
vt 0 0
vt 1 0
vt 1 1
vt 0 1
vt 0 0
vt 1 0
vt 1 1
vt 0 1
vt 0 0
vt 1 0
vt 1 1
vt 0 1
vt 0 0
vt 1 0
vt 1 1
vt 0 1
vt 0 0
vt 1 0
vt 1 1
vt 0 1
vt 0 0
vt 1 0
vt 1 1
vt 0 1
vt 0 0
vt 1 0
vt 1 1
vt 0 1
vt 0 0
vt 1 0
vt 1 1
vt 0 1
vt 0 0
vt 1 0
vt 1 1
vt 0 1
vt 0 0
vt 1 0
vt 1 1
vt 0 1
vt 0 0
vt 1 0
vt 1 1
vt 0 1
vt 0 0
vt 1 0
vt 1 1
vt 0 1
vt 0 0
vt 1 0
vt 1 1
vt 0 1
vt 0 0
vt 1 0
vt 1 1
vt 0 1
vt 0 0
vt 1 0
vt 1 1
vt 0 1
vt 0 0
vt 1 0
vt 1 1
vt 0 1
vt 0 0
vt 1 0
vt 1 1
vt 0 1
vt 0 0
vt 1 0
vt 1 1
vt 0 1
vt 0 0
vt 1 0
vt 1 1
vt 0 1
vt 0 0
vt 1 0
vt 1 1
vt 0 1
vt 0 0
vt 1 0
vt 1 1
vt 0 1
vt 0 0
vt 1 0
vt 1 1
vt 0 1
vt 0 0
vt 1 0
vt 1 1
vt 0 1
vt 0 0
vt 1 0
vt 1 1
vt 0 1
vt 0 0
vt 1 0
vt 1 1
vt 0 1
vt 0 0
vt 1 0
vt 1 1
vt 0 1
vt 0 0
vt 1 0
vt 1 1
vt 0 1
vt 0 0
vt 1 0
vt 1 1
vt 0 1
vt 0 0
vt 1 0
vt 1 1
vt 0 1
vt 0 0
vt 1 0
vt 1 1
vt 0 1
vt 0 0
vt 1 0
vt 1 1
vt 0 1
vt 0 0
vt 1 0
vt 1 1
vt 0 1
vt 0 0
vt 1 0
vt 1 1
vt 0 1
vt 0 0
vt 1 0
vt 1 1
vt 0 1
vt 0 0
vt 1 0
vt 1 1
vt 0 1
vt 0 0
vt 1 0
vt 1 1
vt 0 1
vt 0 0
vt 1 0
vt 1 1
vt 0 1
vt 0 0
vt 1 0
vt 1 1
vt 0 1
vt 0 0
vt 1 0
vt 1 1
vt 0 1
vt 0 0
vt 1 0
vt 1 1
vt 0 1
vt 0 0
vt 1 0
vt 1 1
vt 0 1
vt 0 0
vt 1 0
vt 1 1
vt 0 1
vt 0 0
vt 1 0
vt 1 1
vt 0 1
vt 0 0
vt 1 0
vt 1 1
vt 0 1
vt 0 0
vt 1 0
vt 1 1
vt 0 1
vt 0 0
vt 1 0
vt 1 1
vt 0 1
vt 0 0
vt 1 0
vt 1 1
vt 0 1
vt 0 0
vt 1 0
vt 1 1
vt 0 1
vt 0 0
vt 1 0
vt 1 1
vt 0 1
vt 0 0
vt 1 0
vt 1 1
vt 0 1
vt 0 0
vt 1 0
vt 1 1
vt 0 1
vt 0 0
vt 1 0
vt 1 1
vt 0 1
vt 0 0
vt 1 0
vt 1 1
vt 0 1
vt 0 0
vt 1 0
vt 1 1
vt 0 1
vt 0 0
vt 1 0
vt 1 1
vt 0 1
vt 0 0
vt 1 0
vt 1 1
vt 0 1
vt 0 0
vt 1 0
vt 1 1
vt 0 1
vt 0 0
vt 1 0
vt 1 1
vt 0 1
vt 0 0
vt 1 0
vt 1 1
vt 0 1
vt 0 0
vt 1 0
vt 1 1
vt 0 1
vt 0 0
vt 1 0
vt 1 1
vt 0 1
vt 0 0
vt 1 0
vt 1 1
vt 0 1
vt 0 0
vt 1 0
vt 1 1
vt 0 1
vt 0 0
vt 1 0
vt 1 1
vt 0 1
vt 0 0
vt 1 0
vt 1 1
vt 0 1
vt 0 0
vt 1 0
vt 1 1
vt 0 1
vt 0 0
vt 1 0
vt 1 1
vt 0 1
vt 0 0
vt 1 0
vt 1 1
vt 0 1
vt 0 0
vt 1 0
vt 1 1
vt 0 1
vt 0 0
vt 1 0
vt 1 1
vt 0 1
vt 0 0
vt 1 0
vt 1 1
vt 0 1
vt 0 0
vt 1 0
vt 1 1
vt 0 1
vt 0 0
vt 1 0
vt 1 1
vt 0 1
vt 0 0
vt 1 0
vt 1 1
vt 0 1
vt 0 0
vt 1 0
vt 1 1
vt 0 1
vt 0 0
vt 1 0
vt 1 1
vt 0 1
vt 0 0
vt 1 0
vt 1 1
vt 0 1
vt 0 0
vt 1 0
vt 1 1
vt 0 1
vt 0 0
vt 1 0
vt 1 1
vt 0 1
vt 0 0
vt 1 0
vt 1 1
vt 0 1
vt 0 0
vt 1 0
vt 1 1
vt 0 1
vt 0 0
vt 1 0
vt 1 1
vt 0 1
vt 0 0
vt 1 0
vt 1 1
vt 0 1
vt 0 0
vt 1 0
vt 1 1
vt 0 1
vt 0 0
vt 1 0
vt 1 1
vt 0 1
vt 0 0
vt 1 0
vt 1 1
vt 0 1
vt 0 0
vt 1 0
vt 1 1
vt 0 1
vt 0 0
vt 1 0
vt 1 1
vt 0 1
vt 0 0
vt 1 0
vt 1 1
vt 0 1
vt 0 0
vt 1 0
vt 1 1
vt 0 1
vt 0 0
vt 1 0
vt 1 1
vt 0 1
vt 0 0
vt 1 0
vt 1 1
vt 0 1
vt 0 0
vt 1 0
vt 1 1
vt 0 1
vt 0 0
vt 1 0
vt 1 1
vt 0 1
vt 0 0
vt 1 0
vt 1 1
vt 0 1
vt 0 0
vt 1 0
vt 1 1
vt 0 1
vt 0 0
vt 1 0
vt 1 1
vt 0 1
vt 0 0
vt 1 0
vt 1 1
vt 0 1
vt 0 0
vt 1 0
vt 1 1
vt 0 1
vt 0 0
vt 1 0
vt 1 1
vt 0 1
vt 0 0
vt 1 0
vt 1 1
vt 0 1
vt 0 0
vt 1 0
vt 1 1
vt 0 1
vt 0 0
vt 1 0
vt 1 1
vt 0 1
vt 0 0
vt 1 0
vt 1 1
vt 0 1
vt 0 0
vt 1 0
vt 1 1
vt 0 1
vt 0 0
vt 1 0
vt 1 1
vt 0 1
vt 0 0
vt 1 0
vt 1 1
vt 0 1
vt 0 0
vt 1 0
vt 1 1
vt 0 1
vt 0 0
vt 1 0
vt 1 1
vt 0 1
vt 0 0
vt 1 0
vt 1 1
vt 0 1
vt 0 0
vt 1 0
vt 1 1
vt 0 1
vt 0 0
vt 1 0
vt 1 1
vt 0 1
vt 0 0
vt 1 0
vt 1 1
vt 0 1
vt 0 0
vt 1 0
vt 1 1
vt 0 1
vt 0 0
vt 1 0
vt 1 1
vt 0 1
vt 0 0
vt 1 0
vt 1 1
vt 0 1
vt 0 0
vt 1 0
vt 1 1
vt 0 1
vt 0 0
vt 1 0
vt 1 1
vt 0 1
vt 0 0
vt 1 0
vt 1 1
vt 0 1
vt 0 0
vt 1 0
vt 1 1
vt 0 1
vt 0 0
vt 1 0
vt 1 1
vt 0 1
vt 0 0
vt 1 0
vt 1 1
vt 0 1
vt 0 0
vt 1 0
vt 1 1
vt 0 1
vt 0 0
vt 1 0
vt 1 1
vt 0 1
vt 0 0
vt 1 0
vt 1 1
vt 0 1
vt 0 0
vt 1 0
vt 1 1
vt 0 1
vt 0 0
vt 1 0
vt 1 1
vt 0 1
vt 0 0
vt 1 0
vt 1 1
vt 0 1
vt 0 0
vt 1 0
vt 1 1
vt 0 1
vt 0 0
vt 1 0
vt 1 1
vt 0 1
vt 0 0
vt 1 0
vt 1 1
vt 0 1
vt 0 0
vt 1 0
vt 1 1
vt 0 1
vt 0 0
vt 1 0
vt 1 1
vt 0 1
vt 0 0
vt 1 0
vt 1 1
vt 0 1
vt 0 0
vt 1 0
vt 1 1
vt 0 1
vt 0 0
vt 1 0
vt 1 1
vt 0 1
vt 0 0
vt 1 0
vt 1 1
vt 0 1
vt 0 0
vt 1 0
vt 1 1
vt 0 1
vt 0 0
vt 1 0
vt 1 1
vt 0 1
vt 0 0
vt 1 0
vt 1 1
vt 0 1
vt 0 0
vt 1 0
vt 1 1
vt 0 1
vt 0 0
vt 1 0
vt 1 1
vt 0 1
vt 0 0
vt 1 0
vt 1 1
vt 0 1
vt 0 0
vt 1 0
vt 1 1
vt 0 1
vt 0 0
vt 1 0
vt 1 1
vt 0 1
vt 0 0
vt 1 0
vt 1 1
vt 0 1
vt 0 0
vt 1 0
vt 1 1
vt 0 1
vt 0 0
vt 1 0
vt 1 1
vt 0 1
vt 0 0
vt 1 0
vt 1 1
vt 0 1
vt 0 0
vt 1 0
vt 1 1
vt 0 1
vt 0 0
vt 1 0
vt 1 1
vt 0 1
vt 0 0
vt 1 0
vt 1 1
vt 0 1
vt 0 0
vt 1 0
vt 1 1
vt 0 1
vt 0 0
vt 1 0
vt 1 1
vt 0 1
vt 0 0
vt 1 0
vt 1 1
vt 0 1
vt 0 0
vt 1 0
vt 1 1
vt 0 1
vt 0 0
vt 1 0
vt 1 1
vt 0 1
vt 0 0
vt 1 0
vt 1 1
vt 0 1
vt 0 0
vt 3 0
vt 3 3
vt 0 3
vt 0 0
vt 3 0
vt 3 3
vt 0 3
vt 0 0
vt 3 0
vt 3 1
vt 0 1
vt 0 0
vt 3 0
vt 3 1
vt 0 1
vt 0 0
vt 3 0
vt 3 1
vt 0 1
vt 0 0
vt 3 0
vt 3 1
vt 0 1
vt 0 0
vt 1 0
vt 1 3
vt 0 3
vt 0 0
vt 1 0
vt 1 3
vt 0 3
vt 0 0
vt 1 0
vt 1 1
vt 0 1
vt 0 0
vt 3 0
vt 3 1
vt 0 1
vt 0 0
vt 1 0
vt 1 1
vt 0 1
vt 0 0
vt 3 0
vt 3 1
vt 0 1
vt 0 0
vt 1 0
vt 1 1
vt 0 1
vt 0 0
vt 1 0
vt 1 1
vt 0 1
vt 0 0
vt 1 0
vt 1 1
vt 0 1
vt 0 0
vt 1 0
vt 1 1
vt 0 1
vt 0 0
vt 1 0
vt 1 1
vt 0 1
vt 0 0
vt 1 0
vt 1 1
vt 0 1
vt 0 0
vt 1 0
vt 1 1
vt 0 1
vt 0 0
vt 1 0
vt 1 1
vt 0 1
vt 0 0
vt 1 0
vt 1 1
vt 0 1
vt 0 0
vt 1 0
vt 1 1
vt 0 1
vt 0 0
vt 1 0
vt 1 1
vt 0 1
vt 0 0
vt 1 0
vt 1 1
vt 0 1
vt 0 0
vt 1 0
vt 1 1
vt 0 1
vt 0 0
vt 1 0
vt 1 1
vt 0 1
vt 0 0
vt 1 0
vt 1 1
vt 0 1
vt 0 0
vt 1 0
vt 1 1
vt 0 1
vt 0 0
vt 1 0
vt 1 1
vt 0 1
vt 0 0
vt 1 0
vt 1 1
vt 0 1
vt 0 0
vt 1 0
vt 1 1
vt 0 1
vt 0 0
vt 1 0
vt 1 1
vt 0 1
vt 0 0
vt 1 0
vt 1 1
vt 0 1
vt 0 0
vt 1 0
vt 1 1
vt 0 1
vt 0 0
vt 1 0
vt 1 1
vt 0 1
vt 0 0
vt 1 0
vt 1 1
vt 0 1
vt 0 0
vt 1 0
vt 1 1
vt 0 1
vt 0 0
vt 1 0
vt 1 1
vt 0 1
vt 0 0
vt 1 0
vt 1 1
vt 0 1
vt 0 0
vt 1 0
vt 1 1
vt 0 1
vt 0 0
vt 1 0
vt 1 1
vt 0 1
vt 0 0
vt 1 0
vt 1 1
vt 0 1
vt 0 0
vt 1 0
vt 1 1
vt 0 1
vt 0 0
vt 1 0
vt 1 1
vt 0 1
vt 0 0
vt 1 0
vt 1 1
vt 0 1
vt 0 0
vt 1 0
vt 1 1
vt 0 1
vt 0 0
vt 1 0
vt 1 1
vt 0 1
vt 0 0
vt 1 0
vt 1 1
vt 0 1
vt 0 0
vt 1 0
vt 1 1
vt 0 1
vt 0 0
vt 1 0
vt 1 1
vt 0 1
vt 0 0
vt 1 0
vt 1 1
vt 0 1
vt 0 0
vt 1 0
vt 1 1
vt 0 1
vt 0 0
vt 1 0
vt 1 1
vt 0 1
vt 0 0
vt 1 0
vt 1 1
vt 0 1
vt 0 0
vt 1 0
vt 1 1
vt 0 1
vt 0 0
vt 1 0
vt 1 1
vt 0 1
vt 0 0
vt 1 0
vt 1 1
vt 0 1
vt 0 0
vt 1 0
vt 1 1
vt 0 1
vt 0 0
vt 1 0
vt 1 1
vt 0 1
vt 0 0
vt 1 0
vt 1 1
vt 0 1
vt 0 0
vt 1 0
vt 1 1
vt 0 1
vt 0 0
vt 1 0
vt 1 1
vt 0 1
vt 0 0
vt 1 0
vt 1 1
vt 0 1
vt 0 0
vt 1 0
vt 1 1
vt 0 1
vt 0 0
vt 1 0
vt 1 1
vt 0 1
vt 0 0
vt 1 0
vt 1 1
vt 0 1
vt 0 0
vt 1 0
vt 1 1
vt 0 1
vt 0 0
vt 1 0
vt 1 1
vt 0 1
vt 0 0
vt 1 0
vt 1 1
vt 0 1
vt 0 0
vt 1 0
vt 1 1
vt 0 1
vt 0 0
vt 1 0
vt 1 1
vt 0 1
vt 0 0
vt 1 0
vt 1 1
vt 0 1
vt 0 0
vt 1 0
vt 1 1
vt 0 1
vt 0 0
vt 1 0
vt 1 1
vt 0 1
vt 0 0
vt 1 0
vt 1 1
vt 0 1
vt 0 0
vt 1 0
vt 1 1
vt 0 1
vt 0 0
vt 1 0
vt 1 1
vt 0 1
vt 0 0
vt 1 0
vt 1 1
vt 0 1
vt 0 0
vt 1 0
vt 1 1
vt 0 1
vt 0 0
vt 1 0
vt 1 1
vt 0 1
vt 0 0
vt 1 0
vt 1 1
vt 0 1
vt 0 0
vt 1 0
vt 1 1
vt 0 1
vt 0 0
vt 1 0
vt 1 1
vt 0 1
vt 0 0
vt 1 0
vt 1 1
vt 0 1
vt 0 0
vt 1 0
vt 1 1
vt 0 1
vt 0 0
vt 1 0
vt 1 1
vt 0 1
vt 0 0
vt 1 0
vt 1 1
vt 0 1
vt 0 0
vt 1 0
vt 1 1
vt 0 1
vt 0 0
vt 1 0
vt 1 1
vt 0 1
vt 0 0
vt 1 0
vt 1 1
vt 0 1
vt 0 0
vt 1 0
vt 1 1
vt 0 1
vt 0 0
vt 1 0
vt 1 1
vt 0 1
vt 0 0
vt 1 0
vt 1 1
vt 0 1
vt 0 0
vt 1 0
vt 1 1
vt 0 1
vt 0 0
vt 1 0
vt 1 1
vt 0 1
vt 0 0
vt 1 0
vt 1 1
vt 0 1
vt 0 0
vt 1 0
vt 1 1
vt 0 1
vt 0 0
vt 1 0
vt 1 1
vt 0 1
vt 0 0
vt 1 0
vt 1 1
vt 0 1
vt 0 0
vt 1 0
vt 1 1
vt 0 1
vt 0 0
vt 1 0
vt 1 1
vt 0 1
vt 0 0
vt 1 0
vt 1 1
vt 0 1
vt 0 0
vt 1 0
vt 1 1
vt 0 1
vt 0 0
vt 1 0
vt 1 1
vt 0 1
vt 0 0
vt 1 0
vt 1 1
vt 0 1
vt 0 0
vt 1 0
vt 1 1
vt 0 1
vt 0 0
vt 1 0
vt 1 1
vt 0 1
vt 0 0
vt 1 0
vt 1 1
vt 0 1
vt 0 0
vt 1 0
vt 1 1
vt 0 1
vt 0 0
vt 1 0
vt 1 1
vt 0 1
vt 0 0
vt 1 0
vt 1 1
vt 0 1
vt 0 0
vt 1 0
vt 1 1
vt 0 1
vt 0 0
vt 1 0
vt 1 1
vt 0 1
vt 0 0
vt 1 0
vt 1 1
vt 0 1
vt 0 0
vt 1 0
vt 1 1
vt 0 1
vt 0 0
vt 1 0
vt 1 1
vt 0 1
vt 0 0
vt 1 0
vt 1 1
vt 0 1
vt 0 0
vt 1 0
vt 1 1
vt 0 1
vt 0 0
vt 1 0
vt 1 1
vt 0 1
vt 0 0
vt 1 0
vt 1 1
vt 0 1
vt 0 0
vt 1 0
vt 1 1
vt 0 1
vt 0 0
vt 1 0
vt 1 1
vt 0 1
vt 0 0
vt 1 0
vt 1 1
vt 0 1
vt 0 0
vt 1 0
vt 1 1
vt 0 1
vt 0 0
vt 1 0
vt 1 1
vt 0 1
vt 0 0
vt 1 0
vt 1 1
vt 0 1
vt 0 0
vt 1 0
vt 1 1
vt 0 1
vt 0 0
vt 1 0
vt 1 1
vt 0 1
vt 0 0
vt 1 0
vt 1 1
vt 0 1
vt 0 0
vt 1 0
vt 1 1
vt 0 1
vt 0 0
vt 1 0
vt 1 1
vt 0 1
vt 0 0
vt 1 0
vt 1 1
vt 0 1
vt 0 0
vt 1 0
vt 1 1
vt 0 1
vt 0 0
vt 1 0
vt 1 1
vt 0 1
vt 0 0
vt 1 0
vt 1 1
vt 0 1
vt 0 0
vt 1 0
vt 1 1
vt 0 1
vt 0 0
vt 1 0
vt 1 1
vt 0 1
vt 0 0
vt 1 0
vt 1 1
vt 0 1
vt 0 0
vt 1 0
vt 1 1
vt 0 1
vt 0 0
vt 1 0
vt 1 1
vt 0 1
vt 0 0
vt 1 0
vt 1 1
vt 0 1
vt 0 0
vt 1 0
vt 1 1
vt 0 1
vt 0 0
vt 1 0
vt 1 1
vt 0 1
vt 0 0
vt 1 0
vt 1 1
vt 0 1
vt 0 0
vt 1 0
vt 1 1
vt 0 1
vt 0 0
vt 1 0
vt 1 1
vt 0 1
vt 0 0
vt 1 0
vt 1 1
vt 0 1
vt 0 0
vt 1 0
vt 1 1
vt 0 1
vt 0 0
vt 1 0
vt 1 1
vt 0 1
vt 0 0
vt 1 0
vt 1 1
vt 0 1
vt 0 0
vt 1 0
vt 1 1
vt 0 1
vt 0 0
vt 1 0
vt 1 1
vt 0 1
vt 0 0
vt 1 0
vt 1 1
vt 0 1
vt 0 0
vt 1 0
vt 1 1
vt 0 1
vt 0 0
vt 1 0
vt 1 1
vt 0 1
vt 0 0
vt 1 0
vt 1 1
vt 0 1
vt 0 0
vt 1 0
vt 1 1
vt 0 1
vt 0 0
vt 1 0
vt 1 1
vt 0 1
vt 0 0
vt 1 0
vt 1 1
vt 0 1
vt 0 0
vt 1 0
vt 1 1
vt 0 1
vt 0 0
vt 1 0
vt 1 1
vt 0 1
vt 0 0
vt 1 0
vt 1 1
vt 0 1
vt 0 0
vt 1 0
vt 1 1
vt 0 1
vt 0 0
vt 1 0
vt 1 1
vt 0 1
vt 0 0
vt 1 0
vt 1 1
vt 0 1
vt 0 0
vt 1 0
vt 1 1
vt 0 1
vt 0 0
vt 1 0
vt 1 1
vt 0 1
vt 0 0
vt 1 0
vt 1 1
vt 0 1
vt 0 0
vt 1 0
vt 1 1
vt 0 1
vt 0 0
vt 1 0
vt 1 1
vt 0 1
vt 0 0
vt 1 0
vt 1 1
vt 0 1
vt 0 0
vt 1 0
vt 1 1
vt 0 1
vt 0 0
vt 1 0
vt 1 1
vt 0 1
vt 0 0
vt 1 0
vt 1 1
vt 0 1
vt 0 0
vt 1 0
vt 1 1
vt 0 1
vt 0 0
vt 1 0
vt 1 1
vt 0 1
vt 0 0
vt 1 0
vt 1 1
vt 0 1
vt 0 0
vt 1 0
vt 1 1
vt 0 1
vt 0 0
vt 1 0
vt 1 1
vt 0 1
vt 0 0
vt 1 0
vt 1 1
vt 0 1
vt 0 0
vt 4 0
vt 4 1
vt 0 1
vt 0 0
vt 4 0
vt 4 1
vt 0 1
vt 0 0
vt 4 0
vt 4 1
vt 0 1
vt 0 0
vt 1 0
vt 1 1
vt 0 1
vt 0 0
vt 4 0
vt 4 1
vt 0 1
vt 0 0
vt 1 0
vt 1 1
vt 0 1
vt 0 0
vt 4 0
vt 4 1
vt 0 1
vt 0 0
vt 4 0
vt 4 1
vt 0 1
vt 0 0
vt 4 0
vt 4 1
vt 0 1
vt 0 0
vt 1 0
vt 1 1
vt 0 1
vt 0 0
vt 4 0
vt 4 1
vt 0 1
vt 0 0
vt 1 0
vt 1 1
vt 0 1
vt 0 0
vt 1 0
vt 1 4
vt 0 4
vt 0 0
vt 1 0
vt 1 4
vt 0 4
vt 0 0
vt 1 0
vt 1 1
vt 0 1
vt 0 0
vt 4 0
vt 4 1
vt 0 1
vt 0 0
vt 1 0
vt 1 1
vt 0 1
vt 0 0
vt 4 0
vt 4 1
vt 0 1
vt 0 0
vt 1 0
vt 1 4
vt 0 4
vt 0 0
vt 1 0
vt 1 4
vt 0 4
vt 0 0
vt 1 0
vt 1 1
vt 0 1
vt 0 0
vt 4 0
vt 4 1
vt 0 1
vt 0 0
vt 1 0
vt 1 1
vt 0 1
vt 0 0
vt 4 0
vt 4 1
vt 0 1
vt 0 0
vt 1 0
vt 1 1
vt 0 1
vt 0 0
vt 1 0
vt 1 1
vt 0 1
vt 0 0
vt 1 0
vt 1 2
vt 0 2
vt 0 0
vt 1 0
vt 1 2
vt 0 2
vt 0 0
vt 1 0
vt 1 2
vt 0 2
vt 0 0
vt 1 0
vt 1 2
vt 0 2
vt 0 0
vt 1 0
vt 1 1
vt 0 1
vt 0 0
vt 1 0
vt 1 1
vt 0 1
vt 0 0
vt 1 0
vt 1 2
vt 0 2
vt 0 0
vt 1 0
vt 1 2
vt 0 2
vt 0 0
vt 1 0
vt 1 2
vt 0 2
vt 0 0
vt 1 0
vt 1 2
vt 0 2
vt 0 0
vt 1 0
vt 1 1
vt 0 1
vt 0 0
vt 1 0
vt 1 1
vt 0 1
vt 0 0
vt 1 0
vt 1 1
vt 0 1
vt 0 0
vt 1 0
vt 1 1
vt 0 1
vt 0 0
vt 1 0
vt 1 1
vt 0 1
vt 0 0
vt 1 0
vt 1 1
vt 0 1
vt 0 0
vt 1 0
vt 1 1
vt 0 1
vt 0 0
vt 1 0
vt 1 1
vt 0 1
vt 0 0
vt 1 0
vt 1 2
vt 0 2
vt 0 0
vt 1 0
vt 1 2
vt 0 2
vt 0 0
vt 1 0
vt 1 2
vt 0 2
vt 0 0
vt 1 0
vt 1 2
vt 0 2
vt 0 0
vt 1 0
vt 1 1
vt 0 1
vt 0 0
vt 1 0
vt 1 1
vt 0 1
vt 0 0
vt 1 0
vt 1 2
vt 0 2
vt 0 0
vt 1 0
vt 1 2
vt 0 2
vt 0 0
vt 1 0
vt 1 2
vt 0 2
vt 0 0
vt 1 0
vt 1 2
vt 0 2
vt 0 0
vt 1 0
vt 1 1
vt 0 1
vt 0 0
vt 1 0
vt 1 1
vt 0 1
vt 0 0
vt 1 0
vt 1 2
vt 0 2
vt 0 0
vt 1 0
vt 1 2
vt 0 2
vt 0 0
vt 1 0
vt 1 2
vt 0 2
vt 0 0
vt 1 0
vt 1 2
vt 0 2
vt 0 0
vt 1 0
vt 1 1
vt 0 1
vt 0 0
vt 1 0
vt 1 1
vt 0 1
vt 0 0
vt 1 0
vt 1 2
vt 0 2
vt 0 0
vt 1 0
vt 1 2
vt 0 2
vt 0 0
vt 1 0
vt 1 2
vt 0 2
vt 0 0
vt 1 0
vt 1 2
vt 0 2
vt 0 0
vt 1 0
vt 1 1
vt 0 1
vt 0 0
vt 1 0
vt 1 1
vt 0 1
vt 0 0
vt 1 0
vt 1 2
vt 0 2
vt 0 0
vt 1 0
vt 1 2
vt 0 2
vt 0 0
vt 1 0
vt 1 2
vt 0 2
vt 0 0
vt 1 0
vt 1 2
vt 0 2
vt 0 0
vt 1 0
vt 1 1
vt 0 1
vt 0 0
vt 1 0
vt 1 1
vt 0 1
vt 0 0
vt 1 0
vt 1 2
vt 0 2
vt 0 0
vt 1 0
vt 1 2
vt 0 2
vt 0 0
vt 1 0
vt 1 2
vt 0 2
vt 0 0
vt 1 0
vt 1 2
vt 0 2
vt 0 0
vt 1 0
vt 1 1
vt 0 1
vt 0 0
vt 1 0
vt 1 1
vt 0 1
vt 0 0
vt 1 0
vt 1 1
vt 0 1
vt 0 0
vt 1 0
vt 1 1
vt 0 1
vt 0 0
vt 1 0
vt 1 1
vt 0 1
vt 0 0
vt 1 0
vt 1 1
vt 0 1
vt 0 0
vt 1 0
vt 1 1
vt 0 1
vt 0 0
vt 1 0
vt 1 1
vt 0 1
vt 0 0
vt 1 0
vt 1 2
vt 0 2
vt 0 0
vt 1 0
vt 1 2
vt 0 2
vt 0 0
vt 1 0
vt 1 2
vt 0 2
vt 0 0
vt 1 0
vt 1 2
vt 0 2
vt 0 0
vt 1 0
vt 1 1
vt 0 1
vt 0 0
vt 1 0
vt 1 1
vt 0 1
vt 0 0
vt 1 0
vt 1 2
vt 0 2
vt 0 0
vt 1 0
vt 1 2
vt 0 2
vt 0 0
vt 1 0
vt 1 2
vt 0 2
vt 0 0
vt 1 0
vt 1 2
vt 0 2
vt 0 0
vt 1 0
vt 1 1
vt 0 1
vt 0 0
vt 1 0
vt 1 1
vt 0 1
vt 0 0
vt 1 0
vt 1 2
vt 0 2
vt 0 0
vt 1 0
vt 1 2
vt 0 2
vt 0 0
vt 1 0
vt 1 2
vt 0 2
vt 0 0
vt 1 0
vt 1 2
vt 0 2
vt 0 0
vt 1 0
vt 1 1
vt 0 1
vt 0 0
vt 1 0
vt 1 1
vt 0 1
vt 0 0
vt 1 0
vt 1 2
vt 0 2
vt 0 0
vt 1 0
vt 1 2
vt 0 2
vt 0 0
vt 1 0
vt 1 2
vt 0 2
vt 0 0
vt 1 0
vt 1 2
vt 0 2
vt 0 0
vt 1 0
vt 1 1
vt 0 1
vt 0 0
vt 1 0
vt 1 1
vt 0 1
vt 0 0
vt 1 0
vt 1 1
vt 0 1
vt 0 0
vt 1 0
vt 1 1
vt 0 1
vt 0 0
vt 1 0
vt 1 1
vt 0 1
vt 0 0
vt 1 0
vt 1 1
vt 0 1
vt 0 0
vt 1 0
vt 1 1
vt 0 1
vt 0 0
vt 1 0
vt 1 1
vt 0 1
vt 0 0
vt 1 0
vt 1 2
vt 0 2
vt 0 0
vt 1 0
vt 1 2
vt 0 2
vt 0 0
vt 1 0
vt 1 2
vt 0 2
vt 0 0
vt 1 0
vt 1 2
vt 0 2
vt 0 0
vt 1 0
vt 1 1
vt 0 1
vt 0 0
vt 1 0
vt 1 1
vt 0 1
vt 0 0
vt 1 0
vt 1 1
vt 0 1
vt 0 0
vt 1 0
vt 1 1
vt 0 1
vt 0 0
vt 1 0
vt 1 1
vt 0 1
vt 0 0
vt 1 0
vt 1 1
vt 0 1
vt 0 0
vt 1 0
vt 1 1
vt 0 1
vt 0 0
vt 1 0
vt 1 1
vt 0 1
vt 0 0
vt 1 0
vt 1 1
vt 0 1
vt 0 0
vt 1 0
vt 1 1
vt 0 1
vt 0 0
vt 1 0
vt 1 1
vt 0 1
vt 0 0
vt 1 0
vt 1 1
vt 0 1
vt 0 0
vt 1 0
vt 1 1
vt 0 1
vt 0 0
vt 1 0
vt 1 1
vt 0 1
vt 0 0
vt 1 0
vt 1 1
vt 0 1
vt 0 0
vt 1 0
vt 1 1
vt 0 1
vt 0 0
vt 1 0
vt 1 1
vt 0 1
vt 0 0
vt 1 0
vt 1 1
vt 0 1
vt 0 0
vt 1 0
vt 1 1
vt 0 1
vt 0 0
vt 1 0
vt 1 1
vt 0 1
vt 0 0
vt 1 0
vt 1 1
vt 0 1
vt 0 0
vt 1 0
vt 1 1
vt 0 1
vt 0 0
vt 1 0
vt 1 1
vt 0 1
vt 0 0
vt 1 0
vt 1 1
vt 0 1
vt 0 0
vt 1 0
vt 1 1
vt 0 1
vt 0 0
vt 1 0
vt 1 1
vt 0 1
vt 0 0
vt 1 0
vt 1 1
vt 0 1
vt 0 0
vt 1 0
vt 1 1
vt 0 1
vt 0 0
vt 1 0
vt 1 1
vt 0 1
vt 0 0
vt 1 0
vt 1 1
vt 0 1
vt 0 0
vt 1 0
vt 1 1
vt 0 1
vt 0 0
vt 1 0
vt 1 1
vt 0 1
vt 0 0
vt 1 0
vt 1 1
vt 0 1
vt 0 0
vt 1 0
vt 1 1
vt 0 1
vt 0 0
vt 1 0
vt 1 1
vt 0 1
vt 0 0
vt 1 0
vt 1 1
vt 0 1
vt 0 0
vt 1 0
vt 1 1
vt 0 1
vt 0 0
vt 1 0
vt 1 1
vt 0 1
vt 0 0
vt 1 0
vt 1 1
vt 0 1
vt 0 0
vt 1 0
vt 1 1
vt 0 1
vt 0 0
vt 1 0
vt 1 1
vt 0 1
vt 0 0
vt 1 0
vt 1 1
vt 0 1
vt 0 0
vt 1 0
vt 1 1
vt 0 1
vt 0 0
vt 1 0
vt 1 1
vt 0 1
vt 0 0
vt 1 0
vt 1 1
vt 0 1
vt 0 0
vt 1 0
vt 1 1
vt 0 1
vt 0 0
vt 1 0
vt 1 1
vt 0 1
vt 0 0
vt 1 0
vt 1 1
vt 0 1
vt 0 0
vt 1 0
vt 1 1
vt 0 1
vt 0 0
vt 1 0
vt 1 1
vt 0 1
vt 0 0
vt 1 0
vt 1 1
vt 0 1
vt 0 0
vt 1 0
vt 1 1
vt 0 1
vt 0 0
vt 1 0
vt 1 1
vt 0 1
vt 0 0
vt 1 0
vt 1 1
vt 0 1
vt 0 0
vt 1 0
vt 1 1
vt 0 1
vt 0 0
vt 1 0
vt 1 1
vt 0 1
vt 0 0
vt 1 0
vt 1 1
vt 0 1
vt 0 0
vt 1 0
vt 1 1
vt 0 1
vt 0 0
vt 1 0
vt 1 1
vt 0 1
vt 0 0
vt 1 0
vt 1 1
vt 0 1
vt 0 0
vt 1 0
vt 1 1
vt 0 1
vt 0 0
vt 1 0
vt 1 1
vt 0 1
vt 0 0
vt 1 0
vt 1 1
vt 0 1
vt 0 0
vt 1 0
vt 1 1
vt 0 1
vt 0 0
vt 1 0
vt 1 1
vt 0 1
vt 0 0
vt 1 0
vt 1 1
vt 0 1
vt 0 0
vt 1 0
vt 1 1
vt 0 1
vt 0 0
vt 1 0
vt 1 1
vt 0 1
vt 0 0
vt 1 0
vt 1 1
vt 0 1
vt 0 0
vt 1 0
vt 1 1
vt 0 1
vt 0 0
vt 1 0
vt 1 1
vt 0 1
vt 0 0
vt 1 0
vt 1 1
vt 0 1
vt 0 0
vt 7 0
vt 7 5
vt 0 5
vt 0 0
vt 7 0
vt 7 5
vt 0 5
vt 0 0
vt 7 0
vt 7 1
vt 0 1
vt 0 0
vt 5 0
vt 5 1
vt 0 1
vt 0 0
vt 7 0
vt 7 1
vt 0 1
vt 0 0
vt 5 0
vt 5 1
vt 0 1
vt 0 0
vt 5 0
vt 5 4
vt 0 4
vt 0 0
vt 5 0
vt 5 4
vt 0 4
vt 0 0
vt 5 0
vt 5 1
vt 0 1
vt 0 0
vt 4 0
vt 4 1
vt 0 1
vt 0 0
vt 5 0
vt 5 1
vt 0 1
vt 0 0
vt 4 0
vt 4 1
vt 0 1
vt 0 0
vt 3 0
vt 3 2
vt 0 2
vt 0 0
vt 3 0
vt 3 2
vt 0 2
vt 0 0
vt 3 0
vt 3 1
vt 0 1
vt 0 0
vt 2 0
vt 2 1
vt 0 1
vt 0 0
vt 3 0
vt 3 1
vt 0 1
vt 0 0
vt 2 0
vt 2 1
vt 0 1
vt 0 0
vt 2 0
vt 2 2
vt 0 2
vt 0 0
vt 2 0
vt 2 2
vt 0 2
vt 0 0
vt 2 0
vt 2 1
vt 0 1
vt 0 0
vt 2 0
vt 2 1
vt 0 1
vt 0 0
vt 2 0
vt 2 1
vt 0 1
vt 0 0
vt 2 0
vt 2 1
vt 0 1
vt 0 0
vt 1 0
vt 1 1
vt 0 1
vt 0 0
vt 1 0
vt 1 1
vt 0 1
vt 0 0
vt 1 0
vt 1 1
vt 0 1
vt 0 0
vt 1 0
vt 1 1
vt 0 1
vt 0 0
vt 1 0
vt 1 1
vt 0 1
vt 0 0
vt 1 0
vt 1 1
vt 0 1
vt 0 0
vt 1 0
vt 1 1
vt 0 1
vt 0 0
vt 1 0
vt 1 1
vt 0 1
vt 0 0
vt 1 0
vt 1 1
vt 0 1
vt 0 0
vt 1 0
vt 1 1
vt 0 1
vt 0 0
vt 1 0
vt 1 1
vt 0 1
vt 0 0
vt 1 0
vt 1 1
vt 0 1
vt 0 0
vt 1 0
vt 1 1
vt 0 1
vt 0 0
vt 1 0
vt 1 1
vt 0 1
vt 0 0
vt 1 0
vt 1 1
vt 0 1
vt 0 0
vt 1 0
vt 1 1
vt 0 1
vt 0 0
vt 1 0
vt 1 1
vt 0 1
vt 0 0
vt 1 0
vt 1 1
vt 0 1
vt 0 0
vt 1 0
vt 1 1
vt 0 1
vt 0 0
vt 1 0
vt 1 1
vt 0 1
vt 0 0
vt 1 0
vt 1 1
vt 0 1
vt 0 0
vt 1 0
vt 1 1
vt 0 1
vt 0 0
vt 1 0
vt 1 1
vt 0 1
vt 0 0
vt 1 0
vt 1 1
vt 0 1
vt 0 0
vt 1 0
vt 1 1
vt 0 1
vt 0 0
vt 1 0
vt 1 1
vt 0 1
vt 0 0
vt 1 0
vt 1 1
vt 0 1
vt 0 0
vt 1 0
vt 1 1
vt 0 1
vt 0 0
vt 1 0
vt 1 1
vt 0 1
vt 0 0
vt 1 0
vt 1 1
vt 0 1
vt 0 0
vt 1 0
vt 1 1
vt 0 1
vt 0 0
vt 1 0
vt 1 1
vt 0 1
vt 0 0
vt 1 0
vt 1 1
vt 0 1
vt 0 0
vt 1 0
vt 1 1
vt 0 1
vt 0 0
vt 1 0
vt 1 1
vt 0 1
vt 0 0
vt 1 0
vt 1 1
vt 0 1
vt 0 0
vt 1 0
vt 1 1
vt 0 1
vt 0 0
vt 1 0
vt 1 1
vt 0 1
vt 0 0
vt 1 0
vt 1 1
vt 0 1
vt 0 0
vt 1 0
vt 1 1
vt 0 1
vt 0 0
vt 1 0
vt 1 1
vt 0 1
vt 0 0
vt 1 0
vt 1 1
vt 0 1
vt 0 0
vt 1 0
vt 1 1
vt 0 1
vt 0 0
vt 1 0
vt 1 1
vt 0 1
vt 0 0
vt 1 0
vt 1 1
vt 0 1
vt 0 0
vt 1 0
vt 1 1
vt 0 1
vt 0 0
vt 1 0
vt 1 1
vt 0 1
vt 0 0
vt 1 0
vt 1 1
vt 0 1
vt 0 0
vt 1 0
vt 1 1
vt 0 1
vt 0 0
vt 1 0
vt 1 1
vt 0 1
vt 0 0
vt 1 0
vt 1 1
vt 0 1
vt 0 0
vt 1 0
vt 1 1
vt 0 1
vt 0 0
vt 1 0
vt 1 1
vt 0 1
vt 0 0
vt 1 0
vt 1 1
vt 0 1
vt 0 0
vt 1 0
vt 1 1
vt 0 1
vt 0 0
vt 1 0
vt 1 1
vt 0 1
vt 0 0
vt 1 0
vt 1 1
vt 0 1
vt 0 0
vt 1 0
vt 1 1
vt 0 1
vt 0 0
vt 1 0
vt 1 1
vt 0 1
vt 0 0
vt 1 0
vt 1 1
vt 0 1
vt 0 0
vt 1 0
vt 1 1
vt 0 1
vt 0 0
vt 1 0
vt 1 1
vt 0 1
vt 0 0
vt 1 0
vt 1 1
vt 0 1
vt 0 0
vt 1 0
vt 1 1
vt 0 1
vt 0 0
vt 1 0
vt 1 1
vt 0 1
vt 0 0
vt 1 0
vt 1 1
vt 0 1
vt 0 0
vt 2 0
vt 2 2
vt 0 2
vt 0 0
vt 2 0
vt 2 2
vt 0 2
vt 0 0
vt 2 0
vt 2 1
vt 0 1
vt 0 0
vt 2 0
vt 2 1
vt 0 1
vt 0 0
vt 2 0
vt 2 1
vt 0 1
vt 0 0
vt 2 0
vt 2 1
vt 0 1
vt 0 0
vt 2 0
vt 2 1
vt 0 1
vt 0 0
vt 2 0
vt 2 1
vt 0 1
vt 0 0
vt 2 0
vt 2 1
vt 0 1
vt 0 0
vt 1 0
vt 1 1
vt 0 1
vt 0 0
vt 2 0
vt 2 1
vt 0 1
vt 0 0
vt 1 0
vt 1 1
vt 0 1
vt 0 0
vt 1 0
vt 1 1
vt 0 1
vt 0 0
vt 1 0
vt 1 1
vt 0 1
vt 0 0
vt 1 0
vt 1 1
vt 0 1
vt 0 0
vt 1 0
vt 1 1
vt 0 1
vt 0 0
vt 1 0
vt 1 1
vt 0 1
vt 0 0
vt 1 0
vt 1 1
vt 0 1
vt 0 0
vt 3 0
vt 3 2
vt 0 2
vt 0 0
vt 3 0
vt 3 2
vt 0 2
vt 0 0
vt 3 0
vt 3 1
vt 0 1
vt 0 0
vt 2 0
vt 2 1
vt 0 1
vt 0 0
vt 3 0
vt 3 1
vt 0 1
vt 0 0
vt 2 0
vt 2 1
vt 0 1
vt 0 0
vt 2 0
vt 2 1
vt 0 1
vt 0 0
vt 2 0
vt 2 1
vt 0 1
vt 0 0
vt 2 0
vt 2 1
vt 0 1
vt 0 0
vt 1 0
vt 1 1
vt 0 1
vt 0 0
vt 2 0
vt 2 1
vt 0 1
vt 0 0
vt 1 0
vt 1 1
vt 0 1
vt 0 0
vt 1 0
vt 1 1
vt 0 1
vt 0 0
vt 1 0
vt 1 1
vt 0 1
vt 0 0
vt 1 0
vt 1 1
vt 0 1
vt 0 0
vt 1 0
vt 1 1
vt 0 1
vt 0 0
vt 1 0
vt 1 1
vt 0 1
vt 0 0
vt 1 0
vt 1 1
vt 0 1
vt 0 0
vt 1 0
vt 1 1
vt 0 1
vt 0 0
vt 1 0
vt 1 1
vt 0 1
vt 0 0
vt 1 0
vt 1 1
vt 0 1
vt 0 0
vt 1 0
vt 1 1
vt 0 1
vt 0 0
vt 1 0
vt 1 1
vt 0 1
vt 0 0
vt 1 0
vt 1 1
vt 0 1
vt 0 0
vt 1 0
vt 1 1
vt 0 1
vt 0 0
vt 1 0
vt 1 1
vt 0 1
vt 0 0
vt 1 0
vt 1 1
vt 0 1
vt 0 0
vt 1 0
vt 1 1
vt 0 1
vt 0 0
vt 1 0
vt 1 1
vt 0 1
vt 0 0
vt 1 0
vt 1 1
vt 0 1
vt 0 0
vt 2 0
vt 2 2
vt 0 2
vt 0 0
vt 2 0
vt 2 2
vt 0 2
vt 0 0
vt 2 0
vt 2 1
vt 0 1
vt 0 0
vt 2 0
vt 2 1
vt 0 1
vt 0 0
vt 2 0
vt 2 1
vt 0 1
vt 0 0
vt 2 0
vt 2 1
vt 0 1
vt 0 0
vt 2 0
vt 2 1
vt 0 1
vt 0 0
vt 2 0
vt 2 1
vt 0 1
vt 0 0
vt 2 0
vt 2 1
vt 0 1
vt 0 0
vt 1 0
vt 1 1
vt 0 1
vt 0 0
vt 2 0
vt 2 1
vt 0 1
vt 0 0
vt 1 0
vt 1 1
vt 0 1
vt 0 0
vt 1 0
vt 1 1
vt 0 1
vt 0 0
vt 1 0
vt 1 1
vt 0 1
vt 0 0
vt 1 0
vt 1 1
vt 0 1
vt 0 0
vt 1 0
vt 1 1
vt 0 1
vt 0 0
vt 1 0
vt 1 1
vt 0 1
vt 0 0
vt 1 0
vt 1 1
vt 0 1
vt 0 0
vt 3 0
vt 3 2
vt 0 2
vt 0 0
vt 3 0
vt 3 2
vt 0 2
vt 0 0
vt 3 0
vt 3 1
vt 0 1
vt 0 0
vt 2 0
vt 2 1
vt 0 1
vt 0 0
vt 3 0
vt 3 1
vt 0 1
vt 0 0
vt 2 0
vt 2 1
vt 0 1
vt 0 0
vt 2 0
vt 2 1
vt 0 1
vt 0 0
vt 2 0
vt 2 1
vt 0 1
vt 0 0
vt 2 0
vt 2 1
vt 0 1
vt 0 0
vt 1 0
vt 1 1
vt 0 1
vt 0 0
vt 2 0
vt 2 1
vt 0 1
vt 0 0
vt 1 0
vt 1 1
vt 0 1
vt 0 0
vt 1 0
vt 1 1
vt 0 1
vt 0 0
vt 1 0
vt 1 1
vt 0 1
vt 0 0
vt 1 0
vt 1 1
vt 0 1
vt 0 0
vt 1 0
vt 1 1
vt 0 1
vt 0 0
vt 1 0
vt 1 1
vt 0 1
vt 0 0
vt 1 0
vt 1 1
vt 0 1
vt 0 0
vt 2 0
vt 2 3
vt 0 3
vt 0 0
vt 2 0
vt 2 3
vt 0 3
vt 0 0
vt 2 0
vt 2 1
vt 0 1
vt 0 0
vt 3 0
vt 3 1
vt 0 1
vt 0 0
vt 2 0
vt 2 1
vt 0 1
vt 0 0
vt 3 0
vt 3 1
vt 0 1
vt 0 0
vt 1 0
vt 1 2
vt 0 2
vt 0 0
vt 1 0
vt 1 2
vt 0 2
vt 0 0
vt 1 0
vt 1 1
vt 0 1
vt 0 0
vt 2 0
vt 2 1
vt 0 1
vt 0 0
vt 1 0
vt 1 1
vt 0 1
vt 0 0
vt 2 0
vt 2 1
vt 0 1
vt 0 0
vt 1 0
vt 1 1
vt 0 1
vt 0 0
vt 1 0
vt 1 1
vt 0 1
vt 0 0
vt 1 0
vt 1 1
vt 0 1
vt 0 0
vt 1 0
vt 1 1
vt 0 1
vt 0 0
vt 1 0
vt 1 1
vt 0 1
vt 0 0
vt 1 0
vt 1 1
vt 0 1
vt 0 0
vt 3 0
vt 3 2
vt 0 2
vt 0 0
vt 3 0
vt 3 2
vt 0 2
vt 0 0
vt 3 0
vt 3 1
vt 0 1
vt 0 0
vt 2 0
vt 2 1
vt 0 1
vt 0 0
vt 3 0
vt 3 1
vt 0 1
vt 0 0
vt 2 0
vt 2 1
vt 0 1
vt 0 0
vt 2 0
vt 2 1
vt 0 1
vt 0 0
vt 2 0
vt 2 1
vt 0 1
vt 0 0
vt 2 0
vt 2 1
vt 0 1
vt 0 0
vt 1 0
vt 1 1
vt 0 1
vt 0 0
vt 2 0
vt 2 1
vt 0 1
vt 0 0
vt 1 0
vt 1 1
vt 0 1
vt 0 0
vt 1 0
vt 1 1
vt 0 1
vt 0 0
vt 1 0
vt 1 1
vt 0 1
vt 0 0
vt 1 0
vt 1 1
vt 0 1
vt 0 0
vt 1 0
vt 1 1
vt 0 1
vt 0 0
vt 1 0
vt 1 1
vt 0 1
vt 0 0
vt 1 0
vt 1 1
vt 0 1
vt 0 0
vt 2 0
vt 2 2
vt 0 2
vt 0 0
vt 2 0
vt 2 2
vt 0 2
vt 0 0
vt 2 0
vt 2 1
vt 0 1
vt 0 0
vt 2 0
vt 2 1
vt 0 1
vt 0 0
vt 2 0
vt 2 1
vt 0 1
vt 0 0
vt 2 0
vt 2 1
vt 0 1
vt 0 0
vt 1 0
vt 1 1
vt 0 1
vt 0 0
vt 1 0
vt 1 1
vt 0 1
vt 0 0
vt 1 0
vt 1 1
vt 0 1
vt 0 0
vt 1 0
vt 1 1
vt 0 1
vt 0 0
vt 1 0
vt 1 1
vt 0 1
vt 0 0
vt 1 0
vt 1 1
vt 0 1
vt 0 0
vt 1 0
vt 1 1
vt 0 1
vt 0 0
vt 1 0
vt 1 1
vt 0 1
vt 0 0
vt 1 0
vt 1 1
vt 0 1
vt 0 0
vt 1 0
vt 1 1
vt 0 1
vt 0 0
vt 1 0
vt 1 1
vt 0 1
vt 0 0
vt 1 0
vt 1 1
vt 0 1
vt 0 0
vt 3 0
vt 3 2
vt 0 2
vt 0 0
vt 3 0
vt 3 2
vt 0 2
vt 0 0
vt 3 0
vt 3 1
vt 0 1
vt 0 0
vt 2 0
vt 2 1
vt 0 1
vt 0 0
vt 3 0
vt 3 1
vt 0 1
vt 0 0
vt 2 0
vt 2 1
vt 0 1
vt 0 0
vt 2 0
vt 2 1
vt 0 1
vt 0 0
vt 2 0
vt 2 1
vt 0 1
vt 0 0
vt 2 0
vt 2 1
vt 0 1
vt 0 0
vt 1 0
vt 1 1
vt 0 1
vt 0 0
vt 2 0
vt 2 1
vt 0 1
vt 0 0
vt 1 0
vt 1 1
vt 0 1
vt 0 0
vt 1 0
vt 1 1
vt 0 1
vt 0 0
vt 1 0
vt 1 1
vt 0 1
vt 0 0
vt 1 0
vt 1 1
vt 0 1
vt 0 0
vt 1 0
vt 1 1
vt 0 1
vt 0 0
vt 1 0
vt 1 1
vt 0 1
vt 0 0
vt 1 0
vt 1 1
vt 0 1
vt 0 0
vt 1 0
vt 1 1
vt 0 1
vt 0 0
vt 1 0
vt 1 1
vt 0 1
vt 0 0
vt 1 0
vt 1 1
vt 0 1
vt 0 0
vt 1 0
vt 1 1
vt 0 1
vt 0 0
vt 1 0
vt 1 1
vt 0 1
vt 0 0
vt 1 0
vt 1 1
vt 0 1
vt 0 0
vt 1 0
vt 1 1
vt 0 1
vt 0 0
vt 1 0
vt 1 1
vt 0 1
vt 0 0
vt 1 0
vt 1 1
vt 0 1
vt 0 0
vt 1 0
vt 1 1
vt 0 1
vt 0 0
vt 1 0
vt 1 1
vt 0 1
vt 0 0
vt 1 0
vt 1 1
vt 0 1
vt 0 0
vt 3 0
vt 3 4
vt 0 4
vt 0 0
vt 3 0
vt 3 4
vt 0 4
vt 0 0
vt 3 0
vt 3 1
vt 0 1
vt 0 0
vt 4 0
vt 4 1
vt 0 1
vt 0 0
vt 3 0
vt 3 1
vt 0 1
vt 0 0
vt 4 0
vt 4 1
vt 0 1
vt 0 0
vt 2 0
vt 2 4
vt 0 4
vt 0 0
vt 2 0
vt 2 4
vt 0 4
vt 0 0
vt 2 0
vt 2 1
vt 0 1
vt 0 0
vt 4 0
vt 4 1
vt 0 1
vt 0 0
vt 2 0
vt 2 1
vt 0 1
vt 0 0
vt 4 0
vt 4 1
vt 0 1
vt 0 0
vt 1 0
vt 1 4
vt 0 4
vt 0 0
vt 1 0
vt 1 4
vt 0 4
vt 0 0
vt 1 0
vt 1 1
vt 0 1
vt 0 0
vt 4 0
vt 4 1
vt 0 1
vt 0 0
vt 1 0
vt 1 1
vt 0 1
vt 0 0
vt 4 0
vt 4 1
vt 0 1
vt 0 0
vt 1 0
vt 1 1
vt 0 1
vt 0 0
vt 1 0
vt 1 1
vt 0 1
vt 0 0
vt 1 0
vt 1 1
vt 0 1
vt 0 0
vt 1 0
vt 1 1
vt 0 1
vt 0 0
vt 1 0
vt 1 1
vt 0 1
vt 0 0
vt 1 0
vt 1 1
vt 0 1
vt 0 0
vt 1 0
vt 1 1
vt 0 1
vt 0 0
vt 1 0
vt 1 1
vt 0 1
vt 0 0
vt 1 0
vt 1 1
vt 0 1
vt 0 0
vt 1 0
vt 1 1
vt 0 1
vt 0 0
vt 1 0
vt 1 1
vt 0 1
vt 0 0
vt 1 0
vt 1 1
vt 0 1
vt 0 0
vt 4 0
vt 4 3
vt 0 3
vt 0 0
vt 4 0
vt 4 3
vt 0 3
vt 0 0
vt 4 0
vt 4 1
vt 0 1
vt 0 0
vt 3 0
vt 3 1
vt 0 1
vt 0 0
vt 4 0
vt 4 1
vt 0 1
vt 0 0
vt 3 0
vt 3 1
vt 0 1
vt 0 0
vt 1 0
vt 1 1
vt 0 1
vt 0 0
vt 1 0
vt 1 1
vt 0 1
vt 0 0
vt 1 0
vt 1 1
vt 0 1
vt 0 0
vt 1 0
vt 1 1
vt 0 1
vt 0 0
vt 1 0
vt 1 1
vt 0 1
vt 0 0
vt 1 0
vt 1 1
vt 0 1
vt 0 0
vt 1 0
vt 1 1
vt 0 1
vt 0 0
vt 1 0
vt 1 1
vt 0 1
vt 0 0
vt 1 0
vt 1 1
vt 0 1
vt 0 0
vt 1 0
vt 1 1
vt 0 1
vt 0 0
vt 1 0
vt 1 1
vt 0 1
vt 0 0
vt 1 0
vt 1 1
vt 0 1
vt 0 0
vt 1 0
vt 1 1
vt 0 1
vt 0 0
vt 1 0
vt 1 1
vt 0 1
vt 0 0
vt 1 0
vt 1 1
vt 0 1
vt 0 0
vt 1 0
vt 1 1
vt 0 1
vt 0 0
vt 1 0
vt 1 1
vt 0 1
vt 0 0
vt 1 0
vt 1 1
vt 0 1
vt 0 0
vt 1 0
vt 1 1
vt 0 1
vt 0 0
vt 1 0
vt 1 1
vt 0 1
vt 0 0
vt 1 0
vt 1 1
vt 0 1
vt 0 0
vt 1 0
vt 1 1
vt 0 1
vt 0 0
vt 1 0
vt 1 1
vt 0 1
vt 0 0
vt 1 0
vt 1 1
vt 0 1
vt 0 0
vt 1 0
vt 1 1
vt 0 1
vt 0 0
vt 1 0
vt 1 1
vt 0 1
vt 0 0
vt 1 0
vt 1 1
vt 0 1
vt 0 0
vt 1 0
vt 1 1
vt 0 1
vt 0 0
vt 1 0
vt 1 1
vt 0 1
vt 0 0
vt 1 0
vt 1 1
vt 0 1
vt 0 0
vt 1 0
vt 1 1
vt 0 1
vt 0 0
vt 1 0
vt 1 1
vt 0 1
vt 0 0
vt 1 0
vt 1 1
vt 0 1
vt 0 0
vt 1 0
vt 1 1
vt 0 1
vt 0 0
vt 1 0
vt 1 1
vt 0 1
vt 0 0
vt 1 0
vt 1 1
vt 0 1
vt 0 0
vt 1 0
vt 1 1
vt 0 1
vt 0 0
vt 1 0
vt 1 1
vt 0 1
vt 0 0
vt 1 0
vt 1 1
vt 0 1
vt 0 0
vt 1 0
vt 1 1
vt 0 1
vt 0 0
vt 1 0
vt 1 1
vt 0 1
vt 0 0
vt 1 0
vt 1 1
vt 0 1
vt 0 0
vt 1 0
vt 1 1
vt 0 1
vt 0 0
vt 1 0
vt 1 1
vt 0 1
vt 0 0
vt 1 0
vt 1 1
vt 0 1
vt 0 0
vt 1 0
vt 1 1
vt 0 1
vt 0 0
vt 1 0
vt 1 1
vt 0 1
vt 0 0
vt 1 0
vt 1 1
vt 0 1
vt 0 0
vt 1 0
vt 1 1
vt 0 1
vt 0 0
vt 1 0
vt 1 1
vt 0 1
vt 0 0
vt 1 0
vt 1 1
vt 0 1
vt 0 0
vt 1 0
vt 1 1
vt 0 1
vt 0 0
vt 1 0
vt 1 1
vt 0 1
vt 0 0
vt 1 0
vt 1 1
vt 0 1
vt 0 0
vt 1 0
vt 1 1
vt 0 1
vt 0 0
vt 1 0
vt 1 1
vt 0 1
vt 0 0
vt 1 0
vt 1 1
vt 0 1
vt 0 0
vt 1 0
vt 1 1
vt 0 1
vt 0 0
vt 1 0
vt 1 1
vt 0 1
vt 0 0
vt 1 0
vt 1 1
vt 0 1
vt 0 0
vt 1 0
vt 1 1
vt 0 1
vt 0 0
vt 1 0
vt 1 1
vt 0 1
vt 0 0
vt 1 0
vt 1 1
vt 0 1
vt 0 0
vt 1 0
vt 1 1
vt 0 1
vt 0 0
vt 1 0
vt 1 1
vt 0 1
vt 0 0
vt 1 0
vt 1 1
vt 0 1
vt 0 0
vt 1 0
vt 1 1
vt 0 1
vt 0 0
vt 1 0
vt 1 1
vt 0 1
vt 0 0
vt 1 0
vt 1 1
vt 0 1
vt 0 0
vt 1 0
vt 1 1
vt 0 1
vt 0 0
vt 1 0
vt 1 1
vt 0 1
vt 0 0
vt 1 0
vt 1 1
vt 0 1
vt 0 0
vt 1 0
vt 1 1
vt 0 1
vt 0 0
vt 1 0
vt 1 1
vt 0 1
vt 0 0
vt 1 0
vt 1 1
vt 0 1
vt 0 0
vt 1 0
vt 1 1
vt 0 1
vt 0 0
vt 1 0
vt 1 1
vt 0 1
vt 0 0
vt 1 0
vt 1 1
vt 0 1
vt 0 0
vt 1 0
vt 1 1
vt 0 1
vt 0 0
vt 1 0
vt 1 1
vt 0 1
vt 0 0
vt 1 0
vt 1 1
vt 0 1
vt 0 0
vt 1 0
vt 1 1
vt 0 1
vt 0 0
vt 1 0
vt 1 1
vt 0 1
vt 0 0
vt 1 0
vt 1 1
vt 0 1
vt 0 0
vt 1 0
vt 1 1
vt 0 1
vt 0 0
vt 1 0
vt 1 1
vt 0 1
vt 0 0
vt 1 0
vt 1 1
vt 0 1
vt 0 0
vt 1 0
vt 1 1
vt 0 1
vt 0 0
vt 1 0
vt 1 1
vt 0 1
vt 0 0
vt 1 0
vt 1 1
vt 0 1
vt 0 0
vt 1 0
vt 1 1
vt 0 1
vt 0 0
vt 1 0
vt 1 1
vt 0 1
vt 0 0
vt 1 0
vt 1 1
vt 0 1
vt 0 0
vt 1 0
vt 1 1
vt 0 1
vt 0 0
vt 1 0
vt 1 1
vt 0 1
vt 0 0
vt 1 0
vt 1 1
vt 0 1
vt 0 0
vt 1 0
vt 1 1
vt 0 1
vt 0 0
vt 1 0
vt 1 1
vt 0 1
vt 0 0
vt 1 0
vt 1 1
vt 0 1
vt 0 0
vt 1 0
vt 1 1
vt 0 1
vt 0 0
vt 1 0
vt 1 1
vt 0 1
vt 0 0
vt 1 0
vt 1 1
vt 0 1
vt 0 0
vt 1 0
vt 1 1
vt 0 1
vt 0 0
vt 1 0
vt 1 1
vt 0 1
vt 0 0
vt 1 0
vt 1 1
vt 0 1
vt 0 0
vt 1 0
vt 1 1
vt 0 1
vt 0 0
vt 1 0
vt 1 1
vt 0 1
vt 0 0
vt 1 0
vt 1 1
vt 0 1
vt 0 0
vt 1 0
vt 1 1
vt 0 1
vt 0 0
vt 1 0
vt 1 1
vt 0 1
vt 0 0
vt 1 0
vt 1 1
vt 0 1
vt 0 0
vt 1 0
vt 1 1
vt 0 1
vt 0 0
vt 1 0
vt 1 1
vt 0 1
vt 0 0
vt 1 0
vt 1 1
vt 0 1
vt 0 0
vt 1 0
vt 1 1
vt 0 1
vt 0 0
vt 1 0
vt 1 1
vt 0 1
vt 0 0
vt 1 0
vt 1 1
vt 0 1
vt 0 0
vt 1 0
vt 1 1
vt 0 1
vt 0 0
vt 1 0
vt 1 1
vt 0 1
vt 0 0
vt 1 0
vt 1 1
vt 0 1
vt 0 0
vt 1 0
vt 1 1
vt 0 1
vt 0 0
vt 1 0
vt 1 1
vt 0 1
vt 0 0
vt 1 0
vt 1 1
vt 0 1
vt 0 0
vt 1 0
vt 1 1
vt 0 1
vt 0 0
vt 1 0
vt 1 1
vt 0 1
vt 0 0
vt 1 0
vt 1 1
vt 0 1
vt 0 0
vt 1 0
vt 1 1
vt 0 1
vt 0 0
vt 1 0
vt 1 1
vt 0 1
vt 0 0
vt 1 0
vt 1 1
vt 0 1
vt 0 0
vt 1 0
vt 1 1
vt 0 1
vt 0 0
vt 1 0
vt 1 1
vt 0 1
vt 0 0
vt 1 0
vt 1 1
vt 0 1
vt 0 0
vt 1 0
vt 1 1
vt 0 1
vt 0 0
vt 1 0
vt 1 1
vt 0 1
vt 0 0
vt 1 0
vt 1 1
vt 0 1
vt 0 0
vt 1 0
vt 1 1
vt 0 1
vt 0 0
vt 1 0
vt 1 1
vt 0 1
vt 0 0
vt 1 0
vt 1 1
vt 0 1
vt 0 0
vt 1 0
vt 1 1
vt 0 1
vt 0 0
vt 1 0
vt 1 1
vt 0 1
vt 0 0
vt 1 0
vt 1 1
vt 0 1
vt 0 0
vt 1 0
vt 1 1
vt 0 1
vt 0 0
vt 1 0
vt 1 1
vt 0 1
vt 0 0
vt 1 0
vt 1 1
vt 0 1
vt 0 0
vt 1 0
vt 1 1
vt 0 1
vt 0 0
vt 1 0
vt 1 1
vt 0 1
vt 0 0
vt 1 0
vt 1 1
vt 0 1
vt 0 0
vt 1 0
vt 1 1
vt 0 1
vt 0 0
vt 1 0
vt 1 1
vt 0 1
vt 0 0
vt 1 0
vt 1 1
vt 0 1
vt 0 0
vt 1 0
vt 1 1
vt 0 1
vt 0 0
vt 1 0
vt 1 1
vt 0 1
vt 0 0
vt 1 0
vt 1 1
vt 0 1
vt 0 0
vt 1 0
vt 1 1
vt 0 1
vt 0 0
vt 1 0
vt 1 1
vt 0 1
vt 0 0
vt 1 0
vt 1 1
vt 0 1
vt 0 0
vt 1 0
vt 1 1
vt 0 1
vt 0 0
vt 1 0
vt 1 1
vt 0 1
vt 0 0
vt 1 0
vt 1 1
vt 0 1
vt 0 0
vt 1 0
vt 1 1
vt 0 1
vt 0 0
vt 1 0
vt 1 1
vt 0 1
vt 0 0
vt 1 0
vt 1 1
vt 0 1
vt 0 0
vt 1 0
vt 1 1
vt 0 1
vt 0 0
vt 1 0
vt 1 1
vt 0 1
vt 0 0
vt 1 0
vt 1 1
vt 0 1
vt 0 0
vt 1 0
vt 1 1
vt 0 1
vt 0 0
vt 1 0
vt 1 1
vt 0 1
vt 0 0
vt 1 0
vt 1 1
vt 0 1
vt 0 0
vt 1 0
vt 1 1
vt 0 1
vt 0 0
vt 1 0
vt 1 1
vt 0 1
vt 0 0
vt 1 0
vt 1 1
vt 0 1
vt 0 0
vt 1 0
vt 1 1
vt 0 1
vt 0 0
vt 1 0
vt 1 1
vt 0 1
vt 0 0
vt 1 0
vt 1 1
vt 0 1
vt 0 0
vt 1 0
vt 1 1
vt 0 1
vt 0 0
vt 1 0
vt 1 1
vt 0 1
vt 0 0
vt 1 0
vt 1 1
vt 0 1
vt 0 0
vt 1 0
vt 1 1
vt 0 1
vt 0 0
vt 1 0
vt 1 1
vt 0 1
vt 0 0
vt 1 0
vt 1 1
vt 0 1
vt 0 0
vt 1 0
vt 1 1
vt 0 1
vt 0 0
vt 1 0
vt 1 1
vt 0 1
vt 0 0
vt 1 0
vt 1 1
vt 0 1
vt 0 0
vt 1 0
vt 1 1
vt 0 1
vt 0 0
vt 1 0
vt 1 1
vt 0 1
vt 0 0
vt 1 0
vt 1 1
vt 0 1
vt 0 0
vt 1 0
vt 1 1
vt 0 1
vt 0 0
vt 1 0
vt 1 1
vt 0 1
vt 0 0
vt 1 0
vt 1 1
vt 0 1
vt 0 0
vt 1 0
vt 1 1
vt 0 1
vt 0 0
vt 1 0
vt 1 1
vt 0 1
vt 0 0
vt 1 0
vt 1 1
vt 0 1
vt 0 0
vt 1 0
vt 1 1
vt 0 1
vt 0 0
vt 1 0
vt 1 1
vt 0 1
vt 0 0
vt 1 0
vt 1 1
vt 0 1
vt 0 0
vt 1 0
vt 1 1
vt 0 1
vt 0 0
vt 1 0
vt 1 1
vt 0 1
vt 0 0
vt 1 0
vt 1 1
vt 0 1
vt 0 0
vt 1 0
vt 1 1
vt 0 1
vt 0 0
vt 1 0
vt 1 1
vt 0 1
vt 0 0
vt 1 0
vt 1 1
vt 0 1
vt 0 0
vt 1 0
vt 1 1
vt 0 1
vt 0 0
vt 1 0
vt 1 1
vt 0 1
vt 0 0
vt 1 0
vt 1 1
vt 0 1
vt 0 0
vt 1 0
vt 1 1
vt 0 1
vt 0 0
vt 1 0
vt 1 1
vt 0 1
vt 0 0
vt 1 0
vt 1 1
vt 0 1
vt 0 0
vt 1 0
vt 1 1
vt 0 1
vt 0 0
vt 1 0
vt 1 1
vt 0 1
vt 0 0
vt 1 0
vt 1 1
vt 0 1
vt 0 0
vt 1 0
vt 1 1
vt 0 1
vt 0 0
vt 1 0
vt 1 1
vt 0 1
vt 0 0
vt 1 0
vt 1 1
vt 0 1
vt 0 0
vt 1 0
vt 1 1
vt 0 1
vt 0 0
vt 1 0
vt 1 1
vt 0 1
vt 0 0
vt 1 0
vt 1 1
vt 0 1
vt 0 0
vt 1 0
vt 1 1
vt 0 1
vt 0 0
vt 1 0
vt 1 1
vt 0 1
vt 0 0
vt 1 0
vt 1 1
vt 0 1
vt 0 0
vt 1 0
vt 1 1
vt 0 1
vt 0 0
vt 1 0
vt 1 1
vt 0 1
vt 0 0
vt 1 0
vt 1 1
vt 0 1
vt 0 0
vt 1 0
vt 1 1
vt 0 1
vt 0 0
vt 1 0
vt 1 1
vt 0 1
vt 0 0
vt 1 0
vt 1 1
vt 0 1
vt 0 0
vt 1 0
vt 1 1
vt 0 1
vt 0 0
vt 1 0
vt 1 1
vt 0 1
vt 0 0
vt 1 0
vt 1 1
vt 0 1
vt 0 0
vt 1 0
vt 1 1
vt 0 1
vt 0 0
vt 1 0
vt 1 1
vt 0 1
vt 0 0
vt 1 0
vt 1 1
vt 0 1
vt 0 0
vt 1 0
vt 1 1
vt 0 1
vt 0 0
vt 1 0
vt 1 1
vt 0 1
vt 0 0
vt 1 0
vt 1 1
vt 0 1
vt 0 0
vt 1 0
vt 1 1
vt 0 1
vt 0 0
vt 1 0
vt 1 1
vt 0 1
vt 0 0
vt 1 0
vt 1 1
vt 0 1
vt 0 0
vt 1 0
vt 1 1
vt 0 1
vt 0 0
vt 1 0
vt 1 1
vt 0 1
vt 0 0
vt 1 0
vt 1 1
vt 0 1
vt 0 0
vt 1 0
vt 1 1
vt 0 1
vt 0 0
vt 1 0
vt 1 1
vt 0 1
vt 0 0
vt 1 0
vt 1 1
vt 0 1
vt 0 0
vt 1 0
vt 1 1
vt 0 1
vt 0 0
vt 1 0
vt 1 1
vt 0 1
vt 0 0
vt 1 0
vt 1 1
vt 0 1
vt 0 0
vt 1 0
vt 1 1
vt 0 1
vt 0 0
vt 1 0
vt 1 1
vt 0 1
vt 0 0
vt 1 0
vt 1 1
vt 0 1
vt 0 0
vt 1 0
vt 1 1
vt 0 1
vt 0 0
vt 1 0
vt 1 1
vt 0 1
vt 0 0
vt 1 0
vt 1 1
vt 0 1
vt 0 0
vt 1 0
vt 1 1
vt 0 1
vt 0 0
vt 1 0
vt 1 1
vt 0 1
vt 0 0
vt 1 0
vt 1 1
vt 0 1
vt 0 0
vt 1 0
vt 1 1
vt 0 1
vt 0 0
vt 1 0
vt 1 1
vt 0 1
vt 0 0
vt 1 0
vt 1 1
vt 0 1
vt 0 0
vt 1 0
vt 1 1
vt 0 1
vt 0 0
vt 1 0
vt 1 1
vt 0 1
vt 0 0
vt 1 0
vt 1 1
vt 0 1
vt 0 0
vt 1 0
vt 1 1
vt 0 1
vt 0 0
vt 1 0
vt 1 1
vt 0 1
vt 0 0
vt 1 0
vt 1 1
vt 0 1
vt 0 0
vt 1 0
vt 1 1
vt 0 1
vt 0 0
vt 1 0
vt 1 1
vt 0 1
vt 0 0
vt 1 0
vt 1 1
vt 0 1
vt 0 0
vt 1 0
vt 1 1
vt 0 1
vt 0 0
vt 1 0
vt 1 1
vt 0 1
vt 0 0
vt 1 0
vt 1 1
vt 0 1
vt 0 0
vt 1 0
vt 1 1
vt 0 1
vt 0 0
vt 1 0
vt 1 1
vt 0 1
vt 0 0
vt 1 0
vt 1 1
vt 0 1
vt 0 0
vt 1 0
vt 1 1
vt 0 1
vt 0 0
vt 1 0
vt 1 1
vt 0 1
vt 0 0
vt 1 0
vt 1 1
vt 0 1
vt 0 0
vt 1 0
vt 1 1
vt 0 1
vt 0 0
vt 1 0
vt 1 1
vt 0 1
vt 0 0
vt 1 0
vt 1 1
vt 0 1
vt 0 0
vt 1 0
vt 1 1
vt 0 1
vt 0 0
vt 1 0
vt 1 1
vt 0 1
vt 0 0
vt 1 0
vt 1 1
vt 0 1
vt 0 0
vt 1 0
vt 1 1
vt 0 1
vt 0 0
vt 1 0
vt 1 1
vt 0 1
vt 0 0
vt 1 0
vt 1 1
vt 0 1
vt 0 0
vt 1 0
vt 1 1
vt 0 1
vt 0 0
vt 1 0
vt 1 1
vt 0 1
vt 0 0
vt 1 0
vt 1 1
vt 0 1
vt 0 0
vt 1 0
vt 1 1
vt 0 1
vt 0 0
vt 1 0
vt 1 1
vt 0 1
vt 0 0
vt 1 0
vt 1 1
vt 0 1
vt 0 0
vt 1 0
vt 1 1
vt 0 1
vt 0 0
vt 1 0
vt 1 1
vt 0 1
vt 0 0
vt 1 0
vt 1 1
vt 0 1
vt 0 0
vt 1 0
vt 1 1
vt 0 1
vt 0 0
vt 1 0
vt 1 1
vt 0 1
vt 0 0
vt 1 0
vt 1 1
vt 0 1
vt 0 0
vt 1 0
vt 1 1
vt 0 1
vt 0 0
vt 1 0
vt 1 1
vt 0 1
vt 0 0
vt 1 0
vt 1 1
vt 0 1
vt 0 0
vt 1 0
vt 1 1
vt 0 1
vt 0 0
vt 1 0
vt 1 1
vt 0 1
vt 0 0
vt 1 0
vt 1 1
vt 0 1
vt 0 0
vt 1 0
vt 1 1
vt 0 1
vt 0 0
vt 1 0
vt 1 1
vt 0 1
vt 0 0
vt 1 0
vt 1 1
vt 0 1
vt 0 0
vt 1 0
vt 1 1
vt 0 1
vt 0 0
vt 1 0
vt 1 1
vt 0 1
vt 0 0
vt 1 0
vt 1 1
vt 0 1
vt 0 0
vt 1 0
vt 1 1
vt 0 1
vt 0 0
vt 1 0
vt 1 1
vt 0 1
vt 0 0
vt 1 0
vt 1 1
vt 0 1
vt 0 0
vt 1 0
vt 1 1
vt 0 1
vt 0 0
vt 1 0
vt 1 1
vt 0 1
vt 0 0
vt 1 0
vt 1 1
vt 0 1
vt 0 0
vt 1 0
vt 1 1
vt 0 1
vt 0 0
vt 1 0
vt 1 1
vt 0 1
vt 0 0
vt 1 0
vt 1 1
vt 0 1
vt 0 0
vt 1 0
vt 1 1
vt 0 1
vt 0 0
vt 1 0
vt 1 1
vt 0 1
vt 0 0
vt 1 0
vt 1 1
vt 0 1
vt 0 0
vt 1 0
vt 1 1
vt 0 1
vt 0 0
vt 1 0
vt 1 1
vt 0 1
vt 0 0
vt 1 0
vt 1 1
vt 0 1
vt 0 0
vt 1 0
vt 1 1
vt 0 1
vt 0 0
vt 1 0
vt 1 1
vt 0 1
vt 0 0
vt 1 0
vt 1 1
vt 0 1
vt 0 0
vt 1 0
vt 1 1
vt 0 1
vt 0 0
vt 1 0
vt 1 1
vt 0 1
vt 0 0
vt 1 0
vt 1 1
vt 0 1
vt 0 0
vt 1 0
vt 1 1
vt 0 1
vt 0 0
vt 1 0
vt 1 1
vt 0 1
vt 0 0
vt 1 0
vt 1 1
vt 0 1
vt 0 0
vt 1 0
vt 1 1
vt 0 1
vt 0 0
vt 1 0
vt 1 1
vt 0 1
vt 0 0
vt 1 0
vt 1 1
vt 0 1
vt 0 0
vt 1 0
vt 1 4
vt 0 4
vt 0 0
vt 1 0
vt 1 4
vt 0 4
vt 0 0
vt 1 0
vt 1 1
vt 0 1
vt 0 0
vt 4 0
vt 4 1
vt 0 1
vt 0 0
vt 1 0
vt 1 1
vt 0 1
vt 0 0
vt 4 0
vt 4 1
vt 0 1
vt 0 0
vt 1 0
vt 1 1
vt 0 1
vt 0 0
vt 1 0
vt 1 1
vt 0 1
vt 0 0
vt 1 0
vt 1 1
vt 0 1
vt 0 0
vt 1 0
vt 1 1
vt 0 1
vt 0 0
vt 1 0
vt 1 1
vt 0 1
vt 0 0
vt 1 0
vt 1 1
vt 0 1
vt 0 0
vt 1 0
vt 1 1
vt 0 1
vt 0 0
vt 1 0
vt 1 1
vt 0 1
vt 0 0
vt 1 0
vt 1 1
vt 0 1
vt 0 0
vt 1 0
vt 1 1
vt 0 1
vt 0 0
vt 1 0
vt 1 1
vt 0 1
vt 0 0
vt 1 0
vt 1 1
vt 0 1
vt 0 0
vt 1 0
vt 1 1
vt 0 1
vt 0 0
vt 1 0
vt 1 1
vt 0 1
vt 0 0
vt 1 0
vt 1 1
vt 0 1
vt 0 0
vt 1 0
vt 1 1
vt 0 1
vt 0 0
vt 1 0
vt 1 1
vt 0 1
vt 0 0
vt 1 0
vt 1 1
vt 0 1
vt 0 0
vt 1 0
vt 1 1
vt 0 1
vt 0 0
vt 1 0
vt 1 1
vt 0 1
vt 0 0
vt 1 0
vt 1 1
vt 0 1
vt 0 0
vt 1 0
vt 1 1
vt 0 1
vt 0 0
vt 1 0
vt 1 1
vt 0 1
vt 0 0
vt 1 0
vt 1 1
vt 0 1
vt 0 0
vt 1 0
vt 1 1
vt 0 1
vt 0 0
vt 1 0
vt 1 1
vt 0 1
vt 0 0
vt 1 0
vt 1 1
vt 0 1
vt 0 0
vt 1 0
vt 1 1
vt 0 1
vt 0 0
vt 1 0
vt 1 1
vt 0 1
vt 0 0
vt 1 0
vt 1 1
vt 0 1
vt 0 0
vt 1 0
vt 1 1
vt 0 1
vt 0 0
vt 1 0
vt 1 1
vt 0 1
vt 0 0
vt 1 0
vt 1 1
vt 0 1
vt 0 0
vt 1 0
vt 1 1
vt 0 1
vt 0 0
vt 1 0
vt 1 1
vt 0 1
vt 0 0
vt 1 0
vt 1 1
vt 0 1
vt 0 0
vt 1 0
vt 1 1
vt 0 1
vt 0 0
vt 1 0
vt 1 1
vt 0 1
vt 0 0
vt 1 0
vt 1 1
vt 0 1
vt 0 0
vt 1 0
vt 1 1
vt 0 1
vt 0 0
vt 1 0
vt 1 1
vt 0 1
vt 0 0
vt 1 0
vt 1 1
vt 0 1
vt 0 0
vt 1 0
vt 1 1
vt 0 1
vt 0 0
vt 1 0
vt 1 1
vt 0 1
vt 0 0
vt 1 0
vt 1 1
vt 0 1
vt 0 0
vt 1 0
vt 1 1
vt 0 1
vt 0 0
vt 1 0
vt 1 1
vt 0 1
vt 0 0
vt 1 0
vt 1 1
vt 0 1
vt 0 0
vt 1 0
vt 1 1
vt 0 1
vt 0 0
vt 1 0
vt 1 1
vt 0 1
vt 0 0
vt 1 0
vt 1 1
vt 0 1
vt 0 0
vt 1 0
vt 1 1
vt 0 1
vt 0 0
vt 1 0
vt 1 1
vt 0 1
vt 0 0
vt 1 0
vt 1 1
vt 0 1
vt 0 0
vt 1 0
vt 1 1
vt 0 1
vt 0 0
vt 1 0
vt 1 1
vt 0 1
vt 0 0
vt 1 0
vt 1 1
vt 0 1
vt 0 0
vt 1 0
vt 1 1
vt 0 1
vt 0 0
vt 1 0
vt 1 1
vt 0 1
vt 0 0
vt 1 0
vt 1 1
vt 0 1
vt 0 0
vt 1 0
vt 1 1
vt 0 1
vt 0 0
vt 1 0
vt 1 1
vt 0 1
vt 0 0
vt 1 0
vt 1 1
vt 0 1
vt 0 0
vt 1 0
vt 1 1
vt 0 1
vt 0 0
vt 1 0
vt 1 1
vt 0 1
vt 0 0
vt 1 0
vt 1 1
vt 0 1
vt 0 0
vt 1 0
vt 1 1
vt 0 1
vt 0 0
vt 1 0
vt 1 1
vt 0 1
vt 0 0
vt 1 0
vt 1 1
vt 0 1
vt 0 0
vt 1 0
vt 1 1
vt 0 1
vt 0 0
vt 1 0
vt 1 1
vt 0 1
vt 0 0
vt 1 0
vt 1 1
vt 0 1
vt 0 0
vt 1 0
vt 1 1
vt 0 1
vt 0 0
vt 1 0
vt 1 1
vt 0 1
vt 0 0
vt 1 0
vt 1 1
vt 0 1
vt 0 0
vt 1 0
vt 1 1
vt 0 1
vt 0 0
vt 1 0
vt 1 1
vt 0 1
vt 0 0
vt 1 0
vt 1 1
vt 0 1
vt 0 0
vt 1 0
vt 1 1
vt 0 1
vt 0 0
vt 1 0
vt 1 1
vt 0 1
vt 0 0
vt 1 0
vt 1 1
vt 0 1
vt 0 0
vt 1 0
vt 1 1
vt 0 1
vt 0 0
vt 1 0
vt 1 1
vt 0 1
vt 0 0
vt 1 0
vt 1 1
vt 0 1
vt 0 0
vt 1 0
vt 1 1
vt 0 1
vt 0 0
vt 1 0
vt 1 1
vt 0 1
vt 0 0
vt 1 0
vt 1 1
vt 0 1
vt 0 0
vt 1 0
vt 1 1
vt 0 1
vt 0 0
vt 1 0
vt 1 1
vt 0 1
vt 0 0
vt 1 0
vt 1 1
vt 0 1
vt 0 0
vt 1 0
vt 1 1
vt 0 1
vt 0 0
vt 1 0
vt 1 1
vt 0 1
vt 0 0
vt 1 0
vt 1 1
vt 0 1
vt 0 0
vt 1 0
vt 1 1
vt 0 1
vt 0 0
vt 1 0
vt 1 1
vt 0 1
vt 0 0
vt 1 0
vt 1 1
vt 0 1
vt 0 0
vt 1 0
vt 1 1
vt 0 1
vt 0 0
vt 1 0
vt 1 1
vt 0 1
vt 0 0
vt 1 0
vt 1 1
vt 0 1
vt 0 0
vt 1 0
vt 1 1
vt 0 1
vt 0 0
vt 1 0
vt 1 1
vt 0 1
vt 0 0
vt 1 0
vt 1 1
vt 0 1
vt 0 0
vt 1 0
vt 1 1
vt 0 1
vt 0 0
vt 1 0
vt 1 1
vt 0 1
vt 0 0
vt 1 0
vt 1 1
vt 0 1
vt 0 0
vt 1 0
vt 1 1
vt 0 1
vt 0 0
vt 1 0
vt 1 1
vt 0 1
vt 0 0
vt 1 0
vt 1 1
vt 0 1
vt 0 0
vt 1 0
vt 1 1
vt 0 1
vt 0 0
vt 1 0
vt 1 1
vt 0 1
vt 0 0
vt 1 0
vt 1 1
vt 0 1
vt 0 0
vt 1 0
vt 1 1
vt 0 1
vt 0 0
vt 1 0
vt 1 1
vt 0 1
vt 0 0
vt 1 0
vt 1 1
vt 0 1
vt 0 0
vt 1 0
vt 1 1
vt 0 1
vt 0 0
vt 1 0
vt 1 1
vt 0 1
vt 0 0
vt 1 0
vt 1 1
vt 0 1
vt 0 0
vt 1 0
vt 1 1
vt 0 1
vt 0 0
vt 1 0
vt 1 1
vt 0 1
vt 0 0
vt 1 0
vt 1 1
vt 0 1
vt 0 0
vt 1 0
vt 1 1
vt 0 1
vt 0 0
vt 1 0
vt 1 1
vt 0 1
vt 0 0
vt 1 0
vt 1 1
vt 0 1
vt 0 0
vt 1 0
vt 1 1
vt 0 1
vt 0 0
vt 1 0
vt 1 1
vt 0 1
vt 0 0
vt 1 0
vt 1 1
vt 0 1
vt 0 0
vt 1 0
vt 1 1
vt 0 1
vt 0 0
vt 1 0
vt 1 1
vt 0 1
vt 0 0
vt 1 0
vt 1 1
vt 0 1
vt 0 0
vt 1 0
vt 1 1
vt 0 1
vt 0 0
vt 1 0
vt 1 1
vt 0 1
vt 0 0
vt 1 0
vt 1 1
vt 0 1
vt 0 0
vt 1 0
vt 1 1
vt 0 1
vt 0 0
vt 1 0
vt 1 1
vt 0 1
vt 0 0
vt 1 0
vt 1 1
vt 0 1
vt 0 0
vt 1 0
vt 1 1
vt 0 1
vt 0 0
vt 1 0
vt 1 1
vt 0 1
vt 0 0
vt 1 0
vt 1 1
vt 0 1
vt 0 0
vt 1 0
vt 1 1
vt 0 1
vt 0 0
vt 1 0
vt 1 1
vt 0 1
vt 0 0
vt 1 0
vt 1 1
vt 0 1
vt 0 0
vt 1 0
vt 1 1
vt 0 1
vt 0 0
vt 1 0
vt 1 1
vt 0 1
vt 0 0
vt 1 0
vt 1 1
vt 0 1
vt 0 0
vt 1 0
vt 1 1
vt 0 1
vt 0 0
vt 1 0
vt 1 1
vt 0 1
vt 0 0
vt 1 0
vt 1 1
vt 0 1
vt 0 0
vt 1 0
vt 1 1
vt 0 1
vt 0 0
vt 1 0
vt 1 1
vt 0 1
vt 0 0
vt 1 0
vt 1 1
vt 0 1
vt 0 0
vt 2 0
vt 2 2
vt 0 2
vt 0 0
vt 2 0
vt 2 2
vt 0 2
vt 0 0
vt 2 0
vt 2 1
vt 0 1
vt 0 0
vt 2 0
vt 2 1
vt 0 1
vt 0 0
vt 2 0
vt 2 1
vt 0 1
vt 0 0
vt 2 0
vt 2 1
vt 0 1
vt 0 0
vt 6 0
vt 6 4
vt 0 4
vt 0 0
vt 6 0
vt 6 4
vt 0 4
vt 0 0
vt 6 0
vt 6 1
vt 0 1
vt 0 0
vt 4 0
vt 4 1
vt 0 1
vt 0 0
vt 6 0
vt 6 1
vt 0 1
vt 0 0
vt 4 0
vt 4 1
vt 0 1
vt 0 0
vt 1 0
vt 1 1
vt 0 1
vt 0 0
vt 1 0
vt 1 1
vt 0 1
vt 0 0
vt 1 0
vt 1 1
vt 0 1
vt 0 0
vt 1 0
vt 1 1
vt 0 1
vt 0 0
vt 1 0
vt 1 1
vt 0 1
vt 0 0
vt 1 0
vt 1 1
vt 0 1
vt 0 0
vt 1 0
vt 1 1
vt 0 1
vt 0 0
vt 1 0
vt 1 1
vt 0 1
vt 0 0
vt 1 0
vt 1 1
vt 0 1
vt 0 0
vt 1 0
vt 1 1
vt 0 1
vt 0 0
vt 1 0
vt 1 1
vt 0 1
vt 0 0
vt 1 0
vt 1 1
vt 0 1
vt 0 0
vt 1 0
vt 1 1
vt 0 1
vt 0 0
vt 1 0
vt 1 1
vt 0 1
vt 0 0
vt 1 0
vt 1 1
vt 0 1
vt 0 0
vt 1 0
vt 1 1
vt 0 1
vt 0 0
vt 1 0
vt 1 1
vt 0 1
vt 0 0
vt 1 0
vt 1 1
vt 0 1
vt 0 0
vt 1 0
vt 1 1
vt 0 1
vt 0 0
vt 1 0
vt 1 1
vt 0 1
vt 0 0
vt 1 0
vt 1 1
vt 0 1
vt 0 0
vt 1 0
vt 1 1
vt 0 1
vt 0 0
vt 1 0
vt 1 1
vt 0 1
vt 0 0
vt 1 0
vt 1 1
vt 0 1
vt 0 0
vt 1 0
vt 1 1
vt 0 1
vt 0 0
vt 1 0
vt 1 1
vt 0 1
vt 0 0
vt 1 0
vt 1 1
vt 0 1
vt 0 0
vt 1 0
vt 1 1
vt 0 1
vt 0 0
vt 1 0
vt 1 1
vt 0 1
vt 0 0
vt 1 0
vt 1 1
vt 0 1
vt 0 0
vt 1 0
vt 1 1
vt 0 1
vt 0 0
vt 1 0
vt 1 1
vt 0 1
vt 0 0
vt 1 0
vt 1 1
vt 0 1
vt 0 0
vt 1 0
vt 1 1
vt 0 1
vt 0 0
vt 1 0
vt 1 1
vt 0 1
vt 0 0
vt 1 0
vt 1 1
vt 0 1
vt 0 0
vt 1 0
vt 1 1
vt 0 1
vt 0 0
vt 1 0
vt 1 1
vt 0 1
vt 0 0
vt 1 0
vt 1 1
vt 0 1
vt 0 0
vt 1 0
vt 1 1
vt 0 1
vt 0 0
vt 1 0
vt 1 1
vt 0 1
vt 0 0
vt 1 0
vt 1 1
vt 0 1
vt 0 0
vt 1 0
vt 1 1
vt 0 1
vt 0 0
vt 1 0
vt 1 1
vt 0 1
vt 0 0
vt 1 0
vt 1 1
vt 0 1
vt 0 0
vt 1 0
vt 1 1
vt 0 1
vt 0 0
vt 1 0
vt 1 1
vt 0 1
vt 0 0
vt 1 0
vt 1 1
vt 0 1
vt 0 0
vt 1 0
vt 1 1
vt 0 1
vt 0 0
vt 1 0
vt 1 1
vt 0 1
vt 0 0
vt 1 0
vt 1 1
vt 0 1
vt 0 0
vt 1 0
vt 1 1
vt 0 1
vt 0 0
vt 1 0
vt 1 1
vt 0 1
vt 0 0
vt 1 0
vt 1 1
vt 0 1
vt 0 0
vt 1 0
vt 1 1
vt 0 1
vt 0 0
vt 1 0
vt 1 1
vt 0 1
vt 0 0
vt 1 0
vt 1 1
vt 0 1
vt 0 0
vt 1 0
vt 1 1
vt 0 1
vt 0 0
vt 1 0
vt 1 1
vt 0 1
vt 0 0
vt 1 0
vt 1 1
vt 0 1
vt 0 0
vt 1 0
vt 1 1
vt 0 1
vt 0 0
vt 1 0
vt 1 1
vt 0 1
vt 0 0
vt 1 0
vt 1 1
vt 0 1
vt 0 0
vt 1 0
vt 1 1
vt 0 1
vt 0 0
vt 1 0
vt 1 1
vt 0 1
vt 0 0
vt 1 0
vt 1 1
vt 0 1
vt 0 0
vt 1 0
vt 1 1
vt 0 1
vt 0 0
vt 1 0
vt 1 1
vt 0 1
vt 0 0
vt 1 0
vt 1 1
vt 0 1
vt 0 0
vt 1 0
vt 1 1
vt 0 1
vt 0 0
vt 1 0
vt 1 1
vt 0 1
vt 0 0
vt 1 0
vt 1 1
vt 0 1
vt 0 0
vt 1 0
vt 1 1
vt 0 1
vt 0 0
vt 1 0
vt 1 1
vt 0 1
vt 0 0
vt 1 0
vt 1 1
vt 0 1
vt 0 0
vt 1 0
vt 1 1
vt 0 1
vt 0 0
vt 1 0
vt 1 1
vt 0 1
vt 0 0
vt 1 0
vt 1 1
vt 0 1
vt 0 0
vt 1 0
vt 1 1
vt 0 1
vt 0 0
vt 1 0
vt 1 1
vt 0 1
vt 0 0
vt 1 0
vt 1 1
vt 0 1
vt 0 0
vt 1 0
vt 1 1
vt 0 1
vt 0 0
vt 1 0
vt 1 1
vt 0 1
vt 0 0
vt 1 0
vt 1 1
vt 0 1
vt 0 0
vt 1 0
vt 1 1
vt 0 1
vt 0 0
vt 1 0
vt 1 1
vt 0 1
vt 0 0
vt 1 0
vt 1 1
vt 0 1
vt 0 0
vt 1 0
vt 1 1
vt 0 1
vt 0 0
vt 1 0
vt 1 1
vt 0 1
vt 0 0
vt 1 0
vt 1 1
vt 0 1
vt 0 0
vt 1 0
vt 1 1
vt 0 1
vt 0 0
vt 1 0
vt 1 1
vt 0 1
vt 0 0
vt 1 0
vt 1 1
vt 0 1
vt 0 0
vt 1 0
vt 1 1
vt 0 1
vt 0 0
vt 1 0
vt 1 1
vt 0 1
vt 0 0
vt 1 0
vt 1 1
vt 0 1
vt 0 0
vt 6 0
vt 6 1
vt 0 1
vt 0 0
vt 6 0
vt 6 1
vt 0 1
vt 0 0
vt 6 0
vt 6 1
vt 0 1
vt 0 0
vt 1 0
vt 1 1
vt 0 1
vt 0 0
vt 6 0
vt 6 1
vt 0 1
vt 0 0
vt 1 0
vt 1 1
vt 0 1
vt 0 0
vt 6 0
vt 6 1
vt 0 1
vt 0 0
vt 6 0
vt 6 1
vt 0 1
vt 0 0
vt 6 0
vt 6 1
vt 0 1
vt 0 0
vt 1 0
vt 1 1
vt 0 1
vt 0 0
vt 6 0
vt 6 1
vt 0 1
vt 0 0
vt 1 0
vt 1 1
vt 0 1
vt 0 0
vt 6 0
vt 6 1
vt 0 1
vt 0 0
vt 6 0
vt 6 1
vt 0 1
vt 0 0
vt 6 0
vt 6 1
vt 0 1
vt 0 0
vt 1 0
vt 1 1
vt 0 1
vt 0 0
vt 6 0
vt 6 1
vt 0 1
vt 0 0
vt 1 0
vt 1 1
vt 0 1
vt 0 0
vt 6 0
vt 6 1
vt 0 1
vt 0 0
vt 6 0
vt 6 1
vt 0 1
vt 0 0
vt 6 0
vt 6 1
vt 0 1
vt 0 0
vt 1 0
vt 1 1
vt 0 1
vt 0 0
vt 6 0
vt 6 1
vt 0 1
vt 0 0
vt 1 0
vt 1 1
vt 0 1
vt 0 0
vt 2 0
vt 2 1
vt 0 1
vt 0 0
vt 2 0
vt 2 1
vt 0 1
vt 0 0
vt 2 0
vt 2 1
vt 0 1
vt 0 0
vt 1 0
vt 1 1
vt 0 1
vt 0 0
vt 2 0
vt 2 1
vt 0 1
vt 0 0
vt 1 0
vt 1 1
vt 0 1
vt 0 0
vt 1 0
vt 1 1
vt 0 1
vt 0 0
vt 1 0
vt 1 1
vt 0 1
vt 0 0
vt 1 0
vt 1 1
vt 0 1
vt 0 0
vt 1 0
vt 1 1
vt 0 1
vt 0 0
vt 1 0
vt 1 1
vt 0 1
vt 0 0
vt 1 0
vt 1 1
vt 0 1
vt 0 0
vt 1 0
vt 1 1
vt 0 1
vt 0 0
vt 1 0
vt 1 1
vt 0 1
vt 0 0
vt 1 0
vt 1 1
vt 0 1
vt 0 0
vt 1 0
vt 1 1
vt 0 1
vt 0 0
vt 1 0
vt 1 1
vt 0 1
vt 0 0
vt 1 0
vt 1 1
vt 0 1
vt 0 0
vt 1 0
vt 1 1
vt 0 1
vt 0 0
vt 1 0
vt 1 1
vt 0 1
vt 0 0
vt 1 0
vt 1 1
vt 0 1
vt 0 0
vt 1 0
vt 1 1
vt 0 1
vt 0 0
vt 1 0
vt 1 1
vt 0 1
vt 0 0
vt 1 0
vt 1 1
vt 0 1
vt 0 0
vt 1 0
vt 1 1
vt 0 1
vt 0 0
vt 1 0
vt 1 1
vt 0 1
vt 0 0
vt 1 0
vt 1 1
vt 0 1
vt 0 0
vt 1 0
vt 1 1
vt 0 1
vt 0 0
vt 1 0
vt 1 1
vt 0 1
vt 0 0
vt 1 0
vt 1 1
vt 0 1
vt 0 0
vt 1 0
vt 1 1
vt 0 1
vt 0 0
vt 1 0
vt 1 1
vt 0 1
vt 0 0
vt 1 0
vt 1 1
vt 0 1
vt 0 0
vt 1 0
vt 1 1
vt 0 1
vt 0 0
vt 1 0
vt 1 1
vt 0 1
vt 0 0
vt 1 0
vt 1 1
vt 0 1
vt 0 0
vt 1 0
vt 1 1
vt 0 1
vt 0 0
vt 1 0
vt 1 1
vt 0 1
vt 0 0
vt 1 0
vt 1 1
vt 0 1
vt 0 0
vt 1 0
vt 1 1
vt 0 1
vt 0 0
vt 1 0
vt 1 1
vt 0 1
vt 0 0
vt 1 0
vt 1 1
vt 0 1
vt 0 0
vt 1 0
vt 1 1
vt 0 1
vt 0 0
vt 1 0
vt 1 1
vt 0 1
vt 0 0
vt 1 0
vt 1 1
vt 0 1
vt 0 0
vt 1 0
vt 1 1
vt 0 1
vt 0 0
vt 1 0
vt 1 1
vt 0 1
vt 0 0
vt 1 0
vt 1 1
vt 0 1
vt 0 0
vt 1 0
vt 1 1
vt 0 1
vt 0 0
vt 1 0
vt 1 1
vt 0 1
vt 0 0
vt 1 0
vt 1 1
vt 0 1
vt 0 0
vt 1 0
vt 1 1
vt 0 1
vt 0 0
vt 1 0
vt 1 1
vt 0 1
vt 0 0
vt 1 0
vt 1 1
vt 0 1
vt 0 0
vt 1 0
vt 1 1
vt 0 1
vt 0 0
vt 1 0
vt 1 1
vt 0 1
vt 0 0
vt 1 0
vt 1 1
vt 0 1
vt 0 0
vt 1 0
vt 1 1
vt 0 1
vt 0 0
vt 1 0
vt 1 1
vt 0 1
vt 0 0
vt 1 0
vt 1 1
vt 0 1
vt 0 0
vt 1 0
vt 1 1
vt 0 1
vt 0 0
vt 1 0
vt 1 1
vt 0 1
vt 0 0
vt 1 0
vt 1 1
vt 0 1
vt 0 0
vt 1 0
vt 1 1
vt 0 1
vt 0 0
vt 1 0
vt 1 1
vt 0 1
vt 0 0
vt 1 0
vt 1 1
vt 0 1
vt 0 0
vt 1 0
vt 1 1
vt 0 1
vt 0 0
vt 1 0
vt 1 1
vt 0 1
vt 0 0
vt 1 0
vt 1 1
vt 0 1
vt 0 0
vt 1 0
vt 1 1
vt 0 1
vt 0 0
vt 1 0
vt 1 1
vt 0 1
vt 0 0
vt 1 0
vt 1 1
vt 0 1
vt 0 0
vt 1 0
vt 1 1
vt 0 1
vt 0 0
vt 1 0
vt 1 1
vt 0 1
vt 0 0
vt 1 0
vt 1 1
vt 0 1
vt 0 0
vt 1 0
vt 1 1
vt 0 1
vt 0 0
vt 1 0
vt 1 1
vt 0 1
vt 0 0
vt 1 0
vt 1 1
vt 0 1
vt 0 0
vt 1 0
vt 1 1
vt 0 1
vt 0 0
vt 1 0
vt 1 1
vt 0 1
vt 0 0
vt 1 0
vt 1 1
vt 0 1
vt 0 0
vt 1 0
vt 1 1
vt 0 1
vt 0 0
vt 1 0
vt 1 1
vt 0 1
vt 0 0
vt 1 0
vt 1 1
vt 0 1
vt 0 0
vt 1 0
vt 1 1
vt 0 1
vt 0 0
vt 1 0
vt 1 1
vt 0 1
vt 0 0
vt 1 0
vt 1 1
vt 0 1
vt 0 0
vt 1 0
vt 1 1
vt 0 1
vt 0 0
vt 1 0
vt 1 1
vt 0 1
vt 0 0
vt 1 0
vt 1 1
vt 0 1
vt 0 0
vt 1 0
vt 1 1
vt 0 1
vt 0 0
vt 1 0
vt 1 1
vt 0 1
vt 0 0
vt 1 0
vt 1 1
vt 0 1
vt 0 0
vt 1 0
vt 1 1
vt 0 1
vt 0 0
vt 1 0
vt 1 1
vt 0 1
vt 0 0
vt 1 0
vt 1 1
vt 0 1
vt 0 0
vt 1 0
vt 1 1
vt 0 1
vt 0 0
vt 1 0
vt 1 1
vt 0 1
vt 0 0
vt 1 0
vt 1 1
vt 0 1
vt 0 0
vt 1 0
vt 1 1
vt 0 1
vt 0 0
vt 1 0
vt 1 1
vt 0 1
vt 0 0
vt 1 0
vt 1 1
vt 0 1
vt 0 0
vt 1 0
vt 1 1
vt 0 1
vt 0 0
vt 1 0
vt 1 1
vt 0 1
vt 0 0
vt 1 0
vt 1 1
vt 0 1
vt 0 0
vt 1 0
vt 1 1
vt 0 1
vt 0 0
vt 1 0
vt 1 1
vt 0 1
vt 0 0
vt 1 0
vt 1 1
vt 0 1
vt 0 0
vt 1 0
vt 1 1
vt 0 1
vt 0 0
vt 1 0
vt 1 1
vt 0 1
vt 0 0
vt 1 0
vt 1 1
vt 0 1
vt 0 0
vt 1 0
vt 1 1
vt 0 1
vt 0 0
vt 1 0
vt 1 1
vt 0 1
vt 0 0
vt 1 0
vt 1 1
vt 0 1
vt 0 0
vt 1 0
vt 1 1
vt 0 1
vt 0 0
vt 1 0
vt 1 1
vt 0 1
vt 0 0
vt 1 0
vt 1 1
vt 0 1
vt 0 0
vt 1 0
vt 1 1
vt 0 1
vt 0 0
vt 1 0
vt 1 1
vt 0 1
vt 0 0
vt 1 0
vt 1 1
vt 0 1
vt 0 0
vt 1 0
vt 1 1
vt 0 1
vt 0 0
vt 1 0
vt 1 1
vt 0 1
vt 0 0
vt 1 0
vt 1 1
vt 0 1
vt 0 0
vt 1 0
vt 1 1
vt 0 1
vt 0 0
vt 1 0
vt 1 1
vt 0 1
vt 0 0
vt 1 0
vt 1 1
vt 0 1
vt 0 0
vt 1 0
vt 1 1
vt 0 1
vt 0 0
vt 1 0
vt 1 1
vt 0 1
vt 0 0
vt 1 0
vt 1 1
vt 0 1
vt 0 0
vt 1 0
vt 1 1
vt 0 1
vt 0 0
vt 1 0
vt 1 1
vt 0 1
vt 0 0
vt 1 0
vt 1 1
vt 0 1
vt 0 0
vt 1 0
vt 1 1
vt 0 1
vt 0 0
vt 1 0
vt 1 1
vt 0 1
vt 0 0
vt 1 0
vt 1 1
vt 0 1
vt 0 0
vt 1 0
vt 1 1
vt 0 1
vt 0 0
vt 1 0
vt 1 1
vt 0 1
vt 0 0
vt 1 0
vt 1 1
vt 0 1
vt 0 0
vt 1 0
vt 1 1
vt 0 1
vt 0 0
vt 1 0
vt 1 1
vt 0 1
vt 0 0
vt 1 0
vt 1 1
vt 0 1
vt 0 0
vt 1 0
vt 1 1
vt 0 1
vt 0 0
vt 1 0
vt 1 1
vt 0 1
vt 0 0
vt 1 0
vt 1 1
vt 0 1
vt 0 0
vt 1 0
vt 1 1
vt 0 1
vt 0 0
vt 1 0
vt 1 1
vt 0 1
vt 0 0
vt 1 0
vt 1 1
vt 0 1
vt 0 0
vt 1 0
vt 1 1
vt 0 1
vt 0 0
vt 1 0
vt 1 1
vt 0 1
vt 0 0
vt 1 0
vt 1 1
vt 0 1
vt 0 0
vt 1 0
vt 1 1
vt 0 1
vt 0 0
vt 1 0
vt 1 1
vt 0 1
vt 0 0
vt 1 0
vt 1 1
vt 0 1
vt 0 0
vt 1 0
vt 1 1
vt 0 1
vt 0 0
vt 1 0
vt 1 1
vt 0 1
vt 0 0
vt 1 0
vt 1 1
vt 0 1
vt 0 0
vt 3 0
vt 3 2
vt 0 2
vt 0 0
vt 3 0
vt 3 2
vt 0 2
vt 0 0
vt 3 0
vt 3 1
vt 0 1
vt 0 0
vt 2 0
vt 2 1
vt 0 1
vt 0 0
vt 3 0
vt 3 1
vt 0 1
vt 0 0
vt 2 0
vt 2 1
vt 0 1
vt 0 0
vt 2 0
vt 2 2
vt 0 2
vt 0 0
vt 2 0
vt 2 2
vt 0 2
vt 0 0
vt 2 0
vt 2 1
vt 0 1
vt 0 0
vt 2 0
vt 2 1
vt 0 1
vt 0 0
vt 2 0
vt 2 1
vt 0 1
vt 0 0
vt 2 0
vt 2 1
vt 0 1
vt 0 0
vt 2 0
vt 2 2
vt 0 2
vt 0 0
vt 2 0
vt 2 2
vt 0 2
vt 0 0
vt 2 0
vt 2 1
vt 0 1
vt 0 0
vt 2 0
vt 2 1
vt 0 1
vt 0 0
vt 2 0
vt 2 1
vt 0 1
vt 0 0
vt 2 0
vt 2 1
vt 0 1
vt 0 0
vt 1 0
vt 1 1
vt 0 1
vt 0 0
vt 1 0
vt 1 1
vt 0 1
vt 0 0
vt 1 0
vt 1 1
vt 0 1
vt 0 0
vt 1 0
vt 1 1
vt 0 1
vt 0 0
vt 1 0
vt 1 1
vt 0 1
vt 0 0
vt 1 0
vt 1 1
vt 0 1
vt 0 0
vt 1 0
vt 1 1
vt 0 1
vt 0 0
vt 1 0
vt 1 1
vt 0 1
vt 0 0
vt 1 0
vt 1 1
vt 0 1
vt 0 0
vt 1 0
vt 1 1
vt 0 1
vt 0 0
vt 1 0
vt 1 1
vt 0 1
vt 0 0
vt 1 0
vt 1 1
vt 0 1
vt 0 0
vt 1 0
vt 1 1
vt 0 1
vt 0 0
vt 1 0
vt 1 1
vt 0 1
vt 0 0
vt 1 0
vt 1 3
vt 0 3
vt 0 0
vt 1 0
vt 1 3
vt 0 3
vt 0 0
vt 1 0
vt 1 3
vt 0 3
vt 0 0
vt 1 0
vt 1 3
vt 0 3
vt 0 0
vt 1 0
vt 1 3
vt 0 3
vt 0 0
vt 1 0
vt 1 3
vt 0 3
vt 0 0
vt 1 0
vt 1 1
vt 0 1
vt 0 0
vt 3 0
vt 3 1
vt 0 1
vt 0 0
vt 1 0
vt 1 1
vt 0 1
vt 0 0
vt 3 0
vt 3 1
vt 0 1
vt 0 0
vt 1 0
vt 1 1
vt 0 1
vt 0 0
vt 1 0
vt 1 1
vt 0 1
vt 0 0
vt 1 0
vt 1 1
vt 0 1
vt 0 0
vt 1 0
vt 1 1
vt 0 1
vt 0 0
vt 1 0
vt 1 1
vt 0 1
vt 0 0
vt 1 0
vt 1 1
vt 0 1
vt 0 0
vt 1 0
vt 1 1
vt 0 1
vt 0 0
vt 1 0
vt 1 1
vt 0 1
vt 0 0
vt 1 0
vt 1 1
vt 0 1
vt 0 0
vt 1 0
vt 1 1
vt 0 1
vt 0 0
vt 1 0
vt 1 1
vt 0 1
vt 0 0
vt 1 0
vt 1 1
vt 0 1
vt 0 0
vt 1 0
vt 1 1
vt 0 1
vt 0 0
vt 1 0
vt 1 1
vt 0 1
vt 0 0
vt 1 0
vt 1 1
vt 0 1
vt 0 0
vt 1 0
vt 1 1
vt 0 1
vt 0 0
vt 1 0
vt 1 1
vt 0 1
vt 0 0
vt 1 0
vt 1 1
vt 0 1
vt 0 0
vt 1 0
vt 1 1
vt 0 1
vt 0 0
vt 1 0
vt 1 1
vt 0 1
vt 0 0
vt 1 0
vt 1 1
vt 0 1
vt 0 0
vt 1 0
vt 1 1
vt 0 1
vt 0 0
vt 1 0
vt 1 1
vt 0 1
vt 0 0
vt 1 0
vt 1 1
vt 0 1
vt 0 0
vt 1 0
vt 1 1
vt 0 1
vt 0 0
vt 1 0
vt 1 1
vt 0 1
vt 0 0
vt 1 0
vt 1 1
vt 0 1
vt 0 0
vt 1 0
vt 1 1
vt 0 1
vt 0 0
vt 1 0
vt 1 1
vt 0 1
vt 0 0
vt 1 0
vt 1 1
vt 0 1
vt 0 0
vt 1 0
vt 1 1
vt 0 1
vt 0 0
vt 1 0
vt 1 1
vt 0 1
vt 0 0
vt 1 0
vt 1 1
vt 0 1
vt 0 0
vt 1 0
vt 1 1
vt 0 1
vt 0 0
vt 1 0
vt 1 1
vt 0 1
vt 0 0
vt 1 0
vt 1 1
vt 0 1
vt 0 0
vt 1 0
vt 1 1
vt 0 1
vt 0 0
vt 1 0
vt 1 1
vt 0 1
vt 0 0
vt 1 0
vt 1 1
vt 0 1
vt 0 0
vt 1 0
vt 1 1
vt 0 1
vt 0 0
vt 1 0
vt 1 1
vt 0 1
vt 0 0
vt 1 0
vt 1 1
vt 0 1
vt 0 0
vt 1 0
vt 1 1
vt 0 1
vt 0 0
vt 1 0
vt 1 1
vt 0 1
vt 0 0
vt 1 0
vt 1 1
vt 0 1
vt 0 0
vt 1 0
vt 1 1
vt 0 1
vt 0 0
vt 1 0
vt 1 1
vt 0 1
vt 0 0
vt 1 0
vt 1 1
vt 0 1
vt 0 0
vt 1 0
vt 1 1
vt 0 1
vt 0 0
vt 1 0
vt 1 1
vt 0 1
vt 0 0
vt 1 0
vt 1 1
vt 0 1
vt 0 0
vt 1 0
vt 1 1
vt 0 1
vt 0 0
vt 1 0
vt 1 1
vt 0 1
vt 0 0
vt 1 0
vt 1 1
vt 0 1
vt 0 0
vt 1 0
vt 1 1
vt 0 1
vt 0 0
vt 1 0
vt 1 1
vt 0 1
vt 0 0
vt 1 0
vt 1 1
vt 0 1
vt 0 0
vt 1 0
vt 1 1
vt 0 1
vt 0 0
vt 1 0
vt 1 1
vt 0 1
vt 0 0
vt 1 0
vt 1 1
vt 0 1
vt 0 0
vt 1 0
vt 1 1
vt 0 1
vt 0 0
vt 1 0
vt 1 1
vt 0 1
vt 0 0
vt 1 0
vt 1 1
vt 0 1
vt 0 0
vt 1 0
vt 1 1
vt 0 1
vt 0 0
vt 1 0
vt 1 1
vt 0 1
vt 0 0
vt 1 0
vt 1 1
vt 0 1
vt 0 0
vt 1 0
vt 1 1
vt 0 1
vt 0 0
vt 1 0
vt 1 1
vt 0 1
vt 0 0
vt 1 0
vt 1 1
vt 0 1
vt 0 0
vt 1 0
vt 1 1
vt 0 1
vt 0 0
vt 1 0
vt 1 1
vt 0 1
vt 0 0
vt 1 0
vt 1 1
vt 0 1
vt 0 0
vt 1 0
vt 1 1
vt 0 1
vt 0 0
vt 1 0
vt 1 1
vt 0 1
vt 0 0
vt 1 0
vt 1 1
vt 0 1
vt 0 0
vt 1 0
vt 1 1
vt 0 1
vt 0 0
vt 1 0
vt 1 1
vt 0 1
vt 0 0
vt 1 0
vt 1 1
vt 0 1
vt 0 0
vt 1 0
vt 1 1
vt 0 1
vt 0 0
vt 1 0
vt 1 1
vt 0 1
vt 0 0
vt 1 0
vt 1 1
vt 0 1
vt 0 0
vt 1 0
vt 1 1
vt 0 1
vt 0 0
vt 1 0
vt 1 1
vt 0 1
vt 0 0
vt 1 0
vt 1 1
vt 0 1
vt 0 0
vt 1 0
vt 1 1
vt 0 1
vt 0 0
vt 1 0
vt 1 1
vt 0 1
vt 0 0
vt 1 0
vt 1 1
vt 0 1
vt 0 0
vt 1 0
vt 1 1
vt 0 1
vt 0 0
vt 1 0
vt 1 1
vt 0 1
vt 0 0
vt 1 0
vt 1 1
vt 0 1
vt 0 0
vt 4 0
vt 4 3
vt 0 3
vt 0 0
vt 4 0
vt 4 3
vt 0 3
vt 0 0
vt 4 0
vt 4 1
vt 0 1
vt 0 0
vt 3 0
vt 3 1
vt 0 1
vt 0 0
vt 4 0
vt 4 1
vt 0 1
vt 0 0
vt 3 0
vt 3 1
vt 0 1
vt 0 0
vt 1 0
vt 1 1
vt 0 1
vt 0 0
vt 1 0
vt 1 1
vt 0 1
vt 0 0
vt 1 0
vt 1 1
vt 0 1
vt 0 0
vt 1 0
vt 1 1
vt 0 1
vt 0 0
vt 1 0
vt 1 1
vt 0 1
vt 0 0
vt 1 0
vt 1 1
vt 0 1
vt 0 0
vt 1 0
vt 1 1
vt 0 1
vt 0 0
vt 1 0
vt 1 1
vt 0 1
vt 0 0
vt 1 0
vt 1 1
vt 0 1
vt 0 0
vt 1 0
vt 1 1
vt 0 1
vt 0 0
vt 1 0
vt 1 1
vt 0 1
vt 0 0
vt 1 0
vt 1 1
vt 0 1
vt 0 0
vt 1 0
vt 1 1
vt 0 1
vt 0 0
vt 1 0
vt 1 1
vt 0 1
vt 0 0
vt 1 0
vt 1 1
vt 0 1
vt 0 0
vt 1 0
vt 1 1
vt 0 1
vt 0 0
vt 1 0
vt 1 1
vt 0 1
vt 0 0
vt 1 0
vt 1 1
vt 0 1
vt 0 0
vt 6 0
vt 6 4
vt 0 4
vt 0 0
vt 6 0
vt 6 4
vt 0 4
vt 0 0
vt 6 0
vt 6 1
vt 0 1
vt 0 0
vt 4 0
vt 4 1
vt 0 1
vt 0 0
vt 6 0
vt 6 1
vt 0 1
vt 0 0
vt 4 0
vt 4 1
vt 0 1
vt 0 0
vt 6 0
vt 6 4
vt 0 4
vt 0 0
vt 6 0
vt 6 4
vt 0 4
vt 0 0
vt 6 0
vt 6 1
vt 0 1
vt 0 0
vt 4 0
vt 4 1
vt 0 1
vt 0 0
vt 6 0
vt 6 1
vt 0 1
vt 0 0
vt 4 0
vt 4 1
vt 0 1
vt 0 0
vt 1 0
vt 1 1
vt 0 1
vt 0 0
vt 1 0
vt 1 1
vt 0 1
vt 0 0
vt 1 0
vt 1 1
vt 0 1
vt 0 0
vt 1 0
vt 1 1
vt 0 1
vt 0 0
vt 1 0
vt 1 1
vt 0 1
vt 0 0
vt 1 0
vt 1 1
vt 0 1
vt 0 0
vt 1 0
vt 1 1
vt 0 1
vt 0 0
vt 1 0
vt 1 1
vt 0 1
vt 0 0
vt 1 0
vt 1 1
vt 0 1
vt 0 0
vt 1 0
vt 1 1
vt 0 1
vt 0 0
vt 1 0
vt 1 1
vt 0 1
vt 0 0
vt 1 0
vt 1 1
vt 0 1
vt 0 0
vt 1 0
vt 1 1
vt 0 1
vt 0 0
vt 1 0
vt 1 1
vt 0 1
vt 0 0
vt 1 0
vt 1 1
vt 0 1
vt 0 0
vt 1 0
vt 1 1
vt 0 1
vt 0 0
vt 1 0
vt 1 1
vt 0 1
vt 0 0
vt 1 0
vt 1 1
vt 0 1
vt 0 0
vt 1 0
vt 1 1
vt 0 1
vt 0 0
vt 1 0
vt 1 1
vt 0 1
vt 0 0
vt 1 0
vt 1 1
vt 0 1
vt 0 0
vt 1 0
vt 1 1
vt 0 1
vt 0 0
vt 1 0
vt 1 1
vt 0 1
vt 0 0
vt 1 0
vt 1 1
vt 0 1
vt 0 0
vt 1 0
vt 1 1
vt 0 1
vt 0 0
vt 1 0
vt 1 1
vt 0 1
vt 0 0
vt 1 0
vt 1 1
vt 0 1
vt 0 0
vt 1 0
vt 1 1
vt 0 1
vt 0 0
vt 1 0
vt 1 1
vt 0 1
vt 0 0
vt 1 0
vt 1 1
vt 0 1
vt 0 0
vt 1 0
vt 1 1
vt 0 1
vt 0 0
vt 1 0
vt 1 1
vt 0 1
vt 0 0
vt 1 0
vt 1 1
vt 0 1
vt 0 0
vt 1 0
vt 1 1
vt 0 1
vt 0 0
vt 1 0
vt 1 1
vt 0 1
vt 0 0
vt 1 0
vt 1 1
vt 0 1
vt 0 0
vt 2 0
vt 2 2
vt 0 2
vt 0 0
vt 2 0
vt 2 2
vt 0 2
vt 0 0
vt 2 0
vt 2 1
vt 0 1
vt 0 0
vt 2 0
vt 2 1
vt 0 1
vt 0 0
vt 2 0
vt 2 1
vt 0 1
vt 0 0
vt 2 0
vt 2 1
vt 0 1
vt 0 0
vt 1 0
vt 1 1
vt 0 1
vt 0 0
vt 1 0
vt 1 1
vt 0 1
vt 0 0
vt 1 0
vt 1 1
vt 0 1
vt 0 0
vt 1 0
vt 1 1
vt 0 1
vt 0 0
vt 1 0
vt 1 1
vt 0 1
vt 0 0
vt 1 0
vt 1 1
vt 0 1
vt 0 0
vt 2 0
vt 2 2
vt 0 2
vt 0 0
vt 2 0
vt 2 2
vt 0 2
vt 0 0
vt 2 0
vt 2 1
vt 0 1
vt 0 0
vt 2 0
vt 2 1
vt 0 1
vt 0 0
vt 2 0
vt 2 1
vt 0 1
vt 0 0
vt 2 0
vt 2 1
vt 0 1
vt 0 0
vt 1 0
vt 1 1
vt 0 1
vt 0 0
vt 1 0
vt 1 1
vt 0 1
vt 0 0
vt 1 0
vt 1 1
vt 0 1
vt 0 0
vt 1 0
vt 1 1
vt 0 1
vt 0 0
vt 1 0
vt 1 1
vt 0 1
vt 0 0
vt 1 0
vt 1 1
vt 0 1
vt 0 0
vt 2 0
vt 2 2
vt 0 2
vt 0 0
vt 2 0
vt 2 2
vt 0 2
vt 0 0
vt 2 0
vt 2 1
vt 0 1
vt 0 0
vt 2 0
vt 2 1
vt 0 1
vt 0 0
vt 2 0
vt 2 1
vt 0 1
vt 0 0
vt 2 0
vt 2 1
vt 0 1
vt 0 0
vt 1 0
vt 1 1
vt 0 1
vt 0 0
vt 1 0
vt 1 1
vt 0 1
vt 0 0
vt 1 0
vt 1 1
vt 0 1
vt 0 0
vt 1 0
vt 1 1
vt 0 1
vt 0 0
vt 1 0
vt 1 1
vt 0 1
vt 0 0
vt 1 0
vt 1 1
vt 0 1
vt 0 0
vt 2 0
vt 2 2
vt 0 2
vt 0 0
vt 2 0
vt 2 2
vt 0 2
vt 0 0
vt 2 0
vt 2 1
vt 0 1
vt 0 0
vt 2 0
vt 2 1
vt 0 1
vt 0 0
vt 2 0
vt 2 1
vt 0 1
vt 0 0
vt 2 0
vt 2 1
vt 0 1
vt 0 0
vt 1 0
vt 1 1
vt 0 1
vt 0 0
vt 1 0
vt 1 1
vt 0 1
vt 0 0
vt 1 0
vt 1 1
vt 0 1
vt 0 0
vt 1 0
vt 1 1
vt 0 1
vt 0 0
vt 1 0
vt 1 1
vt 0 1
vt 0 0
vt 1 0
vt 1 1
vt 0 1
vt 0 0
vt 2 0
vt 2 2
vt 0 2
vt 0 0
vt 2 0
vt 2 2
vt 0 2
vt 0 0
vt 2 0
vt 2 1
vt 0 1
vt 0 0
vt 2 0
vt 2 1
vt 0 1
vt 0 0
vt 2 0
vt 2 1
vt 0 1
vt 0 0
vt 2 0
vt 2 1
vt 0 1
vt 0 0
vt 2 0
vt 2 2
vt 0 2
vt 0 0
vt 2 0
vt 2 2
vt 0 2
vt 0 0
vt 2 0
vt 2 1
vt 0 1
vt 0 0
vt 2 0
vt 2 1
vt 0 1
vt 0 0
vt 2 0
vt 2 1
vt 0 1
vt 0 0
vt 2 0
vt 2 1
vt 0 1
vt 0 0
vt 2 0
vt 2 2
vt 0 2
vt 0 0
vt 2 0
vt 2 2
vt 0 2
vt 0 0
vt 2 0
vt 2 1
vt 0 1
vt 0 0
vt 2 0
vt 2 1
vt 0 1
vt 0 0
vt 2 0
vt 2 1
vt 0 1
vt 0 0
vt 2 0
vt 2 1
vt 0 1
vt 0 0
vt 1 0
vt 1 1
vt 0 1
vt 0 0
vt 1 0
vt 1 1
vt 0 1
vt 0 0
vt 1 0
vt 1 1
vt 0 1
vt 0 0
vt 1 0
vt 1 1
vt 0 1
vt 0 0
vt 1 0
vt 1 1
vt 0 1
vt 0 0
vt 1 0
vt 1 1
vt 0 1
vt 0 0
vt 2 0
vt 2 2
vt 0 2
vt 0 0
vt 2 0
vt 2 2
vt 0 2
vt 0 0
vt 2 0
vt 2 1
vt 0 1
vt 0 0
vt 2 0
vt 2 1
vt 0 1
vt 0 0
vt 2 0
vt 2 1
vt 0 1
vt 0 0
vt 2 0
vt 2 1
vt 0 1
vt 0 0
vt 1 0
vt 1 1
vt 0 1
vt 0 0
vt 1 0
vt 1 1
vt 0 1
vt 0 0
vt 1 0
vt 1 1
vt 0 1
vt 0 0
vt 1 0
vt 1 1
vt 0 1
vt 0 0
vt 1 0
vt 1 1
vt 0 1
vt 0 0
vt 1 0
vt 1 1
vt 0 1
vt 0 0
vt 2 0
vt 2 2
vt 0 2
vt 0 0
vt 2 0
vt 2 2
vt 0 2
vt 0 0
vt 2 0
vt 2 1
vt 0 1
vt 0 0
vt 2 0
vt 2 1
vt 0 1
vt 0 0
vt 2 0
vt 2 1
vt 0 1
vt 0 0
vt 2 0
vt 2 1
vt 0 1
vt 0 0
vt 1 0
vt 1 1
vt 0 1
vt 0 0
vt 1 0
vt 1 1
vt 0 1
vt 0 0
vt 1 0
vt 1 1
vt 0 1
vt 0 0
vt 1 0
vt 1 1
vt 0 1
vt 0 0
vt 1 0
vt 1 1
vt 0 1
vt 0 0
vt 1 0
vt 1 1
vt 0 1
vt 0 0
vt 2 0
vt 2 2
vt 0 2
vt 0 0
vt 2 0
vt 2 2
vt 0 2
vt 0 0
vt 2 0
vt 2 1
vt 0 1
vt 0 0
vt 2 0
vt 2 1
vt 0 1
vt 0 0
vt 2 0
vt 2 1
vt 0 1
vt 0 0
vt 2 0
vt 2 1
vt 0 1
vt 0 0
vt 1 0
vt 1 1
vt 0 1
vt 0 0
vt 1 0
vt 1 1
vt 0 1
vt 0 0
vt 1 0
vt 1 1
vt 0 1
vt 0 0
vt 1 0
vt 1 1
vt 0 1
vt 0 0
vt 1 0
vt 1 1
vt 0 1
vt 0 0
vt 1 0
vt 1 1
vt 0 1
vt 0 0
vt 2 0
vt 2 2
vt 0 2
vt 0 0
vt 2 0
vt 2 2
vt 0 2
vt 0 0
vt 2 0
vt 2 1
vt 0 1
vt 0 0
vt 2 0
vt 2 1
vt 0 1
vt 0 0
vt 2 0
vt 2 1
vt 0 1
vt 0 0
vt 2 0
vt 2 1
vt 0 1
vt 0 0
vt 1 0
vt 1 1
vt 0 1
vt 0 0
vt 1 0
vt 1 1
vt 0 1
vt 0 0
vt 1 0
vt 1 1
vt 0 1
vt 0 0
vt 1 0
vt 1 1
vt 0 1
vt 0 0
vt 1 0
vt 1 1
vt 0 1
vt 0 0
vt 1 0
vt 1 1
vt 0 1
vt 0 0
vt 2 0
vt 2 2
vt 0 2
vt 0 0
vt 2 0
vt 2 2
vt 0 2
vt 0 0
vt 2 0
vt 2 1
vt 0 1
vt 0 0
vt 2 0
vt 2 1
vt 0 1
vt 0 0
vt 2 0
vt 2 1
vt 0 1
vt 0 0
vt 2 0
vt 2 1
vt 0 1
vt 0 0
vt 1 0
vt 1 1
vt 0 1
vt 0 0
vt 1 0
vt 1 1
vt 0 1
vt 0 0
vt 1 0
vt 1 1
vt 0 1
vt 0 0
vt 1 0
vt 1 1
vt 0 1
vt 0 0
vt 1 0
vt 1 1
vt 0 1
vt 0 0
vt 1 0
vt 1 1
vt 0 1
vt 0 0
vt 2 0
vt 2 2
vt 0 2
vt 0 0
vt 2 0
vt 2 2
vt 0 2
vt 0 0
vt 2 0
vt 2 1
vt 0 1
vt 0 0
vt 2 0
vt 2 1
vt 0 1
vt 0 0
vt 2 0
vt 2 1
vt 0 1
vt 0 0
vt 2 0
vt 2 1
vt 0 1
vt 0 0
vt 1 0
vt 1 1
vt 0 1
vt 0 0
vt 1 0
vt 1 1
vt 0 1
vt 0 0
vt 1 0
vt 1 1
vt 0 1
vt 0 0
vt 1 0
vt 1 1
vt 0 1
vt 0 0
vt 1 0
vt 1 1
vt 0 1
vt 0 0
vt 1 0
vt 1 1
vt 0 1
vt 0 0
vt 2 0
vt 2 2
vt 0 2
vt 0 0
vt 2 0
vt 2 2
vt 0 2
vt 0 0
vt 2 0
vt 2 1
vt 0 1
vt 0 0
vt 2 0
vt 2 1
vt 0 1
vt 0 0
vt 2 0
vt 2 1
vt 0 1
vt 0 0
vt 2 0
vt 2 1
vt 0 1
vt 0 0
vt 1 0
vt 1 1
vt 0 1
vt 0 0
vt 1 0
vt 1 1
vt 0 1
vt 0 0
vt 1 0
vt 1 1
vt 0 1
vt 0 0
vt 1 0
vt 1 1
vt 0 1
vt 0 0
vt 1 0
vt 1 1
vt 0 1
vt 0 0
vt 1 0
vt 1 1
vt 0 1
vt 0 0
vt 2 0
vt 2 2
vt 0 2
vt 0 0
vt 2 0
vt 2 2
vt 0 2
vt 0 0
vt 2 0
vt 2 1
vt 0 1
vt 0 0
vt 2 0
vt 2 1
vt 0 1
vt 0 0
vt 2 0
vt 2 1
vt 0 1
vt 0 0
vt 2 0
vt 2 1
vt 0 1
vt 0 0
vt 1 0
vt 1 1
vt 0 1
vt 0 0
vt 1 0
vt 1 1
vt 0 1
vt 0 0
vt 1 0
vt 1 1
vt 0 1
vt 0 0
vt 1 0
vt 1 1
vt 0 1
vt 0 0
vt 1 0
vt 1 1
vt 0 1
vt 0 0
vt 1 0
vt 1 1
vt 0 1
vt 0 0
vt 2 0
vt 2 2
vt 0 2
vt 0 0
vt 2 0
vt 2 2
vt 0 2
vt 0 0
vt 2 0
vt 2 1
vt 0 1
vt 0 0
vt 2 0
vt 2 1
vt 0 1
vt 0 0
vt 2 0
vt 2 1
vt 0 1
vt 0 0
vt 2 0
vt 2 1
vt 0 1
vt 0 0
vt 1 0
vt 1 1
vt 0 1
vt 0 0
vt 1 0
vt 1 1
vt 0 1
vt 0 0
vt 1 0
vt 1 1
vt 0 1
vt 0 0
vt 1 0
vt 1 1
vt 0 1
vt 0 0
vt 1 0
vt 1 1
vt 0 1
vt 0 0
vt 1 0
vt 1 1
vt 0 1
vt 0 0
vt 2 0
vt 2 2
vt 0 2
vt 0 0
vt 2 0
vt 2 2
vt 0 2
vt 0 0
vt 2 0
vt 2 1
vt 0 1
vt 0 0
vt 2 0
vt 2 1
vt 0 1
vt 0 0
vt 2 0
vt 2 1
vt 0 1
vt 0 0
vt 2 0
vt 2 1
vt 0 1
vt 0 0
vt 1 0
vt 1 1
vt 0 1
vt 0 0
vt 1 0
vt 1 1
vt 0 1
vt 0 0
vt 1 0
vt 1 1
vt 0 1
vt 0 0
vt 1 0
vt 1 1
vt 0 1
vt 0 0
vt 1 0
vt 1 1
vt 0 1
vt 0 0
vt 1 0
vt 1 1
vt 0 1
vt 0 0
vt 1 0
vt 1 1
vt 0 1
vt 0 0
vt 1 0
vt 1 1
vt 0 1
vt 0 0
vt 1 0
vt 1 1
vt 0 1
vt 0 0
vt 1 0
vt 1 1
vt 0 1
vt 0 0
vt 1 0
vt 1 1
vt 0 1
vt 0 0
vt 1 0
vt 1 1
vt 0 1
vt 0 0
vt 1 0
vt 1 1
vt 0 1
vt 0 0
vt 1 0
vt 1 1
vt 0 1
vt 0 0
vt 1 0
vt 1 1
vt 0 1
vt 0 0
vt 1 0
vt 1 1
vt 0 1
vt 0 0
vt 1 0
vt 1 1
vt 0 1
vt 0 0
vt 1 0
vt 1 1
vt 0 1
vt 0 0
vt 1 0
vt 1 1
vt 0 1
vt 0 0
vt 1 0
vt 1 1
vt 0 1
vt 0 0
vt 1 0
vt 1 1
vt 0 1
vt 0 0
vt 1 0
vt 1 1
vt 0 1
vt 0 0
vt 1 0
vt 1 1
vt 0 1
vt 0 0
vt 1 0
vt 1 1
vt 0 1
vt 0 0
vt 1 0
vt 1 1
vt 0 1
vt 0 0
vt 1 0
vt 1 1
vt 0 1
vt 0 0
vt 1 0
vt 1 1
vt 0 1
vt 0 0
vt 1 0
vt 1 1
vt 0 1
vt 0 0
vt 1 0
vt 1 1
vt 0 1
vt 0 0
vt 1 0
vt 1 1
vt 0 1
vt 0 0
vt 1 0
vt 1 1
vt 0 1
vt 0 0
vt 1 0
vt 1 1
vt 0 1
vt 0 0
vt 1 0
vt 1 1
vt 0 1
vt 0 0
vt 1 0
vt 1 1
vt 0 1
vt 0 0
vt 1 0
vt 1 1
vt 0 1
vt 0 0
vt 1 0
vt 1 1
vt 0 1
vt 0 0
vt 1 0
vt 1 1
vt 0 1
vt 0 0
vt 1 0
vt 1 1
vt 0 1
vt 0 0
vt 1 0
vt 1 1
vt 0 1
vt 0 0
vt 1 0
vt 1 1
vt 0 1
vt 0 0
vt 1 0
vt 1 1
vt 0 1
vt 0 0
vt 1 0
vt 1 1
vt 0 1
vt 0 0
vt 1 0
vt 1 1
vt 0 1
vt 0 0
vt 1 0
vt 1 1
vt 0 1
vt 0 0
vt 1 0
vt 1 1
vt 0 1
vt 0 0
vt 1 0
vt 1 1
vt 0 1
vt 0 0
vt 1 0
vt 1 1
vt 0 1
vt 0 0
vt 1 0
vt 1 1
vt 0 1
vt 0 0
vt 1 0
vt 1 1
vt 0 1
vt 0 0
vt 1 0
vt 1 1
vt 0 1
vt 0 0
vt 1 0
vt 1 1
vt 0 1
vt 0 0
vt 1 0
vt 1 1
vt 0 1
vt 0 0
vt 1 0
vt 1 1
vt 0 1
vt 0 0
vt 1 0
vt 1 1
vt 0 1
vt 0 0
vt 1 0
vt 1 1
vt 0 1
vt 0 0
vt 1 0
vt 1 1
vt 0 1
vt 0 0
vt 1 0
vt 1 1
vt 0 1
vt 0 0
vt 1 0
vt 1 1
vt 0 1
vt 0 0
vt 1 0
vt 1 1
vt 0 1
vt 0 0
vt 1 0
vt 1 1
vt 0 1
vt 0 0
vt 1 0
vt 1 1
vt 0 1
vt 0 0
vt 1 0
vt 1 1
vt 0 1
vt 0 0
vt 1 0
vt 1 1
vt 0 1
vt 0 0
vt 1 0
vt 1 1
vt 0 1
vt 0 0
vt 1 0
vt 1 1
vt 0 1
vt 0 0
vt 1 0
vt 1 1
vt 0 1
vt 0 0
vt 1 0
vt 1 1
vt 0 1
vt 0 0
vt 1 0
vt 1 1
vt 0 1
vt 0 0
vt 1 0
vt 1 1
vt 0 1
vt 0 0
vt 1 0
vt 1 1
vt 0 1
vt 0 0
vt 1 0
vt 1 1
vt 0 1
vt 0 0
vt 1 0
vt 1 1
vt 0 1
vt 0 0
vt 1 0
vt 1 1
vt 0 1
vt 0 0
vt 1 0
vt 1 1
vt 0 1
vt 0 0
vt 1 0
vt 1 1
vt 0 1
vt 0 0
vt 1 0
vt 1 1
vt 0 1
vt 0 0
vt 1 0
vt 1 1
vt 0 1
vt 0 0
vt 1 0
vt 1 1
vt 0 1
vt 0 0
vt 1 0
vt 1 1
vt 0 1
vt 0 0
vt 1 0
vt 1 1
vt 0 1
vt 0 0
vt 1 0
vt 1 1
vt 0 1
vt 0 0
vt 1 0
vt 1 1
vt 0 1
vt 0 0
vt 1 0
vt 1 1
vt 0 1
vt 0 0
vt 1 0
vt 1 1
vt 0 1
vt 0 0
vt 1 0
vt 1 1
vt 0 1
vt 0 0
vt 1 0
vt 1 1
vt 0 1
vt 0 0
vt 1 0
vt 1 1
vt 0 1
vt 0 0
vt 1 0
vt 1 1
vt 0 1
vt 0 0
vt 1 0
vt 1 1
vt 0 1
vt 0 0
vt 1 0
vt 1 1
vt 0 1
vt 0 0
vt 1 0
vt 1 1
vt 0 1
vt 0 0
vt 1 0
vt 1 1
vt 0 1
vt 0 0
vt 1 0
vt 1 1
vt 0 1
vt 0 0
vt 1 0
vt 1 1
vt 0 1
vt 0 0
vt 1 0
vt 1 1
vt 0 1
vt 0 0
vt 1 0
vt 1 1
vt 0 1
vt 0 0
vt 1 0
vt 1 1
vt 0 1
vt 0 0
vt 1 0
vt 1 1
vt 0 1
vt 0 0
vt 1 0
vt 1 1
vt 0 1
vt 0 0
vt 1 0
vt 1 1
vt 0 1
vt 0 0
vt 1 0
vt 1 1
vt 0 1
vt 0 0
vt 1 0
vt 1 1
vt 0 1
vt 0 0
vt 6 0
vt 6 5
vt 0 5
vt 0 0
vt 6 0
vt 6 5
vt 0 5
vt 0 0
vt 6 0
vt 6 1
vt 0 1
vt 0 0
vt 5 0
vt 5 1
vt 0 1
vt 0 0
vt 6 0
vt 6 1
vt 0 1
vt 0 0
vt 5 0
vt 5 1
vt 0 1
vt 0 0
vt 1 0
vt 1 1
vt 0 1
vt 0 0
vt 1 0
vt 1 1
vt 0 1
vt 0 0
vt 1 0
vt 1 1
vt 0 1
vt 0 0
vt 1 0
vt 1 1
vt 0 1
vt 0 0
vt 1 0
vt 1 1
vt 0 1
vt 0 0
vt 1 0
vt 1 1
vt 0 1
vt 0 0
vt 1 0
vt 1 1
vt 0 1
vt 0 0
vt 1 0
vt 1 1
vt 0 1
vt 0 0
vt 1 0
vt 1 1
vt 0 1
vt 0 0
vt 1 0
vt 1 1
vt 0 1
vt 0 0
vt 1 0
vt 1 1
vt 0 1
vt 0 0
vt 1 0
vt 1 1
vt 0 1
vt 0 0
vt 1 0
vt 1 1
vt 0 1
vt 0 0
vt 1 0
vt 1 1
vt 0 1
vt 0 0
vt 1 0
vt 1 1
vt 0 1
vt 0 0
vt 1 0
vt 1 1
vt 0 1
vt 0 0
vt 1 0
vt 1 1
vt 0 1
vt 0 0
vt 1 0
vt 1 1
vt 0 1
vt 0 0
vt 1 0
vt 1 1
vt 0 1
vt 0 0
vt 1 0
vt 1 1
vt 0 1
vt 0 0
vt 1 0
vt 1 1
vt 0 1
vt 0 0
vt 1 0
vt 1 1
vt 0 1
vt 0 0
vt 1 0
vt 1 1
vt 0 1
vt 0 0
vt 1 0
vt 1 1
vt 0 1
vt 0 0
vt 1 0
vt 1 1
vt 0 1
vt 0 0
vt 1 0
vt 1 1
vt 0 1
vt 0 0
vt 1 0
vt 1 1
vt 0 1
vt 0 0
vt 1 0
vt 1 1
vt 0 1
vt 0 0
vt 1 0
vt 1 1
vt 0 1
vt 0 0
vt 1 0
vt 1 1
vt 0 1
vt 0 0
vt 1 0
vt 1 1
vt 0 1
vt 0 0
vt 1 0
vt 1 1
vt 0 1
vt 0 0
vt 1 0
vt 1 1
vt 0 1
vt 0 0
vt 1 0
vt 1 1
vt 0 1
vt 0 0
vt 1 0
vt 1 1
vt 0 1
vt 0 0
vt 1 0
vt 1 1
vt 0 1
vt 0 0
vt 1 0
vt 1 1
vt 0 1
vt 0 0
vt 1 0
vt 1 1
vt 0 1
vt 0 0
vt 1 0
vt 1 1
vt 0 1
vt 0 0
vt 1 0
vt 1 1
vt 0 1
vt 0 0
vt 1 0
vt 1 1
vt 0 1
vt 0 0
vt 1 0
vt 1 1
vt 0 1
vt 0 0
vt 1 0
vt 1 1
vt 0 1
vt 0 0
vt 1 0
vt 1 1
vt 0 1
vt 0 0
vt 1 0
vt 1 1
vt 0 1
vt 0 0
vt 1 0
vt 1 1
vt 0 1
vt 0 0
vt 1 0
vt 1 1
vt 0 1
vt 0 0
vt 1 0
vt 1 1
vt 0 1
vt 0 0
vt 1 0
vt 1 1
vt 0 1
vt 0 0
vt 1 0
vt 1 1
vt 0 1
vt 0 0
vt 1 0
vt 1 1
vt 0 1
vt 0 0
vt 1 0
vt 1 1
vt 0 1
vt 0 0
vt 1 0
vt 1 1
vt 0 1
vt 0 0
vt 1 0
vt 1 1
vt 0 1
vt 0 0
vt 1 0
vt 1 1
vt 0 1
vt 0 0
vt 1 0
vt 1 1
vt 0 1
vt 0 0
vt 1 0
vt 1 1
vt 0 1
vt 0 0
vt 1 0
vt 1 1
vt 0 1
vt 0 0
vt 1 0
vt 1 1
vt 0 1
vt 0 0
vt 1 0
vt 1 1
vt 0 1
vt 0 0
vt 1 0
vt 1 1
vt 0 1
vt 0 0
vt 1 0
vt 1 1
vt 0 1
vt 0 0
vt 1 0
vt 1 1
vt 0 1
vt 0 0
vt 1 0
vt 1 1
vt 0 1
vt 0 0
vt 1 0
vt 1 1
vt 0 1
vt 0 0
vt 1 0
vt 1 1
vt 0 1
vt 0 0
vt 1 0
vt 1 1
vt 0 1
vt 0 0
vt 1 0
vt 1 1
vt 0 1
vt 0 0
vt 1 0
vt 1 1
vt 0 1
vt 0 0
vt 1 0
vt 1 1
vt 0 1
vt 0 0
vt 1 0
vt 1 1
vt 0 1
vt 0 0
vt 1 0
vt 1 1
vt 0 1
vt 0 0
vt 1 0
vt 1 1
vt 0 1
vt 0 0
vt 1 0
vt 1 1
vt 0 1
vt 0 0
vt 1 0
vt 1 1
vt 0 1
vt 0 0
vt 1 0
vt 1 1
vt 0 1
vt 0 0
vt 1 0
vt 1 1
vt 0 1
vt 0 0
vt 1 0
vt 1 1
vt 0 1
vt 0 0
vt 1 0
vt 1 1
vt 0 1
vt 0 0
vt 1 0
vt 1 1
vt 0 1
vt 0 0
vt 1 0
vt 1 1
vt 0 1
vt 0 0
vt 1 0
vt 1 1
vt 0 1
vt 0 0
vt 1 0
vt 1 1
vt 0 1
vt 0 0
vt 1 0
vt 1 1
vt 0 1
o Grass
usemtl Grass
f 1/1 2/2 3/3 4/4 # Ground
f 5/5 6/6 7/7 8/8 # Ground
f 1/9 2/10 6/11 5/12 # Ground
f 2/13 3/14 7/15 6/16 # Ground
f 3/17 4/18 8/19 7/20 # Ground
f 4/21 1/22 5/23 8/24 # Ground
o Stone
usemtl Stone
f 9/25 10/26 11/27 12/28 # Plaza
f 13/29 14/30 15/31 16/32 # Plaza
f 9/33 10/34 14/35 13/36 # Plaza
f 10/37 11/38 15/39 14/40 # Plaza
f 11/41 12/42 16/43 15/44 # Plaza
f 12/45 9/46 13/47 16/48 # Plaza
f 25/49 26/50 27/51 28/52 # RoadS
f 29/53 30/54 31/55 32/56 # RoadS
f 25/57 26/58 30/59 29/60 # RoadS
f 26/61 27/62 31/63 30/64 # RoadS
f 27/65 28/66 32/67 31/68 # RoadS
f 28/69 25/70 29/71 32/72 # RoadS
f 33/73 34/74 35/75 36/76 # RoadN
f 37/77 38/78 39/79 40/80 # RoadN
f 33/81 34/82 38/83 37/84 # RoadN
f 34/85 35/86 39/87 38/88 # RoadN
f 35/89 36/90 40/91 39/92 # RoadN
f 36/93 33/94 37/95 40/96 # RoadN
f 41/97 42/98 43/99 44/100 # RoadE
f 45/101 46/102 47/103 48/104 # RoadE
f 41/105 42/106 46/107 45/108 # RoadE
f 42/109 43/110 47/111 46/112 # RoadE
f 43/113 44/114 48/115 47/116 # RoadE
f 44/117 41/118 45/119 48/120 # RoadE
f 49/121 50/122 51/123 52/124 # RoadW
f 53/125 54/126 55/127 56/128 # RoadW
f 49/129 50/130 54/131 53/132 # RoadW
f 50/133 51/134 55/135 54/136 # RoadW
f 51/137 52/138 56/139 55/140 # RoadW
f 52/141 49/142 53/143 56/144 # RoadW
f 201/145 202/146 203/147 204/148 # TH_TowerTrim
f 205/149 206/150 207/151 208/152 # TH_TowerTrim
f 201/153 202/154 206/155 205/156 # TH_TowerTrim
f 202/157 203/158 207/159 206/160 # TH_TowerTrim
f 203/161 204/162 208/163 207/164 # TH_TowerTrim
f 204/165 201/166 205/167 208/168 # TH_TowerTrim
f 281/169 282/170 283/171 284/172 # TH_Steps
f 285/173 286/174 287/175 288/176 # TH_Steps
f 281/177 282/178 286/179 285/180 # TH_Steps
f 282/181 283/182 287/183 286/184 # TH_Steps
f 283/185 284/186 288/187 287/188 # TH_Steps
f 284/189 281/190 285/191 288/192 # TH_Steps
f 289/193 290/194 291/195 292/196 # TH_Step2
f 293/197 294/198 295/199 296/200 # TH_Step2
f 289/201 290/202 294/203 293/204 # TH_Step2
f 290/205 291/206 295/207 294/208 # TH_Step2
f 291/209 292/210 296/211 295/212 # TH_Step2
f 292/213 289/214 293/215 296/216 # TH_Step2
f 441/217 442/218 443/219 444/220 # FountainBase
f 445/221 446/222 447/223 448/224 # FountainBase
f 441/225 442/226 446/227 445/228 # FountainBase
f 442/229 443/230 447/231 446/232 # FountainBase
f 443/233 444/234 448/235 447/236 # FountainBase
f 444/237 441/238 445/239 448/240 # FountainBase
f 457/241 458/242 459/243 460/244 # FountainPillar
f 461/245 462/246 463/247 464/248 # FountainPillar
f 457/249 458/250 462/251 461/252 # FountainPillar
f 458/253 459/254 463/255 462/256 # FountainPillar
f 459/257 460/258 464/259 463/260 # FountainPillar
f 460/261 457/262 461/263 464/264 # FountainPillar
f 465/265 466/266 467/267 468/268 # FountainBowl
f 469/269 470/270 471/271 472/272 # FountainBowl
f 465/273 466/274 470/275 469/276 # FountainBowl
f 466/277 467/278 471/279 470/280 # FountainBowl
f 467/281 468/282 472/283 471/284 # FountainBowl
f 468/285 465/286 469/287 472/288 # FountainBowl
f 473/289 474/290 475/291 476/292 # FountainTop
f 477/293 478/294 479/295 480/296 # FountainTop
f 473/297 474/298 478/299 477/300 # FountainTop
f 474/301 475/302 479/303 478/304 # FountainTop
f 475/305 476/306 480/307 479/308 # FountainTop
f 476/309 473/310 477/311 480/312 # FountainTop
f 953/313 954/314 955/315 956/316 # CotA_Step
f 957/317 958/318 959/319 960/320 # CotA_Step
f 953/321 954/322 958/323 957/324 # CotA_Step
f 954/325 955/326 959/327 958/328 # CotA_Step
f 955/329 956/330 960/331 959/332 # CotA_Step
f 956/333 953/334 957/335 960/336 # CotA_Step
f 1081/337 1082/338 1083/339 1084/340 # ShopA_Step
f 1085/341 1086/342 1087/343 1088/344 # ShopA_Step
f 1081/345 1082/346 1086/347 1085/348 # ShopA_Step
f 1082/349 1083/350 1087/351 1086/352 # ShopA_Step
f 1083/353 1084/354 1088/355 1087/356 # ShopA_Step
f 1084/357 1081/358 1085/359 1088/360 # ShopA_Step
f 1241/361 1242/362 1243/363 1244/364 # CotB_Step
f 1245/365 1246/366 1247/367 1248/368 # CotB_Step
f 1241/369 1242/370 1246/371 1245/372 # CotB_Step
f 1242/373 1243/374 1247/375 1246/376 # CotB_Step
f 1243/377 1244/378 1248/379 1247/380 # CotB_Step
f 1244/381 1241/382 1245/383 1248/384 # CotB_Step
f 1369/385 1370/386 1371/387 1372/388 # HouseC_Step
f 1373/389 1374/390 1375/391 1376/392 # HouseC_Step
f 1369/393 1370/394 1374/395 1373/396 # HouseC_Step
f 1370/397 1371/398 1375/399 1374/400 # HouseC_Step
f 1371/401 1372/402 1376/403 1375/404 # HouseC_Step
f 1372/405 1369/406 1373/407 1376/408 # HouseC_Step
f 1497/409 1498/410 1499/411 1500/412 # FarmH_Step
f 1501/413 1502/414 1503/415 1504/416 # FarmH_Step
f 1497/417 1498/418 1502/419 1501/420 # FarmH_Step
f 1498/421 1499/422 1503/423 1502/424 # FarmH_Step
f 1499/425 1500/426 1504/427 1503/428 # FarmH_Step
f 1500/429 1497/430 1501/431 1504/432 # FarmH_Step
f 1625/433 1626/434 1627/435 1628/436 # HouseD_Step
f 1629/437 1630/438 1631/439 1632/440 # HouseD_Step
f 1625/441 1626/442 1630/443 1629/444 # HouseD_Step
f 1626/445 1627/446 1631/447 1630/448 # HouseD_Step
f 1627/449 1628/450 1632/451 1631/452 # HouseD_Step
f 1628/453 1625/454 1629/455 1632/456 # HouseD_Step
f 1753/457 1754/458 1755/459 1756/460 # CotE_Step
f 1757/461 1758/462 1759/463 1760/464 # CotE_Step
f 1753/465 1754/466 1758/467 1757/468 # CotE_Step
f 1754/469 1755/470 1759/471 1758/472 # CotE_Step
f 1755/473 1756/474 1760/475 1759/476 # CotE_Step
f 1756/477 1753/478 1757/479 1760/480 # CotE_Step
f 1881/481 1882/482 1883/483 1884/484 # ShopB_Step
f 1885/485 1886/486 1887/487 1888/488 # ShopB_Step
f 1881/489 1882/490 1886/491 1885/492 # ShopB_Step
f 1882/493 1883/494 1887/495 1886/496 # ShopB_Step
f 1883/497 1884/498 1888/499 1887/500 # ShopB_Step
f 1884/501 1881/502 1885/503 1888/504 # ShopB_Step
o StoneTrim
usemtl StoneTrim
f 17/505 18/506 19/507 20/508 # PlazaTrim
f 21/509 22/510 23/511 24/512 # PlazaTrim
f 17/513 18/514 22/515 21/516 # PlazaTrim
f 18/517 19/518 23/519 22/520 # PlazaTrim
f 19/521 20/522 24/523 23/524 # PlazaTrim
f 20/525 17/526 21/527 24/528 # PlazaTrim
o LeafDark
usemtl LeafDark
f 57/529 58/530 59/531 60/532 # Meadow0
f 61/533 62/534 63/535 64/536 # Meadow0
f 57/537 58/538 62/539 61/540 # Meadow0
f 58/541 59/542 63/543 62/544 # Meadow0
f 59/545 60/546 64/547 63/548 # Meadow0
f 60/549 57/550 61/551 64/552 # Meadow0
f 65/553 66/554 67/555 68/556 # Meadow1
f 69/557 70/558 71/559 72/560 # Meadow1
f 65/561 66/562 70/563 69/564 # Meadow1
f 66/565 67/566 71/567 70/568 # Meadow1
f 67/569 68/570 72/571 71/572 # Meadow1
f 68/573 65/574 69/575 72/576 # Meadow1
f 73/577 74/578 75/579 76/580 # Meadow2
f 77/581 78/582 79/583 80/584 # Meadow2
f 73/585 74/586 78/587 77/588 # Meadow2
f 74/589 75/590 79/591 78/592 # Meadow2
f 75/593 76/594 80/595 79/596 # Meadow2
f 76/597 73/598 77/599 80/600 # Meadow2
f 81/601 82/602 83/603 84/604 # Meadow3
f 85/605 86/606 87/607 88/608 # Meadow3
f 81/609 82/610 86/611 85/612 # Meadow3
f 82/613 83/614 87/615 86/616 # Meadow3
f 83/617 84/618 88/619 87/620 # Meadow3
f 84/621 81/622 85/623 88/624 # Meadow3
f 89/625 90/626 91/627 92/628 # Meadow4
f 93/629 94/630 95/631 96/632 # Meadow4
f 89/633 90/634 94/635 93/636 # Meadow4
f 90/637 91/638 95/639 94/640 # Meadow4
f 91/641 92/642 96/643 95/644 # Meadow4
f 92/645 89/646 93/647 96/648 # Meadow4
f 2217/649 2218/650 2219/651 2220/652 # Crop0_0_0
f 2221/653 2222/654 2223/655 2224/656 # Crop0_0_0
f 2217/657 2218/658 2222/659 2221/660 # Crop0_0_0
f 2218/661 2219/662 2223/663 2222/664 # Crop0_0_0
f 2219/665 2220/666 2224/667 2223/668 # Crop0_0_0
f 2220/669 2217/670 2221/671 2224/672 # Crop0_0_0
f 2225/673 2226/674 2227/675 2228/676 # Crop0_0_1
f 2229/677 2230/678 2231/679 2232/680 # Crop0_0_1
f 2225/681 2226/682 2230/683 2229/684 # Crop0_0_1
f 2226/685 2227/686 2231/687 2230/688 # Crop0_0_1
f 2227/689 2228/690 2232/691 2231/692 # Crop0_0_1
f 2228/693 2225/694 2229/695 2232/696 # Crop0_0_1
f 2233/697 2234/698 2235/699 2236/700 # Crop0_0_2
f 2237/701 2238/702 2239/703 2240/704 # Crop0_0_2
f 2233/705 2234/706 2238/707 2237/708 # Crop0_0_2
f 2234/709 2235/710 2239/711 2238/712 # Crop0_0_2
f 2235/713 2236/714 2240/715 2239/716 # Crop0_0_2
f 2236/717 2233/718 2237/719 2240/720 # Crop0_0_2
f 2241/721 2242/722 2243/723 2244/724 # Crop0_0_3
f 2245/725 2246/726 2247/727 2248/728 # Crop0_0_3
f 2241/729 2242/730 2246/731 2245/732 # Crop0_0_3
f 2242/733 2243/734 2247/735 2246/736 # Crop0_0_3
f 2243/737 2244/738 2248/739 2247/740 # Crop0_0_3
f 2244/741 2241/742 2245/743 2248/744 # Crop0_0_3
f 2249/745 2250/746 2251/747 2252/748 # Crop0_0_4
f 2253/749 2254/750 2255/751 2256/752 # Crop0_0_4
f 2249/753 2250/754 2254/755 2253/756 # Crop0_0_4
f 2250/757 2251/758 2255/759 2254/760 # Crop0_0_4
f 2251/761 2252/762 2256/763 2255/764 # Crop0_0_4
f 2252/765 2249/766 2253/767 2256/768 # Crop0_0_4
f 2257/769 2258/770 2259/771 2260/772 # Crop0_1_0
f 2261/773 2262/774 2263/775 2264/776 # Crop0_1_0
f 2257/777 2258/778 2262/779 2261/780 # Crop0_1_0
f 2258/781 2259/782 2263/783 2262/784 # Crop0_1_0
f 2259/785 2260/786 2264/787 2263/788 # Crop0_1_0
f 2260/789 2257/790 2261/791 2264/792 # Crop0_1_0
f 2265/793 2266/794 2267/795 2268/796 # Crop0_1_1
f 2269/797 2270/798 2271/799 2272/800 # Crop0_1_1
f 2265/801 2266/802 2270/803 2269/804 # Crop0_1_1
f 2266/805 2267/806 2271/807 2270/808 # Crop0_1_1
f 2267/809 2268/810 2272/811 2271/812 # Crop0_1_1
f 2268/813 2265/814 2269/815 2272/816 # Crop0_1_1
f 2273/817 2274/818 2275/819 2276/820 # Crop0_1_2
f 2277/821 2278/822 2279/823 2280/824 # Crop0_1_2
f 2273/825 2274/826 2278/827 2277/828 # Crop0_1_2
f 2274/829 2275/830 2279/831 2278/832 # Crop0_1_2
f 2275/833 2276/834 2280/835 2279/836 # Crop0_1_2
f 2276/837 2273/838 2277/839 2280/840 # Crop0_1_2
f 2281/841 2282/842 2283/843 2284/844 # Crop0_1_3
f 2285/845 2286/846 2287/847 2288/848 # Crop0_1_3
f 2281/849 2282/850 2286/851 2285/852 # Crop0_1_3
f 2282/853 2283/854 2287/855 2286/856 # Crop0_1_3
f 2283/857 2284/858 2288/859 2287/860 # Crop0_1_3
f 2284/861 2281/862 2285/863 2288/864 # Crop0_1_3
f 2289/865 2290/866 2291/867 2292/868 # Crop0_1_4
f 2293/869 2294/870 2295/871 2296/872 # Crop0_1_4
f 2289/873 2290/874 2294/875 2293/876 # Crop0_1_4
f 2290/877 2291/878 2295/879 2294/880 # Crop0_1_4
f 2291/881 2292/882 2296/883 2295/884 # Crop0_1_4
f 2292/885 2289/886 2293/887 2296/888 # Crop0_1_4
f 2297/889 2298/890 2299/891 2300/892 # Crop0_2_0
f 2301/893 2302/894 2303/895 2304/896 # Crop0_2_0
f 2297/897 2298/898 2302/899 2301/900 # Crop0_2_0
f 2298/901 2299/902 2303/903 2302/904 # Crop0_2_0
f 2299/905 2300/906 2304/907 2303/908 # Crop0_2_0
f 2300/909 2297/910 2301/911 2304/912 # Crop0_2_0
f 2305/913 2306/914 2307/915 2308/916 # Crop0_2_1
f 2309/917 2310/918 2311/919 2312/920 # Crop0_2_1
f 2305/921 2306/922 2310/923 2309/924 # Crop0_2_1
f 2306/925 2307/926 2311/927 2310/928 # Crop0_2_1
f 2307/929 2308/930 2312/931 2311/932 # Crop0_2_1
f 2308/933 2305/934 2309/935 2312/936 # Crop0_2_1
f 2313/937 2314/938 2315/939 2316/940 # Crop0_2_2
f 2317/941 2318/942 2319/943 2320/944 # Crop0_2_2
f 2313/945 2314/946 2318/947 2317/948 # Crop0_2_2
f 2314/949 2315/950 2319/951 2318/952 # Crop0_2_2
f 2315/953 2316/954 2320/955 2319/956 # Crop0_2_2
f 2316/957 2313/958 2317/959 2320/960 # Crop0_2_2
f 2321/961 2322/962 2323/963 2324/964 # Crop0_2_3
f 2325/965 2326/966 2327/967 2328/968 # Crop0_2_3
f 2321/969 2322/970 2326/971 2325/972 # Crop0_2_3
f 2322/973 2323/974 2327/975 2326/976 # Crop0_2_3
f 2323/977 2324/978 2328/979 2327/980 # Crop0_2_3
f 2324/981 2321/982 2325/983 2328/984 # Crop0_2_3
f 2329/985 2330/986 2331/987 2332/988 # Crop0_2_4
f 2333/989 2334/990 2335/991 2336/992 # Crop0_2_4
f 2329/993 2330/994 2334/995 2333/996 # Crop0_2_4
f 2330/997 2331/998 2335/999 2334/1000 # Crop0_2_4
f 2331/1001 2332/1002 2336/1003 2335/1004 # Crop0_2_4
f 2332/1005 2329/1006 2333/1007 2336/1008 # Crop0_2_4
f 2361/1009 2362/1010 2363/1011 2364/1012 # Crop1_0_0
f 2365/1013 2366/1014 2367/1015 2368/1016 # Crop1_0_0
f 2361/1017 2362/1018 2366/1019 2365/1020 # Crop1_0_0
f 2362/1021 2363/1022 2367/1023 2366/1024 # Crop1_0_0
f 2363/1025 2364/1026 2368/1027 2367/1028 # Crop1_0_0
f 2364/1029 2361/1030 2365/1031 2368/1032 # Crop1_0_0
f 2369/1033 2370/1034 2371/1035 2372/1036 # Crop1_0_1
f 2373/1037 2374/1038 2375/1039 2376/1040 # Crop1_0_1
f 2369/1041 2370/1042 2374/1043 2373/1044 # Crop1_0_1
f 2370/1045 2371/1046 2375/1047 2374/1048 # Crop1_0_1
f 2371/1049 2372/1050 2376/1051 2375/1052 # Crop1_0_1
f 2372/1053 2369/1054 2373/1055 2376/1056 # Crop1_0_1
f 2377/1057 2378/1058 2379/1059 2380/1060 # Crop1_0_2
f 2381/1061 2382/1062 2383/1063 2384/1064 # Crop1_0_2
f 2377/1065 2378/1066 2382/1067 2381/1068 # Crop1_0_2
f 2378/1069 2379/1070 2383/1071 2382/1072 # Crop1_0_2
f 2379/1073 2380/1074 2384/1075 2383/1076 # Crop1_0_2
f 2380/1077 2377/1078 2381/1079 2384/1080 # Crop1_0_2
f 2385/1081 2386/1082 2387/1083 2388/1084 # Crop1_0_3
f 2389/1085 2390/1086 2391/1087 2392/1088 # Crop1_0_3
f 2385/1089 2386/1090 2390/1091 2389/1092 # Crop1_0_3
f 2386/1093 2387/1094 2391/1095 2390/1096 # Crop1_0_3
f 2387/1097 2388/1098 2392/1099 2391/1100 # Crop1_0_3
f 2388/1101 2385/1102 2389/1103 2392/1104 # Crop1_0_3
f 2393/1105 2394/1106 2395/1107 2396/1108 # Crop1_0_4
f 2397/1109 2398/1110 2399/1111 2400/1112 # Crop1_0_4
f 2393/1113 2394/1114 2398/1115 2397/1116 # Crop1_0_4
f 2394/1117 2395/1118 2399/1119 2398/1120 # Crop1_0_4
f 2395/1121 2396/1122 2400/1123 2399/1124 # Crop1_0_4
f 2396/1125 2393/1126 2397/1127 2400/1128 # Crop1_0_4
f 2401/1129 2402/1130 2403/1131 2404/1132 # Crop1_1_0
f 2405/1133 2406/1134 2407/1135 2408/1136 # Crop1_1_0
f 2401/1137 2402/1138 2406/1139 2405/1140 # Crop1_1_0
f 2402/1141 2403/1142 2407/1143 2406/1144 # Crop1_1_0
f 2403/1145 2404/1146 2408/1147 2407/1148 # Crop1_1_0
f 2404/1149 2401/1150 2405/1151 2408/1152 # Crop1_1_0
f 2409/1153 2410/1154 2411/1155 2412/1156 # Crop1_1_1
f 2413/1157 2414/1158 2415/1159 2416/1160 # Crop1_1_1
f 2409/1161 2410/1162 2414/1163 2413/1164 # Crop1_1_1
f 2410/1165 2411/1166 2415/1167 2414/1168 # Crop1_1_1
f 2411/1169 2412/1170 2416/1171 2415/1172 # Crop1_1_1
f 2412/1173 2409/1174 2413/1175 2416/1176 # Crop1_1_1
f 2417/1177 2418/1178 2419/1179 2420/1180 # Crop1_1_2
f 2421/1181 2422/1182 2423/1183 2424/1184 # Crop1_1_2
f 2417/1185 2418/1186 2422/1187 2421/1188 # Crop1_1_2
f 2418/1189 2419/1190 2423/1191 2422/1192 # Crop1_1_2
f 2419/1193 2420/1194 2424/1195 2423/1196 # Crop1_1_2
f 2420/1197 2417/1198 2421/1199 2424/1200 # Crop1_1_2
f 2425/1201 2426/1202 2427/1203 2428/1204 # Crop1_1_3
f 2429/1205 2430/1206 2431/1207 2432/1208 # Crop1_1_3
f 2425/1209 2426/1210 2430/1211 2429/1212 # Crop1_1_3
f 2426/1213 2427/1214 2431/1215 2430/1216 # Crop1_1_3
f 2427/1217 2428/1218 2432/1219 2431/1220 # Crop1_1_3
f 2428/1221 2425/1222 2429/1223 2432/1224 # Crop1_1_3
f 2433/1225 2434/1226 2435/1227 2436/1228 # Crop1_1_4
f 2437/1229 2438/1230 2439/1231 2440/1232 # Crop1_1_4
f 2433/1233 2434/1234 2438/1235 2437/1236 # Crop1_1_4
f 2434/1237 2435/1238 2439/1239 2438/1240 # Crop1_1_4
f 2435/1241 2436/1242 2440/1243 2439/1244 # Crop1_1_4
f 2436/1245 2433/1246 2437/1247 2440/1248 # Crop1_1_4
f 2441/1249 2442/1250 2443/1251 2444/1252 # Crop1_2_0
f 2445/1253 2446/1254 2447/1255 2448/1256 # Crop1_2_0
f 2441/1257 2442/1258 2446/1259 2445/1260 # Crop1_2_0
f 2442/1261 2443/1262 2447/1263 2446/1264 # Crop1_2_0
f 2443/1265 2444/1266 2448/1267 2447/1268 # Crop1_2_0
f 2444/1269 2441/1270 2445/1271 2448/1272 # Crop1_2_0
f 2449/1273 2450/1274 2451/1275 2452/1276 # Crop1_2_1
f 2453/1277 2454/1278 2455/1279 2456/1280 # Crop1_2_1
f 2449/1281 2450/1282 2454/1283 2453/1284 # Crop1_2_1
f 2450/1285 2451/1286 2455/1287 2454/1288 # Crop1_2_1
f 2451/1289 2452/1290 2456/1291 2455/1292 # Crop1_2_1
f 2452/1293 2449/1294 2453/1295 2456/1296 # Crop1_2_1
f 2457/1297 2458/1298 2459/1299 2460/1300 # Crop1_2_2
f 2461/1301 2462/1302 2463/1303 2464/1304 # Crop1_2_2
f 2457/1305 2458/1306 2462/1307 2461/1308 # Crop1_2_2
f 2458/1309 2459/1310 2463/1311 2462/1312 # Crop1_2_2
f 2459/1313 2460/1314 2464/1315 2463/1316 # Crop1_2_2
f 2460/1317 2457/1318 2461/1319 2464/1320 # Crop1_2_2
f 2465/1321 2466/1322 2467/1323 2468/1324 # Crop1_2_3
f 2469/1325 2470/1326 2471/1327 2472/1328 # Crop1_2_3
f 2465/1329 2466/1330 2470/1331 2469/1332 # Crop1_2_3
f 2466/1333 2467/1334 2471/1335 2470/1336 # Crop1_2_3
f 2467/1337 2468/1338 2472/1339 2471/1340 # Crop1_2_3
f 2468/1341 2465/1342 2469/1343 2472/1344 # Crop1_2_3
f 2473/1345 2474/1346 2475/1347 2476/1348 # Crop1_2_4
f 2477/1349 2478/1350 2479/1351 2480/1352 # Crop1_2_4
f 2473/1353 2474/1354 2478/1355 2477/1356 # Crop1_2_4
f 2474/1357 2475/1358 2479/1359 2478/1360 # Crop1_2_4
f 2475/1361 2476/1362 2480/1363 2479/1364 # Crop1_2_4
f 2476/1365 2473/1366 2477/1367 2480/1368 # Crop1_2_4
f 3633/1369 3634/1370 3635/1371 3636/1372 # Pine1_p16
f 3637/1373 3638/1374 3639/1375 3640/1376 # Pine1_p16
f 3633/1377 3634/1378 3638/1379 3637/1380 # Pine1_p16
f 3634/1381 3635/1382 3639/1383 3638/1384 # Pine1_p16
f 3635/1385 3636/1386 3640/1387 3639/1388 # Pine1_p16
f 3636/1389 3633/1390 3637/1391 3640/1392 # Pine1_p16
f 3641/1393 3642/1394 3643/1395 3644/1396 # Pine2_p16
f 3645/1397 3646/1398 3647/1399 3648/1400 # Pine2_p16
f 3641/1401 3642/1402 3646/1403 3645/1404 # Pine2_p16
f 3642/1405 3643/1406 3647/1407 3646/1408 # Pine2_p16
f 3643/1409 3644/1410 3648/1411 3647/1412 # Pine2_p16
f 3644/1413 3641/1414 3645/1415 3648/1416 # Pine2_p16
f 3649/1417 3650/1418 3651/1419 3652/1420 # Pine3_p16
f 3653/1421 3654/1422 3655/1423 3656/1424 # Pine3_p16
f 3649/1425 3650/1426 3654/1427 3653/1428 # Pine3_p16
f 3650/1429 3651/1430 3655/1431 3654/1432 # Pine3_p16
f 3651/1433 3652/1434 3656/1435 3655/1436 # Pine3_p16
f 3652/1437 3649/1438 3653/1439 3656/1440 # Pine3_p16
f 3665/1441 3666/1442 3667/1443 3668/1444 # Pine1_p17
f 3669/1445 3670/1446 3671/1447 3672/1448 # Pine1_p17
f 3665/1449 3666/1450 3670/1451 3669/1452 # Pine1_p17
f 3666/1453 3667/1454 3671/1455 3670/1456 # Pine1_p17
f 3667/1457 3668/1458 3672/1459 3671/1460 # Pine1_p17
f 3668/1461 3665/1462 3669/1463 3672/1464 # Pine1_p17
f 3673/1465 3674/1466 3675/1467 3676/1468 # Pine2_p17
f 3677/1469 3678/1470 3679/1471 3680/1472 # Pine2_p17
f 3673/1473 3674/1474 3678/1475 3677/1476 # Pine2_p17
f 3674/1477 3675/1478 3679/1479 3678/1480 # Pine2_p17
f 3675/1481 3676/1482 3680/1483 3679/1484 # Pine2_p17
f 3676/1485 3673/1486 3677/1487 3680/1488 # Pine2_p17
f 3681/1489 3682/1490 3683/1491 3684/1492 # Pine3_p17
f 3685/1493 3686/1494 3687/1495 3688/1496 # Pine3_p17
f 3681/1497 3682/1498 3686/1499 3685/1500 # Pine3_p17
f 3682/1501 3683/1502 3687/1503 3686/1504 # Pine3_p17
f 3683/1505 3684/1506 3688/1507 3687/1508 # Pine3_p17
f 3684/1509 3681/1510 3685/1511 3688/1512 # Pine3_p17
f 3697/1513 3698/1514 3699/1515 3700/1516 # Pine1_p18
f 3701/1517 3702/1518 3703/1519 3704/1520 # Pine1_p18
f 3697/1521 3698/1522 3702/1523 3701/1524 # Pine1_p18
f 3698/1525 3699/1526 3703/1527 3702/1528 # Pine1_p18
f 3699/1529 3700/1530 3704/1531 3703/1532 # Pine1_p18
f 3700/1533 3697/1534 3701/1535 3704/1536 # Pine1_p18
f 3705/1537 3706/1538 3707/1539 3708/1540 # Pine2_p18
f 3709/1541 3710/1542 3711/1543 3712/1544 # Pine2_p18
f 3705/1545 3706/1546 3710/1547 3709/1548 # Pine2_p18
f 3706/1549 3707/1550 3711/1551 3710/1552 # Pine2_p18
f 3707/1553 3708/1554 3712/1555 3711/1556 # Pine2_p18
f 3708/1557 3705/1558 3709/1559 3712/1560 # Pine2_p18
f 3713/1561 3714/1562 3715/1563 3716/1564 # Pine3_p18
f 3717/1565 3718/1566 3719/1567 3720/1568 # Pine3_p18
f 3713/1569 3714/1570 3718/1571 3717/1572 # Pine3_p18
f 3714/1573 3715/1574 3719/1575 3718/1576 # Pine3_p18
f 3715/1577 3716/1578 3720/1579 3719/1580 # Pine3_p18
f 3716/1581 3713/1582 3717/1583 3720/1584 # Pine3_p18
f 3729/1585 3730/1586 3731/1587 3732/1588 # Pine1_p19
f 3733/1589 3734/1590 3735/1591 3736/1592 # Pine1_p19
f 3729/1593 3730/1594 3734/1595 3733/1596 # Pine1_p19
f 3730/1597 3731/1598 3735/1599 3734/1600 # Pine1_p19
f 3731/1601 3732/1602 3736/1603 3735/1604 # Pine1_p19
f 3732/1605 3729/1606 3733/1607 3736/1608 # Pine1_p19
f 3737/1609 3738/1610 3739/1611 3740/1612 # Pine2_p19
f 3741/1613 3742/1614 3743/1615 3744/1616 # Pine2_p19
f 3737/1617 3738/1618 3742/1619 3741/1620 # Pine2_p19
f 3738/1621 3739/1622 3743/1623 3742/1624 # Pine2_p19
f 3739/1625 3740/1626 3744/1627 3743/1628 # Pine2_p19
f 3740/1629 3737/1630 3741/1631 3744/1632 # Pine2_p19
f 3745/1633 3746/1634 3747/1635 3748/1636 # Pine3_p19
f 3749/1637 3750/1638 3751/1639 3752/1640 # Pine3_p19
f 3745/1641 3746/1642 3750/1643 3749/1644 # Pine3_p19
f 3746/1645 3747/1646 3751/1647 3750/1648 # Pine3_p19
f 3747/1649 3748/1650 3752/1651 3751/1652 # Pine3_p19
f 3748/1653 3745/1654 3749/1655 3752/1656 # Pine3_p19
f 3761/1657 3762/1658 3763/1659 3764/1660 # Pine1_p20
f 3765/1661 3766/1662 3767/1663 3768/1664 # Pine1_p20
f 3761/1665 3762/1666 3766/1667 3765/1668 # Pine1_p20
f 3762/1669 3763/1670 3767/1671 3766/1672 # Pine1_p20
f 3763/1673 3764/1674 3768/1675 3767/1676 # Pine1_p20
f 3764/1677 3761/1678 3765/1679 3768/1680 # Pine1_p20
f 3769/1681 3770/1682 3771/1683 3772/1684 # Pine2_p20
f 3773/1685 3774/1686 3775/1687 3776/1688 # Pine2_p20
f 3769/1689 3770/1690 3774/1691 3773/1692 # Pine2_p20
f 3770/1693 3771/1694 3775/1695 3774/1696 # Pine2_p20
f 3771/1697 3772/1698 3776/1699 3775/1700 # Pine2_p20
f 3772/1701 3769/1702 3773/1703 3776/1704 # Pine2_p20
f 3777/1705 3778/1706 3779/1707 3780/1708 # Pine3_p20
f 3781/1709 3782/1710 3783/1711 3784/1712 # Pine3_p20
f 3777/1713 3778/1714 3782/1715 3781/1716 # Pine3_p20
f 3778/1717 3779/1718 3783/1719 3782/1720 # Pine3_p20
f 3779/1721 3780/1722 3784/1723 3783/1724 # Pine3_p20
f 3780/1725 3777/1726 3781/1727 3784/1728 # Pine3_p20
f 3793/1729 3794/1730 3795/1731 3796/1732 # Pine1_p21
f 3797/1733 3798/1734 3799/1735 3800/1736 # Pine1_p21
f 3793/1737 3794/1738 3798/1739 3797/1740 # Pine1_p21
f 3794/1741 3795/1742 3799/1743 3798/1744 # Pine1_p21
f 3795/1745 3796/1746 3800/1747 3799/1748 # Pine1_p21
f 3796/1749 3793/1750 3797/1751 3800/1752 # Pine1_p21
f 3801/1753 3802/1754 3803/1755 3804/1756 # Pine2_p21
f 3805/1757 3806/1758 3807/1759 3808/1760 # Pine2_p21
f 3801/1761 3802/1762 3806/1763 3805/1764 # Pine2_p21
f 3802/1765 3803/1766 3807/1767 3806/1768 # Pine2_p21
f 3803/1769 3804/1770 3808/1771 3807/1772 # Pine2_p21
f 3804/1773 3801/1774 3805/1775 3808/1776 # Pine2_p21
f 3809/1777 3810/1778 3811/1779 3812/1780 # Pine3_p21
f 3813/1781 3814/1782 3815/1783 3816/1784 # Pine3_p21
f 3809/1785 3810/1786 3814/1787 3813/1788 # Pine3_p21
f 3810/1789 3811/1790 3815/1791 3814/1792 # Pine3_p21
f 3811/1793 3812/1794 3816/1795 3815/1796 # Pine3_p21
f 3812/1797 3809/1798 3813/1799 3816/1800 # Pine3_p21
f 3825/1801 3826/1802 3827/1803 3828/1804 # Pine1_p22
f 3829/1805 3830/1806 3831/1807 3832/1808 # Pine1_p22
f 3825/1809 3826/1810 3830/1811 3829/1812 # Pine1_p22
f 3826/1813 3827/1814 3831/1815 3830/1816 # Pine1_p22
f 3827/1817 3828/1818 3832/1819 3831/1820 # Pine1_p22
f 3828/1821 3825/1822 3829/1823 3832/1824 # Pine1_p22
f 3833/1825 3834/1826 3835/1827 3836/1828 # Pine2_p22
f 3837/1829 3838/1830 3839/1831 3840/1832 # Pine2_p22
f 3833/1833 3834/1834 3838/1835 3837/1836 # Pine2_p22
f 3834/1837 3835/1838 3839/1839 3838/1840 # Pine2_p22
f 3835/1841 3836/1842 3840/1843 3839/1844 # Pine2_p22
f 3836/1845 3833/1846 3837/1847 3840/1848 # Pine2_p22
f 3841/1849 3842/1850 3843/1851 3844/1852 # Pine3_p22
f 3845/1853 3846/1854 3847/1855 3848/1856 # Pine3_p22
f 3841/1857 3842/1858 3846/1859 3845/1860 # Pine3_p22
f 3842/1861 3843/1862 3847/1863 3846/1864 # Pine3_p22
f 3843/1865 3844/1866 3848/1867 3847/1868 # Pine3_p22
f 3844/1869 3841/1870 3845/1871 3848/1872 # Pine3_p22
f 3857/1873 3858/1874 3859/1875 3860/1876 # Pine1_p23
f 3861/1877 3862/1878 3863/1879 3864/1880 # Pine1_p23
f 3857/1881 3858/1882 3862/1883 3861/1884 # Pine1_p23
f 3858/1885 3859/1886 3863/1887 3862/1888 # Pine1_p23
f 3859/1889 3860/1890 3864/1891 3863/1892 # Pine1_p23
f 3860/1893 3857/1894 3861/1895 3864/1896 # Pine1_p23
f 3865/1897 3866/1898 3867/1899 3868/1900 # Pine2_p23
f 3869/1901 3870/1902 3871/1903 3872/1904 # Pine2_p23
f 3865/1905 3866/1906 3870/1907 3869/1908 # Pine2_p23
f 3866/1909 3867/1910 3871/1911 3870/1912 # Pine2_p23
f 3867/1913 3868/1914 3872/1915 3871/1916 # Pine2_p23
f 3868/1917 3865/1918 3869/1919 3872/1920 # Pine2_p23
f 3873/1921 3874/1922 3875/1923 3876/1924 # Pine3_p23
f 3877/1925 3878/1926 3879/1927 3880/1928 # Pine3_p23
f 3873/1929 3874/1930 3878/1931 3877/1932 # Pine3_p23
f 3874/1933 3875/1934 3879/1935 3878/1936 # Pine3_p23
f 3875/1937 3876/1938 3880/1939 3879/1940 # Pine3_p23
f 3876/1941 3873/1942 3877/1943 3880/1944 # Pine3_p23
f 3889/1945 3890/1946 3891/1947 3892/1948 # Pine1_p24
f 3893/1949 3894/1950 3895/1951 3896/1952 # Pine1_p24
f 3889/1953 3890/1954 3894/1955 3893/1956 # Pine1_p24
f 3890/1957 3891/1958 3895/1959 3894/1960 # Pine1_p24
f 3891/1961 3892/1962 3896/1963 3895/1964 # Pine1_p24
f 3892/1965 3889/1966 3893/1967 3896/1968 # Pine1_p24
f 3897/1969 3898/1970 3899/1971 3900/1972 # Pine2_p24
f 3901/1973 3902/1974 3903/1975 3904/1976 # Pine2_p24
f 3897/1977 3898/1978 3902/1979 3901/1980 # Pine2_p24
f 3898/1981 3899/1982 3903/1983 3902/1984 # Pine2_p24
f 3899/1985 3900/1986 3904/1987 3903/1988 # Pine2_p24
f 3900/1989 3897/1990 3901/1991 3904/1992 # Pine2_p24
f 3905/1993 3906/1994 3907/1995 3908/1996 # Pine3_p24
f 3909/1997 3910/1998 3911/1999 3912/2000 # Pine3_p24
f 3905/2001 3906/2002 3910/2003 3909/2004 # Pine3_p24
f 3906/2005 3907/2006 3911/2007 3910/2008 # Pine3_p24
f 3907/2009 3908/2010 3912/2011 3911/2012 # Pine3_p24
f 3908/2013 3905/2014 3909/2015 3912/2016 # Pine3_p24
f 3921/2017 3922/2018 3923/2019 3924/2020 # Pine1_p25
f 3925/2021 3926/2022 3927/2023 3928/2024 # Pine1_p25
f 3921/2025 3922/2026 3926/2027 3925/2028 # Pine1_p25
f 3922/2029 3923/2030 3927/2031 3926/2032 # Pine1_p25
f 3923/2033 3924/2034 3928/2035 3927/2036 # Pine1_p25
f 3924/2037 3921/2038 3925/2039 3928/2040 # Pine1_p25
f 3929/2041 3930/2042 3931/2043 3932/2044 # Pine2_p25
f 3933/2045 3934/2046 3935/2047 3936/2048 # Pine2_p25
f 3929/2049 3930/2050 3934/2051 3933/2052 # Pine2_p25
f 3930/2053 3931/2054 3935/2055 3934/2056 # Pine2_p25
f 3931/2057 3932/2058 3936/2059 3935/2060 # Pine2_p25
f 3932/2061 3929/2062 3933/2063 3936/2064 # Pine2_p25
f 3937/2065 3938/2066 3939/2067 3940/2068 # Pine3_p25
f 3941/2069 3942/2070 3943/2071 3944/2072 # Pine3_p25
f 3937/2073 3938/2074 3942/2075 3941/2076 # Pine3_p25
f 3938/2077 3939/2078 3943/2079 3942/2080 # Pine3_p25
f 3939/2081 3940/2082 3944/2083 3943/2084 # Pine3_p25
f 3940/2085 3937/2086 3941/2087 3944/2088 # Pine3_p25
f 3953/2089 3954/2090 3955/2091 3956/2092 # Pine1_p26
f 3957/2093 3958/2094 3959/2095 3960/2096 # Pine1_p26
f 3953/2097 3954/2098 3958/2099 3957/2100 # Pine1_p26
f 3954/2101 3955/2102 3959/2103 3958/2104 # Pine1_p26
f 3955/2105 3956/2106 3960/2107 3959/2108 # Pine1_p26
f 3956/2109 3953/2110 3957/2111 3960/2112 # Pine1_p26
f 3961/2113 3962/2114 3963/2115 3964/2116 # Pine2_p26
f 3965/2117 3966/2118 3967/2119 3968/2120 # Pine2_p26
f 3961/2121 3962/2122 3966/2123 3965/2124 # Pine2_p26
f 3962/2125 3963/2126 3967/2127 3966/2128 # Pine2_p26
f 3963/2129 3964/2130 3968/2131 3967/2132 # Pine2_p26
f 3964/2133 3961/2134 3965/2135 3968/2136 # Pine2_p26
f 3969/2137 3970/2138 3971/2139 3972/2140 # Pine3_p26
f 3973/2141 3974/2142 3975/2143 3976/2144 # Pine3_p26
f 3969/2145 3970/2146 3974/2147 3973/2148 # Pine3_p26
f 3970/2149 3971/2150 3975/2151 3974/2152 # Pine3_p26
f 3971/2153 3972/2154 3976/2155 3975/2156 # Pine3_p26
f 3972/2157 3969/2158 3973/2159 3976/2160 # Pine3_p26
f 3985/2161 3986/2162 3987/2163 3988/2164 # Pine1_p27
f 3989/2165 3990/2166 3991/2167 3992/2168 # Pine1_p27
f 3985/2169 3986/2170 3990/2171 3989/2172 # Pine1_p27
f 3986/2173 3987/2174 3991/2175 3990/2176 # Pine1_p27
f 3987/2177 3988/2178 3992/2179 3991/2180 # Pine1_p27
f 3988/2181 3985/2182 3989/2183 3992/2184 # Pine1_p27
f 3993/2185 3994/2186 3995/2187 3996/2188 # Pine2_p27
f 3997/2189 3998/2190 3999/2191 4000/2192 # Pine2_p27
f 3993/2193 3994/2194 3998/2195 3997/2196 # Pine2_p27
f 3994/2197 3995/2198 3999/2199 3998/2200 # Pine2_p27
f 3995/2201 3996/2202 4000/2203 3999/2204 # Pine2_p27
f 3996/2205 3993/2206 3997/2207 4000/2208 # Pine2_p27
f 4001/2209 4002/2210 4003/2211 4004/2212 # Pine3_p27
f 4005/2213 4006/2214 4007/2215 4008/2216 # Pine3_p27
f 4001/2217 4002/2218 4006/2219 4005/2220 # Pine3_p27
f 4002/2221 4003/2222 4007/2223 4006/2224 # Pine3_p27
f 4003/2225 4004/2226 4008/2227 4007/2228 # Pine3_p27
f 4004/2229 4001/2230 4005/2231 4008/2232 # Pine3_p27
o RockSide
usemtl RockSide
f 97/2233 98/2234 99/2235 100/2236 # TH_Base
f 101/2237 102/2238 103/2239 104/2240 # TH_Base
f 97/2241 98/2242 102/2243 101/2244 # TH_Base
f 98/2245 99/2246 103/2247 102/2248 # TH_Base
f 99/2249 100/2250 104/2251 103/2252 # TH_Base
f 100/2253 97/2254 101/2255 104/2256 # TH_Base
f 929/2257 930/2258 931/2259 932/2260 # CotA_Plinth
f 933/2261 934/2262 935/2263 936/2264 # CotA_Plinth
f 929/2265 930/2266 934/2267 933/2268 # CotA_Plinth
f 930/2269 931/2270 935/2271 934/2272 # CotA_Plinth
f 931/2273 932/2274 936/2275 935/2276 # CotA_Plinth
f 932/2277 929/2278 933/2279 936/2280 # CotA_Plinth
f 1049/2281 1050/2282 1051/2283 1052/2284 # CotA_Chim
f 1053/2285 1054/2286 1055/2287 1056/2288 # CotA_Chim
f 1049/2289 1050/2290 1054/2291 1053/2292 # CotA_Chim
f 1050/2293 1051/2294 1055/2295 1054/2296 # CotA_Chim
f 1051/2297 1052/2298 1056/2299 1055/2300 # CotA_Chim
f 1052/2301 1049/2302 1053/2303 1056/2304 # CotA_Chim
f 1057/2305 1058/2306 1059/2307 1060/2308 # ShopA_Plinth
f 1061/2309 1062/2310 1063/2311 1064/2312 # ShopA_Plinth
f 1057/2313 1058/2314 1062/2315 1061/2316 # ShopA_Plinth
f 1058/2317 1059/2318 1063/2319 1062/2320 # ShopA_Plinth
f 1059/2321 1060/2322 1064/2323 1063/2324 # ShopA_Plinth
f 1060/2325 1057/2326 1061/2327 1064/2328 # ShopA_Plinth
f 1177/2329 1178/2330 1179/2331 1180/2332 # ShopA_Chim
f 1181/2333 1182/2334 1183/2335 1184/2336 # ShopA_Chim
f 1177/2337 1178/2338 1182/2339 1181/2340 # ShopA_Chim
f 1178/2341 1179/2342 1183/2343 1182/2344 # ShopA_Chim
f 1179/2345 1180/2346 1184/2347 1183/2348 # ShopA_Chim
f 1180/2349 1177/2350 1181/2351 1184/2352 # ShopA_Chim
f 1217/2353 1218/2354 1219/2355 1220/2356 # CotB_Plinth
f 1221/2357 1222/2358 1223/2359 1224/2360 # CotB_Plinth
f 1217/2361 1218/2362 1222/2363 1221/2364 # CotB_Plinth
f 1218/2365 1219/2366 1223/2367 1222/2368 # CotB_Plinth
f 1219/2369 1220/2370 1224/2371 1223/2372 # CotB_Plinth
f 1220/2373 1217/2374 1221/2375 1224/2376 # CotB_Plinth
f 1337/2377 1338/2378 1339/2379 1340/2380 # CotB_Chim
f 1341/2381 1342/2382 1343/2383 1344/2384 # CotB_Chim
f 1337/2385 1338/2386 1342/2387 1341/2388 # CotB_Chim
f 1338/2389 1339/2390 1343/2391 1342/2392 # CotB_Chim
f 1339/2393 1340/2394 1344/2395 1343/2396 # CotB_Chim
f 1340/2397 1337/2398 1341/2399 1344/2400 # CotB_Chim
f 1345/2401 1346/2402 1347/2403 1348/2404 # HouseC_Plinth
f 1349/2405 1350/2406 1351/2407 1352/2408 # HouseC_Plinth
f 1345/2409 1346/2410 1350/2411 1349/2412 # HouseC_Plinth
f 1346/2413 1347/2414 1351/2415 1350/2416 # HouseC_Plinth
f 1347/2417 1348/2418 1352/2419 1351/2420 # HouseC_Plinth
f 1348/2421 1345/2422 1349/2423 1352/2424 # HouseC_Plinth
f 1465/2425 1466/2426 1467/2427 1468/2428 # HouseC_Chim
f 1469/2429 1470/2430 1471/2431 1472/2432 # HouseC_Chim
f 1465/2433 1466/2434 1470/2435 1469/2436 # HouseC_Chim
f 1466/2437 1467/2438 1471/2439 1470/2440 # HouseC_Chim
f 1467/2441 1468/2442 1472/2443 1471/2444 # HouseC_Chim
f 1468/2445 1465/2446 1469/2447 1472/2448 # HouseC_Chim
f 1473/2449 1474/2450 1475/2451 1476/2452 # FarmH_Plinth
f 1477/2453 1478/2454 1479/2455 1480/2456 # FarmH_Plinth
f 1473/2457 1474/2458 1478/2459 1477/2460 # FarmH_Plinth
f 1474/2461 1475/2462 1479/2463 1478/2464 # FarmH_Plinth
f 1475/2465 1476/2466 1480/2467 1479/2468 # FarmH_Plinth
f 1476/2469 1473/2470 1477/2471 1480/2472 # FarmH_Plinth
f 1593/2473 1594/2474 1595/2475 1596/2476 # FarmH_Chim
f 1597/2477 1598/2478 1599/2479 1600/2480 # FarmH_Chim
f 1593/2481 1594/2482 1598/2483 1597/2484 # FarmH_Chim
f 1594/2485 1595/2486 1599/2487 1598/2488 # FarmH_Chim
f 1595/2489 1596/2490 1600/2491 1599/2492 # FarmH_Chim
f 1596/2493 1593/2494 1597/2495 1600/2496 # FarmH_Chim
f 1601/2497 1602/2498 1603/2499 1604/2500 # HouseD_Plinth
f 1605/2501 1606/2502 1607/2503 1608/2504 # HouseD_Plinth
f 1601/2505 1602/2506 1606/2507 1605/2508 # HouseD_Plinth
f 1602/2509 1603/2510 1607/2511 1606/2512 # HouseD_Plinth
f 1603/2513 1604/2514 1608/2515 1607/2516 # HouseD_Plinth
f 1604/2517 1601/2518 1605/2519 1608/2520 # HouseD_Plinth
f 1721/2521 1722/2522 1723/2523 1724/2524 # HouseD_Chim
f 1725/2525 1726/2526 1727/2527 1728/2528 # HouseD_Chim
f 1721/2529 1722/2530 1726/2531 1725/2532 # HouseD_Chim
f 1722/2533 1723/2534 1727/2535 1726/2536 # HouseD_Chim
f 1723/2537 1724/2538 1728/2539 1727/2540 # HouseD_Chim
f 1724/2541 1721/2542 1725/2543 1728/2544 # HouseD_Chim
f 1729/2545 1730/2546 1731/2547 1732/2548 # CotE_Plinth
f 1733/2549 1734/2550 1735/2551 1736/2552 # CotE_Plinth
f 1729/2553 1730/2554 1734/2555 1733/2556 # CotE_Plinth
f 1730/2557 1731/2558 1735/2559 1734/2560 # CotE_Plinth
f 1731/2561 1732/2562 1736/2563 1735/2564 # CotE_Plinth
f 1732/2565 1729/2566 1733/2567 1736/2568 # CotE_Plinth
f 1849/2569 1850/2570 1851/2571 1852/2572 # CotE_Chim
f 1853/2573 1854/2574 1855/2575 1856/2576 # CotE_Chim
f 1849/2577 1850/2578 1854/2579 1853/2580 # CotE_Chim
f 1850/2581 1851/2582 1855/2583 1854/2584 # CotE_Chim
f 1851/2585 1852/2586 1856/2587 1855/2588 # CotE_Chim
f 1852/2589 1849/2590 1853/2591 1856/2592 # CotE_Chim
f 1857/2593 1858/2594 1859/2595 1860/2596 # ShopB_Plinth
f 1861/2597 1862/2598 1863/2599 1864/2600 # ShopB_Plinth
f 1857/2601 1858/2602 1862/2603 1861/2604 # ShopB_Plinth
f 1858/2605 1859/2606 1863/2607 1862/2608 # ShopB_Plinth
f 1859/2609 1860/2610 1864/2611 1863/2612 # ShopB_Plinth
f 1860/2613 1857/2614 1861/2615 1864/2616 # ShopB_Plinth
f 1977/2617 1978/2618 1979/2619 1980/2620 # ShopB_Chim
f 1981/2621 1982/2622 1983/2623 1984/2624 # ShopB_Chim
f 1977/2625 1978/2626 1982/2627 1981/2628 # ShopB_Chim
f 1978/2629 1979/2630 1983/2631 1982/2632 # ShopB_Chim
f 1979/2633 1980/2634 1984/2635 1983/2636 # ShopB_Chim
f 1980/2637 1977/2638 1981/2639 1984/2640 # ShopB_Chim
f 2481/2641 2482/2642 2483/2643 2484/2644 # MillBase
f 2485/2645 2486/2646 2487/2647 2488/2648 # MillBase
f 2481/2649 2482/2650 2486/2651 2485/2652 # MillBase
f 2482/2653 2483/2654 2487/2655 2486/2656 # MillBase
f 2483/2657 2484/2658 2488/2659 2487/2660 # MillBase
f 2484/2661 2481/2662 2485/2663 2488/2664 # MillBase
f 3049/2665 3050/2666 3051/2667 3052/2668 # WallS1
f 3053/2669 3054/2670 3055/2671 3056/2672 # WallS1
f 3049/2673 3050/2674 3054/2675 3053/2676 # WallS1
f 3050/2677 3051/2678 3055/2679 3054/2680 # WallS1
f 3051/2681 3052/2682 3056/2683 3055/2684 # WallS1
f 3052/2685 3049/2686 3053/2687 3056/2688 # WallS1
f 3057/2689 3058/2690 3059/2691 3060/2692 # WallS2
f 3061/2693 3062/2694 3063/2695 3064/2696 # WallS2
f 3057/2697 3058/2698 3062/2699 3061/2700 # WallS2
f 3058/2701 3059/2702 3063/2703 3062/2704 # WallS2
f 3059/2705 3060/2706 3064/2707 3063/2708 # WallS2
f 3060/2709 3057/2710 3061/2711 3064/2712 # WallS2
f 3065/2713 3066/2714 3067/2715 3068/2716 # WallN1
f 3069/2717 3070/2718 3071/2719 3072/2720 # WallN1
f 3065/2721 3066/2722 3070/2723 3069/2724 # WallN1
f 3066/2725 3067/2726 3071/2727 3070/2728 # WallN1
f 3067/2729 3068/2730 3072/2731 3071/2732 # WallN1
f 3068/2733 3065/2734 3069/2735 3072/2736 # WallN1
f 3073/2737 3074/2738 3075/2739 3076/2740 # WallN2
f 3077/2741 3078/2742 3079/2743 3080/2744 # WallN2
f 3073/2745 3074/2746 3078/2747 3077/2748 # WallN2
f 3074/2749 3075/2750 3079/2751 3078/2752 # WallN2
f 3075/2753 3076/2754 3080/2755 3079/2756 # WallN2
f 3076/2757 3073/2758 3077/2759 3080/2760 # WallN2
f 3081/2761 3082/2762 3083/2763 3084/2764 # WallW1
f 3085/2765 3086/2766 3087/2767 3088/2768 # WallW1
f 3081/2769 3082/2770 3086/2771 3085/2772 # WallW1
f 3082/2773 3083/2774 3087/2775 3086/2776 # WallW1
f 3083/2777 3084/2778 3088/2779 3087/2780 # WallW1
f 3084/2781 3081/2782 3085/2783 3088/2784 # WallW1
f 3089/2785 3090/2786 3091/2787 3092/2788 # WallW2
f 3093/2789 3094/2790 3095/2791 3096/2792 # WallW2
f 3089/2793 3090/2794 3094/2795 3093/2796 # WallW2
f 3090/2797 3091/2798 3095/2799 3094/2800 # WallW2
f 3091/2801 3092/2802 3096/2803 3095/2804 # WallW2
f 3092/2805 3089/2806 3093/2807 3096/2808 # WallW2
f 3097/2809 3098/2810 3099/2811 3100/2812 # WallE1
f 3101/2813 3102/2814 3103/2815 3104/2816 # WallE1
f 3097/2817 3098/2818 3102/2819 3101/2820 # WallE1
f 3098/2821 3099/2822 3103/2823 3102/2824 # WallE1
f 3099/2825 3100/2826 3104/2827 3103/2828 # WallE1
f 3100/2829 3097/2830 3101/2831 3104/2832 # WallE1
f 3105/2833 3106/2834 3107/2835 3108/2836 # WallE2
f 3109/2837 3110/2838 3111/2839 3112/2840 # WallE2
f 3105/2841 3106/2842 3110/2843 3109/2844 # WallE2
f 3106/2845 3107/2846 3111/2847 3110/2848 # WallE2
f 3107/2849 3108/2850 3112/2851 3111/2852 # WallE2
f 3108/2853 3105/2854 3109/2855 3112/2856 # WallE2
o Plaster
usemtl Plaster
f 105/2857 106/2858 107/2859 108/2860 # TH_Upper
f 109/2861 110/2862 111/2863 112/2864 # TH_Upper
f 105/2865 106/2866 110/2867 109/2868 # TH_Upper
f 106/2869 107/2870 111/2871 110/2872 # TH_Upper
f 107/2873 108/2874 112/2875 111/2876 # TH_Upper
f 108/2877 105/2878 109/2879 112/2880 # TH_Upper
f 193/2881 194/2882 195/2883 196/2884 # TH_Tower
f 197/2885 198/2886 199/2887 200/2888 # TH_Tower
f 193/2889 194/2890 198/2891 197/2892 # TH_Tower
f 194/2893 195/2894 199/2895 198/2896 # TH_Tower
f 195/2897 196/2898 200/2899 199/2900 # TH_Tower
f 196/2901 193/2902 197/2903 200/2904 # TH_Tower
f 937/2905 938/2906 939/2907 940/2908 # CotA_Walls
f 941/2909 942/2910 943/2911 944/2912 # CotA_Walls
f 937/2913 938/2914 942/2915 941/2916 # CotA_Walls
f 938/2917 939/2918 943/2919 942/2920 # CotA_Walls
f 939/2921 940/2922 944/2923 943/2924 # CotA_Walls
f 940/2925 937/2926 941/2927 944/2928 # CotA_Walls
f 1065/2929 1066/2930 1067/2931 1068/2932 # ShopA_Walls
f 1069/2933 1070/2934 1071/2935 1072/2936 # ShopA_Walls
f 1065/2937 1066/2938 1070/2939 1069/2940 # ShopA_Walls
f 1066/2941 1067/2942 1071/2943 1070/2944 # ShopA_Walls
f 1067/2945 1068/2946 1072/2947 1071/2948 # ShopA_Walls
f 1068/2949 1065/2950 1069/2951 1072/2952 # ShopA_Walls
f 1225/2953 1226/2954 1227/2955 1228/2956 # CotB_Walls
f 1229/2957 1230/2958 1231/2959 1232/2960 # CotB_Walls
f 1225/2961 1226/2962 1230/2963 1229/2964 # CotB_Walls
f 1226/2965 1227/2966 1231/2967 1230/2968 # CotB_Walls
f 1227/2969 1228/2970 1232/2971 1231/2972 # CotB_Walls
f 1228/2973 1225/2974 1229/2975 1232/2976 # CotB_Walls
f 1481/2977 1482/2978 1483/2979 1484/2980 # FarmH_Walls
f 1485/2981 1486/2982 1487/2983 1488/2984 # FarmH_Walls
f 1481/2985 1482/2986 1486/2987 1485/2988 # FarmH_Walls
f 1482/2989 1483/2990 1487/2991 1486/2992 # FarmH_Walls
f 1483/2993 1484/2994 1488/2995 1487/2996 # FarmH_Walls
f 1484/2997 1481/2998 1485/2999 1488/3000 # FarmH_Walls
f 1737/3001 1738/3002 1739/3003 1740/3004 # CotE_Walls
f 1741/3005 1742/3006 1743/3007 1744/3008 # CotE_Walls
f 1737/3009 1738/3010 1742/3011 1741/3012 # CotE_Walls
f 1738/3013 1739/3014 1743/3015 1742/3016 # CotE_Walls
f 1739/3017 1740/3018 1744/3019 1743/3020 # CotE_Walls
f 1740/3021 1737/3022 1741/3023 1744/3024 # CotE_Walls
f 2017/3025 2018/3026 2019/3027 2020/3028 # Ch_Nave
f 2021/3029 2022/3030 2023/3031 2024/3032 # Ch_Nave
f 2017/3033 2018/3034 2022/3035 2021/3036 # Ch_Nave
f 2018/3037 2019/3038 2023/3039 2022/3040 # Ch_Nave
f 2019/3041 2020/3042 2024/3043 2023/3044 # Ch_Nave
f 2020/3045 2017/3046 2021/3047 2024/3048 # Ch_Nave
f 2049/3049 2050/3050 2051/3051 2052/3052 # Ch_Tower
f 2053/3053 2054/3054 2055/3055 2056/3056 # Ch_Tower
f 2049/3057 2050/3058 2054/3059 2053/3060 # Ch_Tower
f 2050/3061 2051/3062 2055/3063 2054/3064 # Ch_Tower
f 2051/3065 2052/3066 2056/3067 2055/3068 # Ch_Tower
f 2052/3069 2049/3070 2053/3071 2056/3072 # Ch_Tower
f 2489/3073 2490/3074 2491/3075 2492/3076 # MillMid
f 2493/3077 2494/3078 2495/3079 2496/3080 # MillMid
f 2489/3081 2490/3082 2494/3083 2493/3084 # MillMid
f 2490/3085 2491/3086 2495/3087 2494/3088 # MillMid
f 2491/3089 2492/3090 2496/3091 2495/3092 # MillMid
f 2492/3093 2489/3094 2493/3095 2496/3096 # MillMid
o Trunk
usemtl Trunk
f 113/3097 114/3098 115/3099 116/3100 # TH_Post_-11.5_-10.2
f 117/3101 118/3102 119/3103 120/3104 # TH_Post_-11.5_-10.2
f 113/3105 114/3106 118/3107 117/3108 # TH_Post_-11.5_-10.2
f 114/3109 115/3110 119/3111 118/3112 # TH_Post_-11.5_-10.2
f 115/3113 116/3114 120/3115 119/3116 # TH_Post_-11.5_-10.2
f 116/3117 113/3118 117/3119 120/3120 # TH_Post_-11.5_-10.2
f 121/3121 122/3122 123/3123 124/3124 # TH_Post_-11.5_6.2
f 125/3125 126/3126 127/3127 128/3128 # TH_Post_-11.5_6.2
f 121/3129 122/3130 126/3131 125/3132 # TH_Post_-11.5_6.2
f 122/3133 123/3134 127/3135 126/3136 # TH_Post_-11.5_6.2
f 123/3137 124/3138 128/3139 127/3140 # TH_Post_-11.5_6.2
f 124/3141 121/3142 125/3143 128/3144 # TH_Post_-11.5_6.2
f 129/3145 130/3146 131/3147 132/3148 # TH_Post_11.5_-10.2
f 133/3149 134/3150 135/3151 136/3152 # TH_Post_11.5_-10.2
f 129/3153 130/3154 134/3155 133/3156 # TH_Post_11.5_-10.2
f 130/3157 131/3158 135/3159 134/3160 # TH_Post_11.5_-10.2
f 131/3161 132/3162 136/3163 135/3164 # TH_Post_11.5_-10.2
f 132/3165 129/3166 133/3167 136/3168 # TH_Post_11.5_-10.2
f 137/3169 138/3170 139/3171 140/3172 # TH_Post_11.5_6.2
f 141/3173 142/3174 143/3175 144/3176 # TH_Post_11.5_6.2
f 137/3177 138/3178 142/3179 141/3180 # TH_Post_11.5_6.2
f 138/3181 139/3182 143/3183 142/3184 # TH_Post_11.5_6.2
f 139/3185 140/3186 144/3187 143/3188 # TH_Post_11.5_6.2
f 140/3189 137/3190 141/3191 144/3192 # TH_Post_11.5_6.2
f 145/3193 146/3194 147/3195 148/3196 # TH_BeamF
f 149/3197 150/3198 151/3199 152/3200 # TH_BeamF
f 145/3201 146/3202 150/3203 149/3204 # TH_BeamF
f 146/3205 147/3206 151/3207 150/3208 # TH_BeamF
f 147/3209 148/3210 152/3211 151/3212 # TH_BeamF
f 148/3213 145/3214 149/3215 152/3216 # TH_BeamF
f 153/3217 154/3218 155/3219 156/3220 # TH_BeamB
f 157/3221 158/3222 159/3223 160/3224 # TH_BeamB
f 153/3225 154/3226 158/3227 157/3228 # TH_BeamB
f 154/3229 155/3230 159/3231 158/3232 # TH_BeamB
f 155/3233 156/3234 160/3235 159/3236 # TH_BeamB
f 156/3237 153/3238 157/3239 160/3240 # TH_BeamB
f 185/3241 186/3242 187/3243 188/3244 # TH_Cap
f 189/3245 190/3246 191/3247 192/3248 # TH_Cap
f 185/3249 186/3250 190/3251 189/3252 # TH_Cap
f 186/3253 187/3254 191/3255 190/3256 # TH_Cap
f 187/3257 188/3258 192/3259 191/3260 # TH_Cap
f 188/3261 185/3262 189/3263 192/3264 # TH_Cap
f 225/3265 226/3266 227/3267 228/3268 # TH_FlagPole
f 229/3269 230/3270 231/3271 232/3272 # TH_FlagPole
f 225/3273 226/3274 230/3275 229/3276 # TH_FlagPole
f 226/3277 227/3278 231/3279 230/3280 # TH_FlagPole
f 227/3281 228/3282 232/3283 231/3284 # TH_FlagPole
f 228/3285 225/3286 229/3287 232/3288 # TH_FlagPole
f 265/3289 266/3290 267/3291 268/3292 # TH_DoorL
f 269/3293 270/3294 271/3295 272/3296 # TH_DoorL
f 265/3297 266/3298 270/3299 269/3300 # TH_DoorL
f 266/3301 267/3302 271/3303 270/3304 # TH_DoorL
f 267/3305 268/3306 272/3307 271/3308 # TH_DoorL
f 268/3309 265/3310 269/3311 272/3312 # TH_DoorL
f 273/3313 274/3314 275/3315 276/3316 # TH_DoorR
f 277/3317 278/3318 279/3319 280/3320 # TH_DoorR
f 273/3321 274/3322 278/3323 277/3324 # TH_DoorR
f 274/3325 275/3326 279/3327 278/3328 # TH_DoorR
f 275/3329 276/3330 280/3331 279/3332 # TH_DoorR
f 276/3333 273/3334 277/3335 280/3336 # TH_DoorR
f 401/3337 402/3338 403/3339 404/3340 # TH_LampP_-14.5
f 405/3341 406/3342 407/3343 408/3344 # TH_LampP_-14.5
f 401/3345 402/3346 406/3347 405/3348 # TH_LampP_-14.5
f 402/3349 403/3350 407/3351 406/3352 # TH_LampP_-14.5
f 403/3353 404/3354 408/3355 407/3356 # TH_LampP_-14.5
f 404/3357 401/3358 405/3359 408/3360 # TH_LampP_-14.5
f 425/3361 426/3362 427/3363 428/3364 # TH_LampP_14.5
f 429/3365 430/3366 431/3367 432/3368 # TH_LampP_14.5
f 425/3369 426/3370 430/3371 429/3372 # TH_LampP_14.5
f 426/3373 427/3374 431/3375 430/3376 # TH_LampP_14.5
f 427/3377 428/3378 432/3379 431/3380 # TH_LampP_14.5
f 428/3381 425/3382 429/3383 432/3384 # TH_LampP_14.5
f 561/3385 562/3386 563/3387 564/3388 # Stall0_Post_-19.9_15
f 565/3389 566/3390 567/3391 568/3392 # Stall0_Post_-19.9_15
f 561/3393 562/3394 566/3395 565/3396 # Stall0_Post_-19.9_15
f 562/3397 563/3398 567/3399 566/3400 # Stall0_Post_-19.9_15
f 563/3401 564/3402 568/3403 567/3404 # Stall0_Post_-19.9_15
f 564/3405 561/3406 565/3407 568/3408 # Stall0_Post_-19.9_15
f 569/3409 570/3410 571/3411 572/3412 # Stall0_Post_-16.1_15
f 573/3413 574/3414 575/3415 576/3416 # Stall0_Post_-16.1_15
f 569/3417 570/3418 574/3419 573/3420 # Stall0_Post_-16.1_15
f 570/3421 571/3422 575/3423 574/3424 # Stall0_Post_-16.1_15
f 571/3425 572/3426 576/3427 575/3428 # Stall0_Post_-16.1_15
f 572/3429 569/3430 573/3431 576/3432 # Stall0_Post_-16.1_15
f 577/3433 578/3434 579/3435 580/3436 # Stall0_Post_-19.9_17
f 581/3437 582/3438 583/3439 584/3440 # Stall0_Post_-19.9_17
f 577/3441 578/3442 582/3443 581/3444 # Stall0_Post_-19.9_17
f 578/3445 579/3446 583/3447 582/3448 # Stall0_Post_-19.9_17
f 579/3449 580/3450 584/3451 583/3452 # Stall0_Post_-19.9_17
f 580/3453 577/3454 581/3455 584/3456 # Stall0_Post_-19.9_17
f 585/3457 586/3458 587/3459 588/3460 # Stall0_Post_-16.1_17
f 589/3461 590/3462 591/3463 592/3464 # Stall0_Post_-16.1_17
f 585/3465 586/3466 590/3467 589/3468 # Stall0_Post_-16.1_17
f 586/3469 587/3470 591/3471 590/3472 # Stall0_Post_-16.1_17
f 587/3473 588/3474 592/3475 591/3476 # Stall0_Post_-16.1_17
f 588/3477 585/3478 589/3479 592/3480 # Stall0_Post_-16.1_17
f 657/3481 658/3482 659/3483 660/3484 # Stall1_Post_-7.9_15
f 661/3485 662/3486 663/3487 664/3488 # Stall1_Post_-7.9_15
f 657/3489 658/3490 662/3491 661/3492 # Stall1_Post_-7.9_15
f 658/3493 659/3494 663/3495 662/3496 # Stall1_Post_-7.9_15
f 659/3497 660/3498 664/3499 663/3500 # Stall1_Post_-7.9_15
f 660/3501 657/3502 661/3503 664/3504 # Stall1_Post_-7.9_15
f 665/3505 666/3506 667/3507 668/3508 # Stall1_Post_-4.1_15
f 669/3509 670/3510 671/3511 672/3512 # Stall1_Post_-4.1_15
f 665/3513 666/3514 670/3515 669/3516 # Stall1_Post_-4.1_15
f 666/3517 667/3518 671/3519 670/3520 # Stall1_Post_-4.1_15
f 667/3521 668/3522 672/3523 671/3524 # Stall1_Post_-4.1_15
f 668/3525 665/3526 669/3527 672/3528 # Stall1_Post_-4.1_15
f 673/3529 674/3530 675/3531 676/3532 # Stall1_Post_-7.9_17
f 677/3533 678/3534 679/3535 680/3536 # Stall1_Post_-7.9_17
f 673/3537 674/3538 678/3539 677/3540 # Stall1_Post_-7.9_17
f 674/3541 675/3542 679/3543 678/3544 # Stall1_Post_-7.9_17
f 675/3545 676/3546 680/3547 679/3548 # Stall1_Post_-7.9_17
f 676/3549 673/3550 677/3551 680/3552 # Stall1_Post_-7.9_17
f 681/3553 682/3554 683/3555 684/3556 # Stall1_Post_-4.1_17
f 685/3557 686/3558 687/3559 688/3560 # Stall1_Post_-4.1_17
f 681/3561 682/3562 686/3563 685/3564 # Stall1_Post_-4.1_17
f 682/3565 683/3566 687/3567 686/3568 # Stall1_Post_-4.1_17
f 683/3569 684/3570 688/3571 687/3572 # Stall1_Post_-4.1_17
f 684/3573 681/3574 685/3575 688/3576 # Stall1_Post_-4.1_17
f 753/3577 754/3578 755/3579 756/3580 # Stall2_Post_4.1_15
f 757/3581 758/3582 759/3583 760/3584 # Stall2_Post_4.1_15
f 753/3585 754/3586 758/3587 757/3588 # Stall2_Post_4.1_15
f 754/3589 755/3590 759/3591 758/3592 # Stall2_Post_4.1_15
f 755/3593 756/3594 760/3595 759/3596 # Stall2_Post_4.1_15
f 756/3597 753/3598 757/3599 760/3600 # Stall2_Post_4.1_15
f 761/3601 762/3602 763/3603 764/3604 # Stall2_Post_7.9_15
f 765/3605 766/3606 767/3607 768/3608 # Stall2_Post_7.9_15
f 761/3609 762/3610 766/3611 765/3612 # Stall2_Post_7.9_15
f 762/3613 763/3614 767/3615 766/3616 # Stall2_Post_7.9_15
f 763/3617 764/3618 768/3619 767/3620 # Stall2_Post_7.9_15
f 764/3621 761/3622 765/3623 768/3624 # Stall2_Post_7.9_15
f 769/3625 770/3626 771/3627 772/3628 # Stall2_Post_4.1_17
f 773/3629 774/3630 775/3631 776/3632 # Stall2_Post_4.1_17
f 769/3633 770/3634 774/3635 773/3636 # Stall2_Post_4.1_17
f 770/3637 771/3638 775/3639 774/3640 # Stall2_Post_4.1_17
f 771/3641 772/3642 776/3643 775/3644 # Stall2_Post_4.1_17
f 772/3645 769/3646 773/3647 776/3648 # Stall2_Post_4.1_17
f 777/3649 778/3650 779/3651 780/3652 # Stall2_Post_7.9_17
f 781/3653 782/3654 783/3655 784/3656 # Stall2_Post_7.9_17
f 777/3657 778/3658 782/3659 781/3660 # Stall2_Post_7.9_17
f 778/3661 779/3662 783/3663 782/3664 # Stall2_Post_7.9_17
f 779/3665 780/3666 784/3667 783/3668 # Stall2_Post_7.9_17
f 780/3669 777/3670 781/3671 784/3672 # Stall2_Post_7.9_17
f 849/3673 850/3674 851/3675 852/3676 # Stall3_Post_16.1_15
f 853/3677 854/3678 855/3679 856/3680 # Stall3_Post_16.1_15
f 849/3681 850/3682 854/3683 853/3684 # Stall3_Post_16.1_15
f 850/3685 851/3686 855/3687 854/3688 # Stall3_Post_16.1_15
f 851/3689 852/3690 856/3691 855/3692 # Stall3_Post_16.1_15
f 852/3693 849/3694 853/3695 856/3696 # Stall3_Post_16.1_15
f 857/3697 858/3698 859/3699 860/3700 # Stall3_Post_19.9_15
f 861/3701 862/3702 863/3703 864/3704 # Stall3_Post_19.9_15
f 857/3705 858/3706 862/3707 861/3708 # Stall3_Post_19.9_15
f 858/3709 859/3710 863/3711 862/3712 # Stall3_Post_19.9_15
f 859/3713 860/3714 864/3715 863/3716 # Stall3_Post_19.9_15
f 860/3717 857/3718 861/3719 864/3720 # Stall3_Post_19.9_15
f 865/3721 866/3722 867/3723 868/3724 # Stall3_Post_16.1_17
f 869/3725 870/3726 871/3727 872/3728 # Stall3_Post_16.1_17
f 865/3729 866/3730 870/3731 869/3732 # Stall3_Post_16.1_17
f 866/3733 867/3734 871/3735 870/3736 # Stall3_Post_16.1_17
f 867/3737 868/3738 872/3739 871/3740 # Stall3_Post_16.1_17
f 868/3741 865/3742 869/3743 872/3744 # Stall3_Post_16.1_17
f 873/3745 874/3746 875/3747 876/3748 # Stall3_Post_19.9_17
f 877/3749 878/3750 879/3751 880/3752 # Stall3_Post_19.9_17
f 873/3753 874/3754 878/3755 877/3756 # Stall3_Post_19.9_17
f 874/3757 875/3758 879/3759 878/3760 # Stall3_Post_19.9_17
f 875/3761 876/3762 880/3763 879/3764 # Stall3_Post_19.9_17
f 876/3765 873/3766 877/3767 880/3768 # Stall3_Post_19.9_17
f 945/3769 946/3770 947/3771 948/3772 # CotA_Door
f 949/3773 950/3774 951/3775 952/3776 # CotA_Door
f 945/3777 946/3778 950/3779 949/3780 # CotA_Door
f 946/3781 947/3782 951/3783 950/3784 # CotA_Door
f 947/3785 948/3786 952/3787 951/3788 # CotA_Door
f 948/3789 945/3790 949/3791 952/3792 # CotA_Door
f 993/3793 994/3794 995/3795 996/3796 # CotA_Post-1-1
f 997/3797 998/3798 999/3799 1000/3800 # CotA_Post-1-1
f 993/3801 994/3802 998/3803 997/3804 # CotA_Post-1-1
f 994/3805 995/3806 999/3807 998/3808 # CotA_Post-1-1
f 995/3809 996/3810 1000/3811 999/3812 # CotA_Post-1-1
f 996/3813 993/3814 997/3815 1000/3816 # CotA_Post-1-1
f 1001/3817 1002/3818 1003/3819 1004/3820 # CotA_Post-11
f 1005/3821 1006/3822 1007/3823 1008/3824 # CotA_Post-11
f 1001/3825 1002/3826 1006/3827 1005/3828 # CotA_Post-11
f 1002/3829 1003/3830 1007/3831 1006/3832 # CotA_Post-11
f 1003/3833 1004/3834 1008/3835 1007/3836 # CotA_Post-11
f 1004/3837 1001/3838 1005/3839 1008/3840 # CotA_Post-11
f 1009/3841 1010/3842 1011/3843 1012/3844 # CotA_Post1-1
f 1013/3845 1014/3846 1015/3847 1016/3848 # CotA_Post1-1
f 1009/3849 1010/3850 1014/3851 1013/3852 # CotA_Post1-1
f 1010/3853 1011/3854 1015/3855 1014/3856 # CotA_Post1-1
f 1011/3857 1012/3858 1016/3859 1015/3860 # CotA_Post1-1
f 1012/3861 1009/3862 1013/3863 1016/3864 # CotA_Post1-1
f 1017/3865 1018/3866 1019/3867 1020/3868 # CotA_Post11
f 1021/3869 1022/3870 1023/3871 1024/3872 # CotA_Post11
f 1017/3873 1018/3874 1022/3875 1021/3876 # CotA_Post11
f 1018/3877 1019/3878 1023/3879 1022/3880 # CotA_Post11
f 1019/3881 1020/3882 1024/3883 1023/3884 # CotA_Post11
f 1020/3885 1017/3886 1021/3887 1024/3888 # CotA_Post11
f 1073/3889 1074/3890 1075/3891 1076/3892 # ShopA_Door
f 1077/3893 1078/3894 1079/3895 1080/3896 # ShopA_Door
f 1073/3897 1074/3898 1078/3899 1077/3900 # ShopA_Door
f 1074/3901 1075/3902 1079/3903 1078/3904 # ShopA_Door
f 1075/3905 1076/3906 1080/3907 1079/3908 # ShopA_Door
f 1076/3909 1073/3910 1077/3911 1080/3912 # ShopA_Door
f 1121/3913 1122/3914 1123/3915 1124/3916 # ShopA_Post-1-1
f 1125/3917 1126/3918 1127/3919 1128/3920 # ShopA_Post-1-1
f 1121/3921 1122/3922 1126/3923 1125/3924 # ShopA_Post-1-1
f 1122/3925 1123/3926 1127/3927 1126/3928 # ShopA_Post-1-1
f 1123/3929 1124/3930 1128/3931 1127/3932 # ShopA_Post-1-1
f 1124/3933 1121/3934 1125/3935 1128/3936 # ShopA_Post-1-1
f 1129/3937 1130/3938 1131/3939 1132/3940 # ShopA_Post-11
f 1133/3941 1134/3942 1135/3943 1136/3944 # ShopA_Post-11
f 1129/3945 1130/3946 1134/3947 1133/3948 # ShopA_Post-11
f 1130/3949 1131/3950 1135/3951 1134/3952 # ShopA_Post-11
f 1131/3953 1132/3954 1136/3955 1135/3956 # ShopA_Post-11
f 1132/3957 1129/3958 1133/3959 1136/3960 # ShopA_Post-11
f 1137/3961 1138/3962 1139/3963 1140/3964 # ShopA_Post1-1
f 1141/3965 1142/3966 1143/3967 1144/3968 # ShopA_Post1-1
f 1137/3969 1138/3970 1142/3971 1141/3972 # ShopA_Post1-1
f 1138/3973 1139/3974 1143/3975 1142/3976 # ShopA_Post1-1
f 1139/3977 1140/3978 1144/3979 1143/3980 # ShopA_Post1-1
f 1140/3981 1137/3982 1141/3983 1144/3984 # ShopA_Post1-1
f 1145/3985 1146/3986 1147/3987 1148/3988 # ShopA_Post11
f 1149/3989 1150/3990 1151/3991 1152/3992 # ShopA_Post11
f 1145/3993 1146/3994 1150/3995 1149/3996 # ShopA_Post11
f 1146/3997 1147/3998 1151/3999 1150/4000 # ShopA_Post11
f 1147/4001 1148/4002 1152/4003 1151/4004 # ShopA_Post11
f 1148/4005 1145/4006 1149/4007 1152/4008 # ShopA_Post11
f 1233/4009 1234/4010 1235/4011 1236/4012 # CotB_Door
f 1237/4013 1238/4014 1239/4015 1240/4016 # CotB_Door
f 1233/4017 1234/4018 1238/4019 1237/4020 # CotB_Door
f 1234/4021 1235/4022 1239/4023 1238/4024 # CotB_Door
f 1235/4025 1236/4026 1240/4027 1239/4028 # CotB_Door
f 1236/4029 1233/4030 1237/4031 1240/4032 # CotB_Door
f 1281/4033 1282/4034 1283/4035 1284/4036 # CotB_Post-1-1
f 1285/4037 1286/4038 1287/4039 1288/4040 # CotB_Post-1-1
f 1281/4041 1282/4042 1286/4043 1285/4044 # CotB_Post-1-1
f 1282/4045 1283/4046 1287/4047 1286/4048 # CotB_Post-1-1
f 1283/4049 1284/4050 1288/4051 1287/4052 # CotB_Post-1-1
f 1284/4053 1281/4054 1285/4055 1288/4056 # CotB_Post-1-1
f 1289/4057 1290/4058 1291/4059 1292/4060 # CotB_Post-11
f 1293/4061 1294/4062 1295/4063 1296/4064 # CotB_Post-11
f 1289/4065 1290/4066 1294/4067 1293/4068 # CotB_Post-11
f 1290/4069 1291/4070 1295/4071 1294/4072 # CotB_Post-11
f 1291/4073 1292/4074 1296/4075 1295/4076 # CotB_Post-11
f 1292/4077 1289/4078 1293/4079 1296/4080 # CotB_Post-11
f 1297/4081 1298/4082 1299/4083 1300/4084 # CotB_Post1-1
f 1301/4085 1302/4086 1303/4087 1304/4088 # CotB_Post1-1
f 1297/4089 1298/4090 1302/4091 1301/4092 # CotB_Post1-1
f 1298/4093 1299/4094 1303/4095 1302/4096 # CotB_Post1-1
f 1299/4097 1300/4098 1304/4099 1303/4100 # CotB_Post1-1
f 1300/4101 1297/4102 1301/4103 1304/4104 # CotB_Post1-1
f 1305/4105 1306/4106 1307/4107 1308/4108 # CotB_Post11
f 1309/4109 1310/4110 1311/4111 1312/4112 # CotB_Post11
f 1305/4113 1306/4114 1310/4115 1309/4116 # CotB_Post11
f 1306/4117 1307/4118 1311/4119 1310/4120 # CotB_Post11
f 1307/4121 1308/4122 1312/4123 1311/4124 # CotB_Post11
f 1308/4125 1305/4126 1309/4127 1312/4128 # CotB_Post11
f 1361/4129 1362/4130 1363/4131 1364/4132 # HouseC_Door
f 1365/4133 1366/4134 1367/4135 1368/4136 # HouseC_Door
f 1361/4137 1362/4138 1366/4139 1365/4140 # HouseC_Door
f 1362/4141 1363/4142 1367/4143 1366/4144 # HouseC_Door
f 1363/4145 1364/4146 1368/4147 1367/4148 # HouseC_Door
f 1364/4149 1361/4150 1365/4151 1368/4152 # HouseC_Door
f 1409/4153 1410/4154 1411/4155 1412/4156 # HouseC_Post-1-1
f 1413/4157 1414/4158 1415/4159 1416/4160 # HouseC_Post-1-1
f 1409/4161 1410/4162 1414/4163 1413/4164 # HouseC_Post-1-1
f 1410/4165 1411/4166 1415/4167 1414/4168 # HouseC_Post-1-1
f 1411/4169 1412/4170 1416/4171 1415/4172 # HouseC_Post-1-1
f 1412/4173 1409/4174 1413/4175 1416/4176 # HouseC_Post-1-1
f 1417/4177 1418/4178 1419/4179 1420/4180 # HouseC_Post-11
f 1421/4181 1422/4182 1423/4183 1424/4184 # HouseC_Post-11
f 1417/4185 1418/4186 1422/4187 1421/4188 # HouseC_Post-11
f 1418/4189 1419/4190 1423/4191 1422/4192 # HouseC_Post-11
f 1419/4193 1420/4194 1424/4195 1423/4196 # HouseC_Post-11
f 1420/4197 1417/4198 1421/4199 1424/4200 # HouseC_Post-11
f 1425/4201 1426/4202 1427/4203 1428/4204 # HouseC_Post1-1
f 1429/4205 1430/4206 1431/4207 1432/4208 # HouseC_Post1-1
f 1425/4209 1426/4210 1430/4211 1429/4212 # HouseC_Post1-1
f 1426/4213 1427/4214 1431/4215 1430/4216 # HouseC_Post1-1
f 1427/4217 1428/4218 1432/4219 1431/4220 # HouseC_Post1-1
f 1428/4221 1425/4222 1429/4223 1432/4224 # HouseC_Post1-1
f 1433/4225 1434/4226 1435/4227 1436/4228 # HouseC_Post11
f 1437/4229 1438/4230 1439/4231 1440/4232 # HouseC_Post11
f 1433/4233 1434/4234 1438/4235 1437/4236 # HouseC_Post11
f 1434/4237 1435/4238 1439/4239 1438/4240 # HouseC_Post11
f 1435/4241 1436/4242 1440/4243 1439/4244 # HouseC_Post11
f 1436/4245 1433/4246 1437/4247 1440/4248 # HouseC_Post11
f 1489/4249 1490/4250 1491/4251 1492/4252 # FarmH_Door
f 1493/4253 1494/4254 1495/4255 1496/4256 # FarmH_Door
f 1489/4257 1490/4258 1494/4259 1493/4260 # FarmH_Door
f 1490/4261 1491/4262 1495/4263 1494/4264 # FarmH_Door
f 1491/4265 1492/4266 1496/4267 1495/4268 # FarmH_Door
f 1492/4269 1489/4270 1493/4271 1496/4272 # FarmH_Door
f 1537/4273 1538/4274 1539/4275 1540/4276 # FarmH_Post-1-1
f 1541/4277 1542/4278 1543/4279 1544/4280 # FarmH_Post-1-1
f 1537/4281 1538/4282 1542/4283 1541/4284 # FarmH_Post-1-1
f 1538/4285 1539/4286 1543/4287 1542/4288 # FarmH_Post-1-1
f 1539/4289 1540/4290 1544/4291 1543/4292 # FarmH_Post-1-1
f 1540/4293 1537/4294 1541/4295 1544/4296 # FarmH_Post-1-1
f 1545/4297 1546/4298 1547/4299 1548/4300 # FarmH_Post-11
f 1549/4301 1550/4302 1551/4303 1552/4304 # FarmH_Post-11
f 1545/4305 1546/4306 1550/4307 1549/4308 # FarmH_Post-11
f 1546/4309 1547/4310 1551/4311 1550/4312 # FarmH_Post-11
f 1547/4313 1548/4314 1552/4315 1551/4316 # FarmH_Post-11
f 1548/4317 1545/4318 1549/4319 1552/4320 # FarmH_Post-11
f 1553/4321 1554/4322 1555/4323 1556/4324 # FarmH_Post1-1
f 1557/4325 1558/4326 1559/4327 1560/4328 # FarmH_Post1-1
f 1553/4329 1554/4330 1558/4331 1557/4332 # FarmH_Post1-1
f 1554/4333 1555/4334 1559/4335 1558/4336 # FarmH_Post1-1
f 1555/4337 1556/4338 1560/4339 1559/4340 # FarmH_Post1-1
f 1556/4341 1553/4342 1557/4343 1560/4344 # FarmH_Post1-1
f 1561/4345 1562/4346 1563/4347 1564/4348 # FarmH_Post11
f 1565/4349 1566/4350 1567/4351 1568/4352 # FarmH_Post11
f 1561/4353 1562/4354 1566/4355 1565/4356 # FarmH_Post11
f 1562/4357 1563/4358 1567/4359 1566/4360 # FarmH_Post11
f 1563/4361 1564/4362 1568/4363 1567/4364 # FarmH_Post11
f 1564/4365 1561/4366 1565/4367 1568/4368 # FarmH_Post11
f 1617/4369 1618/4370 1619/4371 1620/4372 # HouseD_Door
f 1621/4373 1622/4374 1623/4375 1624/4376 # HouseD_Door
f 1617/4377 1618/4378 1622/4379 1621/4380 # HouseD_Door
f 1618/4381 1619/4382 1623/4383 1622/4384 # HouseD_Door
f 1619/4385 1620/4386 1624/4387 1623/4388 # HouseD_Door
f 1620/4389 1617/4390 1621/4391 1624/4392 # HouseD_Door
f 1665/4393 1666/4394 1667/4395 1668/4396 # HouseD_Post-1-1
f 1669/4397 1670/4398 1671/4399 1672/4400 # HouseD_Post-1-1
f 1665/4401 1666/4402 1670/4403 1669/4404 # HouseD_Post-1-1
f 1666/4405 1667/4406 1671/4407 1670/4408 # HouseD_Post-1-1
f 1667/4409 1668/4410 1672/4411 1671/4412 # HouseD_Post-1-1
f 1668/4413 1665/4414 1669/4415 1672/4416 # HouseD_Post-1-1
f 1673/4417 1674/4418 1675/4419 1676/4420 # HouseD_Post-11
f 1677/4421 1678/4422 1679/4423 1680/4424 # HouseD_Post-11
f 1673/4425 1674/4426 1678/4427 1677/4428 # HouseD_Post-11
f 1674/4429 1675/4430 1679/4431 1678/4432 # HouseD_Post-11
f 1675/4433 1676/4434 1680/4435 1679/4436 # HouseD_Post-11
f 1676/4437 1673/4438 1677/4439 1680/4440 # HouseD_Post-11
f 1681/4441 1682/4442 1683/4443 1684/4444 # HouseD_Post1-1
f 1685/4445 1686/4446 1687/4447 1688/4448 # HouseD_Post1-1
f 1681/4449 1682/4450 1686/4451 1685/4452 # HouseD_Post1-1
f 1682/4453 1683/4454 1687/4455 1686/4456 # HouseD_Post1-1
f 1683/4457 1684/4458 1688/4459 1687/4460 # HouseD_Post1-1
f 1684/4461 1681/4462 1685/4463 1688/4464 # HouseD_Post1-1
f 1689/4465 1690/4466 1691/4467 1692/4468 # HouseD_Post11
f 1693/4469 1694/4470 1695/4471 1696/4472 # HouseD_Post11
f 1689/4473 1690/4474 1694/4475 1693/4476 # HouseD_Post11
f 1690/4477 1691/4478 1695/4479 1694/4480 # HouseD_Post11
f 1691/4481 1692/4482 1696/4483 1695/4484 # HouseD_Post11
f 1692/4485 1689/4486 1693/4487 1696/4488 # HouseD_Post11
f 1745/4489 1746/4490 1747/4491 1748/4492 # CotE_Door
f 1749/4493 1750/4494 1751/4495 1752/4496 # CotE_Door
f 1745/4497 1746/4498 1750/4499 1749/4500 # CotE_Door
f 1746/4501 1747/4502 1751/4503 1750/4504 # CotE_Door
f 1747/4505 1748/4506 1752/4507 1751/4508 # CotE_Door
f 1748/4509 1745/4510 1749/4511 1752/4512 # CotE_Door
f 1793/4513 1794/4514 1795/4515 1796/4516 # CotE_Post-1-1
f 1797/4517 1798/4518 1799/4519 1800/4520 # CotE_Post-1-1
f 1793/4521 1794/4522 1798/4523 1797/4524 # CotE_Post-1-1
f 1794/4525 1795/4526 1799/4527 1798/4528 # CotE_Post-1-1
f 1795/4529 1796/4530 1800/4531 1799/4532 # CotE_Post-1-1
f 1796/4533 1793/4534 1797/4535 1800/4536 # CotE_Post-1-1
f 1801/4537 1802/4538 1803/4539 1804/4540 # CotE_Post-11
f 1805/4541 1806/4542 1807/4543 1808/4544 # CotE_Post-11
f 1801/4545 1802/4546 1806/4547 1805/4548 # CotE_Post-11
f 1802/4549 1803/4550 1807/4551 1806/4552 # CotE_Post-11
f 1803/4553 1804/4554 1808/4555 1807/4556 # CotE_Post-11
f 1804/4557 1801/4558 1805/4559 1808/4560 # CotE_Post-11
f 1809/4561 1810/4562 1811/4563 1812/4564 # CotE_Post1-1
f 1813/4565 1814/4566 1815/4567 1816/4568 # CotE_Post1-1
f 1809/4569 1810/4570 1814/4571 1813/4572 # CotE_Post1-1
f 1810/4573 1811/4574 1815/4575 1814/4576 # CotE_Post1-1
f 1811/4577 1812/4578 1816/4579 1815/4580 # CotE_Post1-1
f 1812/4581 1809/4582 1813/4583 1816/4584 # CotE_Post1-1
f 1817/4585 1818/4586 1819/4587 1820/4588 # CotE_Post11
f 1821/4589 1822/4590 1823/4591 1824/4592 # CotE_Post11
f 1817/4593 1818/4594 1822/4595 1821/4596 # CotE_Post11
f 1818/4597 1819/4598 1823/4599 1822/4600 # CotE_Post11
f 1819/4601 1820/4602 1824/4603 1823/4604 # CotE_Post11
f 1820/4605 1817/4606 1821/4607 1824/4608 # CotE_Post11
f 1873/4609 1874/4610 1875/4611 1876/4612 # ShopB_Door
f 1877/4613 1878/4614 1879/4615 1880/4616 # ShopB_Door
f 1873/4617 1874/4618 1878/4619 1877/4620 # ShopB_Door
f 1874/4621 1875/4622 1879/4623 1878/4624 # ShopB_Door
f 1875/4625 1876/4626 1880/4627 1879/4628 # ShopB_Door
f 1876/4629 1873/4630 1877/4631 1880/4632 # ShopB_Door
f 1921/4633 1922/4634 1923/4635 1924/4636 # ShopB_Post-1-1
f 1925/4637 1926/4638 1927/4639 1928/4640 # ShopB_Post-1-1
f 1921/4641 1922/4642 1926/4643 1925/4644 # ShopB_Post-1-1
f 1922/4645 1923/4646 1927/4647 1926/4648 # ShopB_Post-1-1
f 1923/4649 1924/4650 1928/4651 1927/4652 # ShopB_Post-1-1
f 1924/4653 1921/4654 1925/4655 1928/4656 # ShopB_Post-1-1
f 1929/4657 1930/4658 1931/4659 1932/4660 # ShopB_Post-11
f 1933/4661 1934/4662 1935/4663 1936/4664 # ShopB_Post-11
f 1929/4665 1930/4666 1934/4667 1933/4668 # ShopB_Post-11
f 1930/4669 1931/4670 1935/4671 1934/4672 # ShopB_Post-11
f 1931/4673 1932/4674 1936/4675 1935/4676 # ShopB_Post-11
f 1932/4677 1929/4678 1933/4679 1936/4680 # ShopB_Post-11
f 1937/4681 1938/4682 1939/4683 1940/4684 # ShopB_Post1-1
f 1941/4685 1942/4686 1943/4687 1944/4688 # ShopB_Post1-1
f 1937/4689 1938/4690 1942/4691 1941/4692 # ShopB_Post1-1
f 1938/4693 1939/4694 1943/4695 1942/4696 # ShopB_Post1-1
f 1939/4697 1940/4698 1944/4699 1943/4700 # ShopB_Post1-1
f 1940/4701 1937/4702 1941/4703 1944/4704 # ShopB_Post1-1
f 1945/4705 1946/4706 1947/4707 1948/4708 # ShopB_Post11
f 1949/4709 1950/4710 1951/4711 1952/4712 # ShopB_Post11
f 1945/4713 1946/4714 1950/4715 1949/4716 # ShopB_Post11
f 1946/4717 1947/4718 1951/4719 1950/4720 # ShopB_Post11
f 1947/4721 1948/4722 1952/4723 1951/4724 # ShopB_Post11
f 1948/4725 1945/4726 1949/4727 1952/4728 # ShopB_Post11
f 2089/4729 2090/4730 2091/4731 2092/4732 # Ch_Door
f 2093/4733 2094/4734 2095/4735 2096/4736 # Ch_Door
f 2089/4737 2090/4738 2094/4739 2093/4740 # Ch_Door
f 2090/4741 2091/4742 2095/4743 2094/4744 # Ch_Door
f 2091/4745 2092/4746 2096/4747 2095/4748 # Ch_Door
f 2092/4749 2089/4750 2093/4751 2096/4752 # Ch_Door
f 2137/4753 2138/4754 2139/4755 2140/4756 # BarnRoof2
f 2141/4757 2142/4758 2143/4759 2144/4760 # BarnRoof2
f 2137/4761 2138/4762 2142/4763 2141/4764 # BarnRoof2
f 2138/4765 2139/4766 2143/4767 2142/4768 # BarnRoof2
f 2139/4769 2140/4770 2144/4771 2143/4772 # BarnRoof2
f 2140/4773 2137/4774 2141/4775 2144/4776 # BarnRoof2
f 2145/4777 2146/4778 2147/4779 2148/4780 # BarnRoof3
f 2149/4781 2150/4782 2151/4783 2152/4784 # BarnRoof3
f 2145/4785 2146/4786 2150/4787 2149/4788 # BarnRoof3
f 2146/4789 2147/4790 2151/4791 2150/4792 # BarnRoof3
f 2147/4793 2148/4794 2152/4795 2151/4796 # BarnRoof3
f 2148/4797 2145/4798 2149/4799 2152/4800 # BarnRoof3
f 2153/4801 2154/4802 2155/4803 2156/4804 # BarnDoor
f 2157/4805 2158/4806 2159/4807 2160/4808 # BarnDoor
f 2153/4809 2154/4810 2158/4811 2157/4812 # BarnDoor
f 2154/4813 2155/4814 2159/4815 2158/4816 # BarnDoor
f 2155/4817 2156/4818 2160/4819 2159/4820 # BarnDoor
f 2156/4821 2153/4822 2157/4823 2160/4824 # BarnDoor
f 2505/4825 2506/4826 2507/4827 2508/4828 # MillHub
f 2509/4829 2510/4830 2511/4831 2512/4832 # MillHub
f 2505/4833 2506/4834 2510/4835 2509/4836 # MillHub
f 2506/4837 2507/4838 2511/4839 2510/4840 # MillHub
f 2507/4841 2508/4842 2512/4843 2511/4844 # MillHub
f 2508/4845 2505/4846 2509/4847 2512/4848 # MillHub
f 2529/4849 2530/4850 2531/4851 2532/4852 # OrchT0
f 2533/4853 2534/4854 2535/4855 2536/4856 # OrchT0
f 2529/4857 2530/4858 2534/4859 2533/4860 # OrchT0
f 2530/4861 2531/4862 2535/4863 2534/4864 # OrchT0
f 2531/4865 2532/4866 2536/4867 2535/4868 # OrchT0
f 2532/4869 2529/4870 2533/4871 2536/4872 # OrchT0
f 2553/4873 2554/4874 2555/4875 2556/4876 # OrchT1
f 2557/4877 2558/4878 2559/4879 2560/4880 # OrchT1
f 2553/4881 2554/4882 2558/4883 2557/4884 # OrchT1
f 2554/4885 2555/4886 2559/4887 2558/4888 # OrchT1
f 2555/4889 2556/4890 2560/4891 2559/4892 # OrchT1
f 2556/4893 2553/4894 2557/4895 2560/4896 # OrchT1
f 2577/4897 2578/4898 2579/4899 2580/4900 # OrchT2
f 2581/4901 2582/4902 2583/4903 2584/4904 # OrchT2
f 2577/4905 2578/4906 2582/4907 2581/4908 # OrchT2
f 2578/4909 2579/4910 2583/4911 2582/4912 # OrchT2
f 2579/4913 2580/4914 2584/4915 2583/4916 # OrchT2
f 2580/4917 2577/4918 2581/4919 2584/4920 # OrchT2
f 2601/4921 2602/4922 2603/4923 2604/4924 # OrchT3
f 2605/4925 2606/4926 2607/4927 2608/4928 # OrchT3
f 2601/4929 2602/4930 2606/4931 2605/4932 # OrchT3
f 2602/4933 2603/4934 2607/4935 2606/4936 # OrchT3
f 2603/4937 2604/4938 2608/4939 2607/4940 # OrchT3
f 2604/4941 2601/4942 2605/4943 2608/4944 # OrchT3
f 2625/4945 2626/4946 2627/4947 2628/4948 # OrchT4
f 2629/4949 2630/4950 2631/4951 2632/4952 # OrchT4
f 2625/4953 2626/4954 2630/4955 2629/4956 # OrchT4
f 2626/4957 2627/4958 2631/4959 2630/4960 # OrchT4
f 2627/4961 2628/4962 2632/4963 2631/4964 # OrchT4
f 2628/4965 2625/4966 2629/4967 2632/4968 # OrchT4
f 2649/4969 2650/4970 2651/4971 2652/4972 # OrchT5
f 2653/4973 2654/4974 2655/4975 2656/4976 # OrchT5
f 2649/4977 2650/4978 2654/4979 2653/4980 # OrchT5
f 2650/4981 2651/4982 2655/4983 2654/4984 # OrchT5
f 2651/4985 2652/4986 2656/4987 2655/4988 # OrchT5
f 2652/4989 2649/4990 2653/4991 2656/4992 # OrchT5
f 2697/4993 2698/4994 2699/4995 2700/4996 # DockPost73.5
f 2701/4997 2702/4998 2703/4999 2704/5000 # DockPost73.5
f 2697/5001 2698/5002 2702/5003 2701/5004 # DockPost73.5
f 2698/5005 2699/5006 2703/5007 2702/5008 # DockPost73.5
f 2699/5009 2700/5010 2704/5011 2703/5012 # DockPost73.5
f 2700/5013 2697/5014 2701/5015 2704/5016 # DockPost73.5
f 2705/5017 2706/5018 2707/5019 2708/5020 # DockPost273.5
f 2709/5021 2710/5022 2711/5023 2712/5024 # DockPost273.5
f 2705/5025 2706/5026 2710/5027 2709/5028 # DockPost273.5
f 2706/5029 2707/5030 2711/5031 2710/5032 # DockPost273.5
f 2707/5033 2708/5034 2712/5035 2711/5036 # DockPost273.5
f 2708/5037 2705/5038 2709/5039 2712/5040 # DockPost273.5
f 2713/5041 2714/5042 2715/5043 2716/5044 # DockPost78.5
f 2717/5045 2718/5046 2719/5047 2720/5048 # DockPost78.5
f 2713/5049 2714/5050 2718/5051 2717/5052 # DockPost78.5
f 2714/5053 2715/5054 2719/5055 2718/5056 # DockPost78.5
f 2715/5057 2716/5058 2720/5059 2719/5060 # DockPost78.5
f 2716/5061 2713/5062 2717/5063 2720/5064 # DockPost78.5
f 2721/5065 2722/5066 2723/5067 2724/5068 # DockPost278.5
f 2725/5069 2726/5070 2727/5071 2728/5072 # DockPost278.5
f 2721/5073 2722/5074 2726/5075 2725/5076 # DockPost278.5
f 2722/5077 2723/5078 2727/5079 2726/5080 # DockPost278.5
f 2723/5081 2724/5082 2728/5083 2727/5084 # DockPost278.5
f 2724/5085 2721/5086 2725/5087 2728/5088 # DockPost278.5
f 2793/5089 2794/5090 2795/5091 2796/5092 # LampP0
f 2797/5093 2798/5094 2799/5095 2800/5096 # LampP0
f 2793/5097 2794/5098 2798/5099 2797/5100 # LampP0
f 2794/5101 2795/5102 2799/5103 2798/5104 # LampP0
f 2795/5105 2796/5106 2800/5107 2799/5108 # LampP0
f 2796/5109 2793/5110 2797/5111 2800/5112 # LampP0
f 2809/5113 2810/5114 2811/5115 2812/5116 # LampP1
f 2813/5117 2814/5118 2815/5119 2816/5120 # LampP1
f 2809/5121 2810/5122 2814/5123 2813/5124 # LampP1
f 2810/5125 2811/5126 2815/5127 2814/5128 # LampP1
f 2811/5129 2812/5130 2816/5131 2815/5132 # LampP1
f 2812/5133 2809/5134 2813/5135 2816/5136 # LampP1
f 2825/5137 2826/5138 2827/5139 2828/5140 # LampP2
f 2829/5141 2830/5142 2831/5143 2832/5144 # LampP2
f 2825/5145 2826/5146 2830/5147 2829/5148 # LampP2
f 2826/5149 2827/5150 2831/5151 2830/5152 # LampP2
f 2827/5153 2828/5154 2832/5155 2831/5156 # LampP2
f 2828/5157 2825/5158 2829/5159 2832/5160 # LampP2
f 2841/5161 2842/5162 2843/5163 2844/5164 # LampP3
f 2845/5165 2846/5166 2847/5167 2848/5168 # LampP3
f 2841/5169 2842/5170 2846/5171 2845/5172 # LampP3
f 2842/5173 2843/5174 2847/5175 2846/5176 # LampP3
f 2843/5177 2844/5178 2848/5179 2847/5180 # LampP3
f 2844/5181 2841/5182 2845/5183 2848/5184 # LampP3
f 2857/5185 2858/5186 2859/5187 2860/5188 # LampP4
f 2861/5189 2862/5190 2863/5191 2864/5192 # LampP4
f 2857/5193 2858/5194 2862/5195 2861/5196 # LampP4
f 2858/5197 2859/5198 2863/5199 2862/5200 # LampP4
f 2859/5201 2860/5202 2864/5203 2863/5204 # LampP4
f 2860/5205 2857/5206 2861/5207 2864/5208 # LampP4
f 2873/5209 2874/5210 2875/5211 2876/5212 # LampP5
f 2877/5213 2878/5214 2879/5215 2880/5216 # LampP5
f 2873/5217 2874/5218 2878/5219 2877/5220 # LampP5
f 2874/5221 2875/5222 2879/5223 2878/5224 # LampP5
f 2875/5225 2876/5226 2880/5227 2879/5228 # LampP5
f 2876/5229 2873/5230 2877/5231 2880/5232 # LampP5
f 2889/5233 2890/5234 2891/5235 2892/5236 # LampP6
f 2893/5237 2894/5238 2895/5239 2896/5240 # LampP6
f 2889/5241 2890/5242 2894/5243 2893/5244 # LampP6
f 2890/5245 2891/5246 2895/5247 2894/5248 # LampP6
f 2891/5249 2892/5250 2896/5251 2895/5252 # LampP6
f 2892/5253 2889/5254 2893/5255 2896/5256 # LampP6
f 2905/5257 2906/5258 2907/5259 2908/5260 # LampP7
f 2909/5261 2910/5262 2911/5263 2912/5264 # LampP7
f 2905/5265 2906/5266 2910/5267 2909/5268 # LampP7
f 2906/5269 2907/5270 2911/5271 2910/5272 # LampP7
f 2907/5273 2908/5274 2912/5275 2911/5276 # LampP7
f 2908/5277 2905/5278 2909/5279 2912/5280 # LampP7
f 2921/5281 2922/5282 2923/5283 2924/5284 # LampP8
f 2925/5285 2926/5286 2927/5287 2928/5288 # LampP8
f 2921/5289 2922/5290 2926/5291 2925/5292 # LampP8
f 2922/5293 2923/5294 2927/5295 2926/5296 # LampP8
f 2923/5297 2924/5298 2928/5299 2927/5300 # LampP8
f 2924/5301 2921/5302 2925/5303 2928/5304 # LampP8
f 2937/5305 2938/5306 2939/5307 2940/5308 # LampP9
f 2941/5309 2942/5310 2943/5311 2944/5312 # LampP9
f 2937/5313 2938/5314 2942/5315 2941/5316 # LampP9
f 2938/5317 2939/5318 2943/5319 2942/5320 # LampP9
f 2939/5321 2940/5322 2944/5323 2943/5324 # LampP9
f 2940/5325 2937/5326 2941/5327 2944/5328 # LampP9
f 2953/5329 2954/5330 2955/5331 2956/5332 # LampP10
f 2957/5333 2958/5334 2959/5335 2960/5336 # LampP10
f 2953/5337 2954/5338 2958/5339 2957/5340 # LampP10
f 2954/5341 2955/5342 2959/5343 2958/5344 # LampP10
f 2955/5345 2956/5346 2960/5347 2959/5348 # LampP10
f 2956/5349 2953/5350 2957/5351 2960/5352 # LampP10
f 2969/5353 2970/5354 2971/5355 2972/5356 # LampP11
f 2973/5357 2974/5358 2975/5359 2976/5360 # LampP11
f 2969/5361 2970/5362 2974/5363 2973/5364 # LampP11
f 2970/5365 2971/5366 2975/5367 2974/5368 # LampP11
f 2971/5369 2972/5370 2976/5371 2975/5372 # LampP11
f 2972/5373 2969/5374 2973/5375 2976/5376 # LampP11
f 2985/5377 2986/5378 2987/5379 2988/5380 # LampP12
f 2989/5381 2990/5382 2991/5383 2992/5384 # LampP12
f 2985/5385 2986/5386 2990/5387 2989/5388 # LampP12
f 2986/5389 2987/5390 2991/5391 2990/5392 # LampP12
f 2987/5393 2988/5394 2992/5395 2991/5396 # LampP12
f 2988/5397 2985/5398 2989/5399 2992/5400 # LampP12
f 3001/5401 3002/5402 3003/5403 3004/5404 # LampP13
f 3005/5405 3006/5406 3007/5407 3008/5408 # LampP13
f 3001/5409 3002/5410 3006/5411 3005/5412 # LampP13
f 3002/5413 3003/5414 3007/5415 3006/5416 # LampP13
f 3003/5417 3004/5418 3008/5419 3007/5420 # LampP13
f 3004/5421 3001/5422 3005/5423 3008/5424 # LampP13
f 3017/5425 3018/5426 3019/5427 3020/5428 # LampP14
f 3021/5429 3022/5430 3023/5431 3024/5432 # LampP14
f 3017/5433 3018/5434 3022/5435 3021/5436 # LampP14
f 3018/5437 3019/5438 3023/5439 3022/5440 # LampP14
f 3019/5441 3020/5442 3024/5443 3023/5444 # LampP14
f 3020/5445 3017/5446 3021/5447 3024/5448 # LampP14
f 3033/5449 3034/5450 3035/5451 3036/5452 # LampP15
f 3037/5453 3038/5454 3039/5455 3040/5456 # LampP15
f 3033/5457 3034/5458 3038/5459 3037/5460 # LampP15
f 3034/5461 3035/5462 3039/5463 3038/5464 # LampP15
f 3035/5465 3036/5466 3040/5467 3039/5468 # LampP15
f 3036/5469 3033/5470 3037/5471 3040/5472 # LampP15
f 3129/5473 3130/5474 3131/5475 3132/5476 # GateT_0_245
f 3133/5477 3134/5478 3135/5479 3136/5480 # GateT_0_245
f 3129/5481 3130/5482 3134/5483 3133/5484 # GateT_0_245
f 3130/5485 3131/5486 3135/5487 3134/5488 # GateT_0_245
f 3131/5489 3132/5490 3136/5491 3135/5492 # GateT_0_245
f 3132/5493 3129/5494 3133/5495 3136/5496 # GateT_0_245
f 3161/5497 3162/5498 3163/5499 3164/5500 # GateT_0_-245
f 3165/5501 3166/5502 3167/5503 3168/5504 # GateT_0_-245
f 3161/5505 3162/5506 3166/5507 3165/5508 # GateT_0_-245
f 3162/5509 3163/5510 3167/5511 3166/5512 # GateT_0_-245
f 3163/5513 3164/5514 3168/5515 3167/5516 # GateT_0_-245
f 3164/5517 3161/5518 3165/5519 3168/5520 # GateT_0_-245
f 3193/5521 3194/5522 3195/5523 3196/5524 # GateT_245_0
f 3197/5525 3198/5526 3199/5527 3200/5528 # GateT_245_0
f 3193/5529 3194/5530 3198/5531 3197/5532 # GateT_245_0
f 3194/5533 3195/5534 3199/5535 3198/5536 # GateT_245_0
f 3195/5537 3196/5538 3200/5539 3199/5540 # GateT_245_0
f 3196/5541 3193/5542 3197/5543 3200/5544 # GateT_245_0
f 3225/5545 3226/5546 3227/5547 3228/5548 # GateT_-245_0
f 3229/5549 3230/5550 3231/5551 3232/5552 # GateT_-245_0
f 3225/5553 3226/5554 3230/5555 3229/5556 # GateT_-245_0
f 3226/5557 3227/5558 3231/5559 3230/5560 # GateT_-245_0
f 3227/5561 3228/5562 3232/5563 3231/5564 # GateT_-245_0
f 3228/5565 3225/5566 3229/5567 3232/5568 # GateT_-245_0
f 3241/5569 3242/5570 3243/5571 3244/5572 # OakTo0
f 3245/5573 3246/5574 3247/5575 3248/5576 # OakTo0
f 3241/5577 3242/5578 3246/5579 3245/5580 # OakTo0
f 3242/5581 3243/5582 3247/5583 3246/5584 # OakTo0
f 3243/5585 3244/5586 3248/5587 3247/5588 # OakTo0
f 3244/5589 3241/5590 3245/5591 3248/5592 # OakTo0
f 3265/5593 3266/5594 3267/5595 3268/5596 # OakTo1
f 3269/5597 3270/5598 3271/5599 3272/5600 # OakTo1
f 3265/5601 3266/5602 3270/5603 3269/5604 # OakTo1
f 3266/5605 3267/5606 3271/5607 3270/5608 # OakTo1
f 3267/5609 3268/5610 3272/5611 3271/5612 # OakTo1
f 3268/5613 3265/5614 3269/5615 3272/5616 # OakTo1
f 3289/5617 3290/5618 3291/5619 3292/5620 # OakTo2
f 3293/5621 3294/5622 3295/5623 3296/5624 # OakTo2
f 3289/5625 3290/5626 3294/5627 3293/5628 # OakTo2
f 3290/5629 3291/5630 3295/5631 3294/5632 # OakTo2
f 3291/5633 3292/5634 3296/5635 3295/5636 # OakTo2
f 3292/5637 3289/5638 3293/5639 3296/5640 # OakTo2
f 3313/5641 3314/5642 3315/5643 3316/5644 # OakTo3
f 3317/5645 3318/5646 3319/5647 3320/5648 # OakTo3
f 3313/5649 3314/5650 3318/5651 3317/5652 # OakTo3
f 3314/5653 3315/5654 3319/5655 3318/5656 # OakTo3
f 3315/5657 3316/5658 3320/5659 3319/5660 # OakTo3
f 3316/5661 3313/5662 3317/5663 3320/5664 # OakTo3
f 3337/5665 3338/5666 3339/5667 3340/5668 # OakTo4
f 3341/5669 3342/5670 3343/5671 3344/5672 # OakTo4
f 3337/5673 3338/5674 3342/5675 3341/5676 # OakTo4
f 3338/5677 3339/5678 3343/5679 3342/5680 # OakTo4
f 3339/5681 3340/5682 3344/5683 3343/5684 # OakTo4
f 3340/5685 3337/5686 3341/5687 3344/5688 # OakTo4
f 3361/5689 3362/5690 3363/5691 3364/5692 # OakTo5
f 3365/5693 3366/5694 3367/5695 3368/5696 # OakTo5
f 3361/5697 3362/5698 3366/5699 3365/5700 # OakTo5
f 3362/5701 3363/5702 3367/5703 3366/5704 # OakTo5
f 3363/5705 3364/5706 3368/5707 3367/5708 # OakTo5
f 3364/5709 3361/5710 3365/5711 3368/5712 # OakTo5
f 3385/5713 3386/5714 3387/5715 3388/5716 # OakTo6
f 3389/5717 3390/5718 3391/5719 3392/5720 # OakTo6
f 3385/5721 3386/5722 3390/5723 3389/5724 # OakTo6
f 3386/5725 3387/5726 3391/5727 3390/5728 # OakTo6
f 3387/5729 3388/5730 3392/5731 3391/5732 # OakTo6
f 3388/5733 3385/5734 3389/5735 3392/5736 # OakTo6
f 3409/5737 3410/5738 3411/5739 3412/5740 # OakTo7
f 3413/5741 3414/5742 3415/5743 3416/5744 # OakTo7
f 3409/5745 3410/5746 3414/5747 3413/5748 # OakTo7
f 3410/5749 3411/5750 3415/5751 3414/5752 # OakTo7
f 3411/5753 3412/5754 3416/5755 3415/5756 # OakTo7
f 3412/5757 3409/5758 3413/5759 3416/5760 # OakTo7
f 3433/5761 3434/5762 3435/5763 3436/5764 # OakTo8
f 3437/5765 3438/5766 3439/5767 3440/5768 # OakTo8
f 3433/5769 3434/5770 3438/5771 3437/5772 # OakTo8
f 3434/5773 3435/5774 3439/5775 3438/5776 # OakTo8
f 3435/5777 3436/5778 3440/5779 3439/5780 # OakTo8
f 3436/5781 3433/5782 3437/5783 3440/5784 # OakTo8
f 3457/5785 3458/5786 3459/5787 3460/5788 # OakTo9
f 3461/5789 3462/5790 3463/5791 3464/5792 # OakTo9
f 3457/5793 3458/5794 3462/5795 3461/5796 # OakTo9
f 3458/5797 3459/5798 3463/5799 3462/5800 # OakTo9
f 3459/5801 3460/5802 3464/5803 3463/5804 # OakTo9
f 3460/5805 3457/5806 3461/5807 3464/5808 # OakTo9
f 3481/5809 3482/5810 3483/5811 3484/5812 # OakTo10
f 3485/5813 3486/5814 3487/5815 3488/5816 # OakTo10
f 3481/5817 3482/5818 3486/5819 3485/5820 # OakTo10
f 3482/5821 3483/5822 3487/5823 3486/5824 # OakTo10
f 3483/5825 3484/5826 3488/5827 3487/5828 # OakTo10
f 3484/5829 3481/5830 3485/5831 3488/5832 # OakTo10
f 3505/5833 3506/5834 3507/5835 3508/5836 # OakTo11
f 3509/5837 3510/5838 3511/5839 3512/5840 # OakTo11
f 3505/5841 3506/5842 3510/5843 3509/5844 # OakTo11
f 3506/5845 3507/5846 3511/5847 3510/5848 # OakTo11
f 3507/5849 3508/5850 3512/5851 3511/5852 # OakTo11
f 3508/5853 3505/5854 3509/5855 3512/5856 # OakTo11
f 3529/5857 3530/5858 3531/5859 3532/5860 # OakTo12
f 3533/5861 3534/5862 3535/5863 3536/5864 # OakTo12
f 3529/5865 3530/5866 3534/5867 3533/5868 # OakTo12
f 3530/5869 3531/5870 3535/5871 3534/5872 # OakTo12
f 3531/5873 3532/5874 3536/5875 3535/5876 # OakTo12
f 3532/5877 3529/5878 3533/5879 3536/5880 # OakTo12
f 3553/5881 3554/5882 3555/5883 3556/5884 # OakTo13
f 3557/5885 3558/5886 3559/5887 3560/5888 # OakTo13
f 3553/5889 3554/5890 3558/5891 3557/5892 # OakTo13
f 3554/5893 3555/5894 3559/5895 3558/5896 # OakTo13
f 3555/5897 3556/5898 3560/5899 3559/5900 # OakTo13
f 3556/5901 3553/5902 3557/5903 3560/5904 # OakTo13
f 3577/5905 3578/5906 3579/5907 3580/5908 # OakTo14
f 3581/5909 3582/5910 3583/5911 3584/5912 # OakTo14
f 3577/5913 3578/5914 3582/5915 3581/5916 # OakTo14
f 3578/5917 3579/5918 3583/5919 3582/5920 # OakTo14
f 3579/5921 3580/5922 3584/5923 3583/5924 # OakTo14
f 3580/5925 3577/5926 3581/5927 3584/5928 # OakTo14
f 3601/5929 3602/5930 3603/5931 3604/5932 # OakTo15
f 3605/5933 3606/5934 3607/5935 3608/5936 # OakTo15
f 3601/5937 3602/5938 3606/5939 3605/5940 # OakTo15
f 3602/5941 3603/5942 3607/5943 3606/5944 # OakTo15
f 3603/5945 3604/5946 3608/5947 3607/5948 # OakTo15
f 3604/5949 3601/5950 3605/5951 3608/5952 # OakTo15
f 3625/5953 3626/5954 3627/5955 3628/5956 # PineTp16
f 3629/5957 3630/5958 3631/5959 3632/5960 # PineTp16
f 3625/5961 3626/5962 3630/5963 3629/5964 # PineTp16
f 3626/5965 3627/5966 3631/5967 3630/5968 # PineTp16
f 3627/5969 3628/5970 3632/5971 3631/5972 # PineTp16
f 3628/5973 3625/5974 3629/5975 3632/5976 # PineTp16
f 3657/5977 3658/5978 3659/5979 3660/5980 # PineTp17
f 3661/5981 3662/5982 3663/5983 3664/5984 # PineTp17
f 3657/5985 3658/5986 3662/5987 3661/5988 # PineTp17
f 3658/5989 3659/5990 3663/5991 3662/5992 # PineTp17
f 3659/5993 3660/5994 3664/5995 3663/5996 # PineTp17
f 3660/5997 3657/5998 3661/5999 3664/6000 # PineTp17
f 3689/6001 3690/6002 3691/6003 3692/6004 # PineTp18
f 3693/6005 3694/6006 3695/6007 3696/6008 # PineTp18
f 3689/6009 3690/6010 3694/6011 3693/6012 # PineTp18
f 3690/6013 3691/6014 3695/6015 3694/6016 # PineTp18
f 3691/6017 3692/6018 3696/6019 3695/6020 # PineTp18
f 3692/6021 3689/6022 3693/6023 3696/6024 # PineTp18
f 3721/6025 3722/6026 3723/6027 3724/6028 # PineTp19
f 3725/6029 3726/6030 3727/6031 3728/6032 # PineTp19
f 3721/6033 3722/6034 3726/6035 3725/6036 # PineTp19
f 3722/6037 3723/6038 3727/6039 3726/6040 # PineTp19
f 3723/6041 3724/6042 3728/6043 3727/6044 # PineTp19
f 3724/6045 3721/6046 3725/6047 3728/6048 # PineTp19
f 3753/6049 3754/6050 3755/6051 3756/6052 # PineTp20
f 3757/6053 3758/6054 3759/6055 3760/6056 # PineTp20
f 3753/6057 3754/6058 3758/6059 3757/6060 # PineTp20
f 3754/6061 3755/6062 3759/6063 3758/6064 # PineTp20
f 3755/6065 3756/6066 3760/6067 3759/6068 # PineTp20
f 3756/6069 3753/6070 3757/6071 3760/6072 # PineTp20
f 3785/6073 3786/6074 3787/6075 3788/6076 # PineTp21
f 3789/6077 3790/6078 3791/6079 3792/6080 # PineTp21
f 3785/6081 3786/6082 3790/6083 3789/6084 # PineTp21
f 3786/6085 3787/6086 3791/6087 3790/6088 # PineTp21
f 3787/6089 3788/6090 3792/6091 3791/6092 # PineTp21
f 3788/6093 3785/6094 3789/6095 3792/6096 # PineTp21
f 3817/6097 3818/6098 3819/6099 3820/6100 # PineTp22
f 3821/6101 3822/6102 3823/6103 3824/6104 # PineTp22
f 3817/6105 3818/6106 3822/6107 3821/6108 # PineTp22
f 3818/6109 3819/6110 3823/6111 3822/6112 # PineTp22
f 3819/6113 3820/6114 3824/6115 3823/6116 # PineTp22
f 3820/6117 3817/6118 3821/6119 3824/6120 # PineTp22
f 3849/6121 3850/6122 3851/6123 3852/6124 # PineTp23
f 3853/6125 3854/6126 3855/6127 3856/6128 # PineTp23
f 3849/6129 3850/6130 3854/6131 3853/6132 # PineTp23
f 3850/6133 3851/6134 3855/6135 3854/6136 # PineTp23
f 3851/6137 3852/6138 3856/6139 3855/6140 # PineTp23
f 3852/6141 3849/6142 3853/6143 3856/6144 # PineTp23
f 3881/6145 3882/6146 3883/6147 3884/6148 # PineTp24
f 3885/6149 3886/6150 3887/6151 3888/6152 # PineTp24
f 3881/6153 3882/6154 3886/6155 3885/6156 # PineTp24
f 3882/6157 3883/6158 3887/6159 3886/6160 # PineTp24
f 3883/6161 3884/6162 3888/6163 3887/6164 # PineTp24
f 3884/6165 3881/6166 3885/6167 3888/6168 # PineTp24
f 3913/6169 3914/6170 3915/6171 3916/6172 # PineTp25
f 3917/6173 3918/6174 3919/6175 3920/6176 # PineTp25
f 3913/6177 3914/6178 3918/6179 3917/6180 # PineTp25
f 3914/6181 3915/6182 3919/6183 3918/6184 # PineTp25
f 3915/6185 3916/6186 3920/6187 3919/6188 # PineTp25
f 3916/6189 3913/6190 3917/6191 3920/6192 # PineTp25
f 3945/6193 3946/6194 3947/6195 3948/6196 # PineTp26
f 3949/6197 3950/6198 3951/6199 3952/6200 # PineTp26
f 3945/6201 3946/6202 3950/6203 3949/6204 # PineTp26
f 3946/6205 3947/6206 3951/6207 3950/6208 # PineTp26
f 3947/6209 3948/6210 3952/6211 3951/6212 # PineTp26
f 3948/6213 3945/6214 3949/6215 3952/6216 # PineTp26
f 3977/6217 3978/6218 3979/6219 3980/6220 # PineTp27
f 3981/6221 3982/6222 3983/6223 3984/6224 # PineTp27
f 3977/6225 3978/6226 3982/6227 3981/6228 # PineTp27
f 3978/6229 3979/6230 3983/6231 3982/6232 # PineTp27
f 3979/6233 3980/6234 3984/6235 3983/6236 # PineTp27
f 3980/6237 3977/6238 3981/6239 3984/6240 # PineTp27
o Roof
usemtl Roof
f 161/6241 162/6242 163/6243 164/6244 # TH_Roof1
f 165/6245 166/6246 167/6247 168/6248 # TH_Roof1
f 161/6249 162/6250 166/6251 165/6252 # TH_Roof1
f 162/6253 163/6254 167/6255 166/6256 # TH_Roof1
f 163/6257 164/6258 168/6259 167/6260 # TH_Roof1
f 164/6261 161/6262 165/6263 168/6264 # TH_Roof1
f 169/6265 170/6266 171/6267 172/6268 # TH_Roof2
f 173/6269 174/6270 175/6271 176/6272 # TH_Roof2
f 169/6273 170/6274 174/6275 173/6276 # TH_Roof2
f 170/6277 171/6278 175/6279 174/6280 # TH_Roof2
f 171/6281 172/6282 176/6283 175/6284 # TH_Roof2
f 172/6285 169/6286 173/6287 176/6288 # TH_Roof2
f 177/6289 178/6290 179/6291 180/6292 # TH_Roof3
f 181/6293 182/6294 183/6295 184/6296 # TH_Roof3
f 177/6297 178/6298 182/6299 181/6300 # TH_Roof3
f 178/6301 179/6302 183/6303 182/6304 # TH_Roof3
f 179/6305 180/6306 184/6307 183/6308 # TH_Roof3
f 180/6309 177/6310 181/6311 184/6312 # TH_Roof3
f 209/6313 210/6314 211/6315 212/6316 # TH_Spire1
f 213/6317 214/6318 215/6319 216/6320 # TH_Spire1
f 209/6321 210/6322 214/6323 213/6324 # TH_Spire1
f 210/6325 211/6326 215/6327 214/6328 # TH_Spire1
f 211/6329 212/6330 216/6331 215/6332 # TH_Spire1
f 212/6333 209/6334 213/6335 216/6336 # TH_Spire1
f 217/6337 218/6338 219/6339 220/6340 # TH_Spire2
f 221/6341 222/6342 223/6343 224/6344 # TH_Spire2
f 217/6345 218/6346 222/6347 221/6348 # TH_Spire2
f 218/6349 219/6350 223/6351 222/6352 # TH_Spire2
f 219/6353 220/6354 224/6355 223/6356 # TH_Spire2
f 220/6357 217/6358 221/6359 224/6360 # TH_Spire2
f 393/6361 394/6362 395/6363 396/6364 # TH_Banner_-14.5
f 397/6365 398/6366 399/6367 400/6368 # TH_Banner_-14.5
f 393/6369 394/6370 398/6371 397/6372 # TH_Banner_-14.5
f 394/6373 395/6374 399/6375 398/6376 # TH_Banner_-14.5
f 395/6377 396/6378 400/6379 399/6380 # TH_Banner_-14.5
f 396/6381 393/6382 397/6383 400/6384 # TH_Banner_-14.5
f 417/6385 418/6386 419/6387 420/6388 # TH_Banner_14.5
f 421/6389 422/6390 423/6391 424/6392 # TH_Banner_14.5
f 417/6393 418/6394 422/6395 421/6396 # TH_Banner_14.5
f 418/6397 419/6398 423/6399 422/6400 # TH_Banner_14.5
f 419/6401 420/6402 424/6403 423/6404 # TH_Banner_14.5
f 420/6405 417/6406 421/6407 424/6408 # TH_Banner_14.5
f 601/6409 602/6410 603/6411 604/6412 # Stall0_Aw_1
f 605/6413 606/6414 607/6415 608/6416 # Stall0_Aw_1
f 601/6417 602/6418 606/6419 605/6420 # Stall0_Aw_1
f 602/6421 603/6422 607/6423 606/6424 # Stall0_Aw_1
f 603/6425 604/6426 608/6427 607/6428 # Stall0_Aw_1
f 604/6429 601/6430 605/6431 608/6432 # Stall0_Aw_1
f 617/6433 618/6434 619/6435 620/6436 # Stall0_Aw_3
f 621/6437 622/6438 623/6439 624/6440 # Stall0_Aw_3
f 617/6441 618/6442 622/6443 621/6444 # Stall0_Aw_3
f 618/6445 619/6446 623/6447 622/6448 # Stall0_Aw_3
f 619/6449 620/6450 624/6451 623/6452 # Stall0_Aw_3
f 620/6453 617/6454 621/6455 624/6456 # Stall0_Aw_3
f 697/6457 698/6458 699/6459 700/6460 # Stall1_Aw_1
f 701/6461 702/6462 703/6463 704/6464 # Stall1_Aw_1
f 697/6465 698/6466 702/6467 701/6468 # Stall1_Aw_1
f 698/6469 699/6470 703/6471 702/6472 # Stall1_Aw_1
f 699/6473 700/6474 704/6475 703/6476 # Stall1_Aw_1
f 700/6477 697/6478 701/6479 704/6480 # Stall1_Aw_1
f 713/6481 714/6482 715/6483 716/6484 # Stall1_Aw_3
f 717/6485 718/6486 719/6487 720/6488 # Stall1_Aw_3
f 713/6489 714/6490 718/6491 717/6492 # Stall1_Aw_3
f 714/6493 715/6494 719/6495 718/6496 # Stall1_Aw_3
f 715/6497 716/6498 720/6499 719/6500 # Stall1_Aw_3
f 716/6501 713/6502 717/6503 720/6504 # Stall1_Aw_3
f 793/6505 794/6506 795/6507 796/6508 # Stall2_Aw_1
f 797/6509 798/6510 799/6511 800/6512 # Stall2_Aw_1
f 793/6513 794/6514 798/6515 797/6516 # Stall2_Aw_1
f 794/6517 795/6518 799/6519 798/6520 # Stall2_Aw_1
f 795/6521 796/6522 800/6523 799/6524 # Stall2_Aw_1
f 796/6525 793/6526 797/6527 800/6528 # Stall2_Aw_1
f 809/6529 810/6530 811/6531 812/6532 # Stall2_Aw_3
f 813/6533 814/6534 815/6535 816/6536 # Stall2_Aw_3
f 809/6537 810/6538 814/6539 813/6540 # Stall2_Aw_3
f 810/6541 811/6542 815/6543 814/6544 # Stall2_Aw_3
f 811/6545 812/6546 816/6547 815/6548 # Stall2_Aw_3
f 812/6549 809/6550 813/6551 816/6552 # Stall2_Aw_3
f 889/6553 890/6554 891/6555 892/6556 # Stall3_Aw_1
f 893/6557 894/6558 895/6559 896/6560 # Stall3_Aw_1
f 889/6561 890/6562 894/6563 893/6564 # Stall3_Aw_1
f 890/6565 891/6566 895/6567 894/6568 # Stall3_Aw_1
f 891/6569 892/6570 896/6571 895/6572 # Stall3_Aw_1
f 892/6573 889/6574 893/6575 896/6576 # Stall3_Aw_1
f 905/6577 906/6578 907/6579 908/6580 # Stall3_Aw_3
f 909/6581 910/6582 911/6583 912/6584 # Stall3_Aw_3
f 905/6585 906/6586 910/6587 909/6588 # Stall3_Aw_3
f 906/6589 907/6590 911/6591 910/6592 # Stall3_Aw_3
f 907/6593 908/6594 912/6595 911/6596 # Stall3_Aw_3
f 908/6597 905/6598 909/6599 912/6600 # Stall3_Aw_3
f 1025/6601 1026/6602 1027/6603 1028/6604 # CotA_R1
f 1029/6605 1030/6606 1031/6607 1032/6608 # CotA_R1
f 1025/6609 1026/6610 1030/6611 1029/6612 # CotA_R1
f 1026/6613 1027/6614 1031/6615 1030/6616 # CotA_R1
f 1027/6617 1028/6618 1032/6619 1031/6620 # CotA_R1
f 1028/6621 1025/6622 1029/6623 1032/6624 # CotA_R1
f 1033/6625 1034/6626 1035/6627 1036/6628 # CotA_R2
f 1037/6629 1038/6630 1039/6631 1040/6632 # CotA_R2
f 1033/6633 1034/6634 1038/6635 1037/6636 # CotA_R2
f 1034/6637 1035/6638 1039/6639 1038/6640 # CotA_R2
f 1035/6641 1036/6642 1040/6643 1039/6644 # CotA_R2
f 1036/6645 1033/6646 1037/6647 1040/6648 # CotA_R2
f 1041/6649 1042/6650 1043/6651 1044/6652 # CotA_R3
f 1045/6653 1046/6654 1047/6655 1048/6656 # CotA_R3
f 1041/6657 1042/6658 1046/6659 1045/6660 # CotA_R3
f 1042/6661 1043/6662 1047/6663 1046/6664 # CotA_R3
f 1043/6665 1044/6666 1048/6667 1047/6668 # CotA_R3
f 1044/6669 1041/6670 1045/6671 1048/6672 # CotA_R3
f 1153/6673 1154/6674 1155/6675 1156/6676 # ShopA_R1
f 1157/6677 1158/6678 1159/6679 1160/6680 # ShopA_R1
f 1153/6681 1154/6682 1158/6683 1157/6684 # ShopA_R1
f 1154/6685 1155/6686 1159/6687 1158/6688 # ShopA_R1
f 1155/6689 1156/6690 1160/6691 1159/6692 # ShopA_R1
f 1156/6693 1153/6694 1157/6695 1160/6696 # ShopA_R1
f 1161/6697 1162/6698 1163/6699 1164/6700 # ShopA_R2
f 1165/6701 1166/6702 1167/6703 1168/6704 # ShopA_R2
f 1161/6705 1162/6706 1166/6707 1165/6708 # ShopA_R2
f 1162/6709 1163/6710 1167/6711 1166/6712 # ShopA_R2
f 1163/6713 1164/6714 1168/6715 1167/6716 # ShopA_R2
f 1164/6717 1161/6718 1165/6719 1168/6720 # ShopA_R2
f 1169/6721 1170/6722 1171/6723 1172/6724 # ShopA_R3
f 1173/6725 1174/6726 1175/6727 1176/6728 # ShopA_R3
f 1169/6729 1170/6730 1174/6731 1173/6732 # ShopA_R3
f 1170/6733 1171/6734 1175/6735 1174/6736 # ShopA_R3
f 1171/6737 1172/6738 1176/6739 1175/6740 # ShopA_R3
f 1172/6741 1169/6742 1173/6743 1176/6744 # ShopA_R3
f 1193/6745 1194/6746 1195/6747 1196/6748 # ShopA_Aw1
f 1197/6749 1198/6750 1199/6751 1200/6752 # ShopA_Aw1
f 1193/6753 1194/6754 1198/6755 1197/6756 # ShopA_Aw1
f 1194/6757 1195/6758 1199/6759 1198/6760 # ShopA_Aw1
f 1195/6761 1196/6762 1200/6763 1199/6764 # ShopA_Aw1
f 1196/6765 1193/6766 1197/6767 1200/6768 # ShopA_Aw1
f 1209/6769 1210/6770 1211/6771 1212/6772 # ShopA_Aw3
f 1213/6773 1214/6774 1215/6775 1216/6776 # ShopA_Aw3
f 1209/6777 1210/6778 1214/6779 1213/6780 # ShopA_Aw3
f 1210/6781 1211/6782 1215/6783 1214/6784 # ShopA_Aw3
f 1211/6785 1212/6786 1216/6787 1215/6788 # ShopA_Aw3
f 1212/6789 1209/6790 1213/6791 1216/6792 # ShopA_Aw3
f 1313/6793 1314/6794 1315/6795 1316/6796 # CotB_R1
f 1317/6797 1318/6798 1319/6799 1320/6800 # CotB_R1
f 1313/6801 1314/6802 1318/6803 1317/6804 # CotB_R1
f 1314/6805 1315/6806 1319/6807 1318/6808 # CotB_R1
f 1315/6809 1316/6810 1320/6811 1319/6812 # CotB_R1
f 1316/6813 1313/6814 1317/6815 1320/6816 # CotB_R1
f 1321/6817 1322/6818 1323/6819 1324/6820 # CotB_R2
f 1325/6821 1326/6822 1327/6823 1328/6824 # CotB_R2
f 1321/6825 1322/6826 1326/6827 1325/6828 # CotB_R2
f 1322/6829 1323/6830 1327/6831 1326/6832 # CotB_R2
f 1323/6833 1324/6834 1328/6835 1327/6836 # CotB_R2
f 1324/6837 1321/6838 1325/6839 1328/6840 # CotB_R2
f 1329/6841 1330/6842 1331/6843 1332/6844 # CotB_R3
f 1333/6845 1334/6846 1335/6847 1336/6848 # CotB_R3
f 1329/6849 1330/6850 1334/6851 1333/6852 # CotB_R3
f 1330/6853 1331/6854 1335/6855 1334/6856 # CotB_R3
f 1331/6857 1332/6858 1336/6859 1335/6860 # CotB_R3
f 1332/6861 1329/6862 1333/6863 1336/6864 # CotB_R3
f 1441/6865 1442/6866 1443/6867 1444/6868 # HouseC_R1
f 1445/6869 1446/6870 1447/6871 1448/6872 # HouseC_R1
f 1441/6873 1442/6874 1446/6875 1445/6876 # HouseC_R1
f 1442/6877 1443/6878 1447/6879 1446/6880 # HouseC_R1
f 1443/6881 1444/6882 1448/6883 1447/6884 # HouseC_R1
f 1444/6885 1441/6886 1445/6887 1448/6888 # HouseC_R1
f 1449/6889 1450/6890 1451/6891 1452/6892 # HouseC_R2
f 1453/6893 1454/6894 1455/6895 1456/6896 # HouseC_R2
f 1449/6897 1450/6898 1454/6899 1453/6900 # HouseC_R2
f 1450/6901 1451/6902 1455/6903 1454/6904 # HouseC_R2
f 1451/6905 1452/6906 1456/6907 1455/6908 # HouseC_R2
f 1452/6909 1449/6910 1453/6911 1456/6912 # HouseC_R2
f 1457/6913 1458/6914 1459/6915 1460/6916 # HouseC_R3
f 1461/6917 1462/6918 1463/6919 1464/6920 # HouseC_R3
f 1457/6921 1458/6922 1462/6923 1461/6924 # HouseC_R3
f 1458/6925 1459/6926 1463/6927 1462/6928 # HouseC_R3
f 1459/6929 1460/6930 1464/6931 1463/6932 # HouseC_R3
f 1460/6933 1457/6934 1461/6935 1464/6936 # HouseC_R3
f 1569/6937 1570/6938 1571/6939 1572/6940 # FarmH_R1
f 1573/6941 1574/6942 1575/6943 1576/6944 # FarmH_R1
f 1569/6945 1570/6946 1574/6947 1573/6948 # FarmH_R1
f 1570/6949 1571/6950 1575/6951 1574/6952 # FarmH_R1
f 1571/6953 1572/6954 1576/6955 1575/6956 # FarmH_R1
f 1572/6957 1569/6958 1573/6959 1576/6960 # FarmH_R1
f 1577/6961 1578/6962 1579/6963 1580/6964 # FarmH_R2
f 1581/6965 1582/6966 1583/6967 1584/6968 # FarmH_R2
f 1577/6969 1578/6970 1582/6971 1581/6972 # FarmH_R2
f 1578/6973 1579/6974 1583/6975 1582/6976 # FarmH_R2
f 1579/6977 1580/6978 1584/6979 1583/6980 # FarmH_R2
f 1580/6981 1577/6982 1581/6983 1584/6984 # FarmH_R2
f 1585/6985 1586/6986 1587/6987 1588/6988 # FarmH_R3
f 1589/6989 1590/6990 1591/6991 1592/6992 # FarmH_R3
f 1585/6993 1586/6994 1590/6995 1589/6996 # FarmH_R3
f 1586/6997 1587/6998 1591/6999 1590/7000 # FarmH_R3
f 1587/7001 1588/7002 1592/7003 1591/7004 # FarmH_R3
f 1588/7005 1585/7006 1589/7007 1592/7008 # FarmH_R3
f 1697/7009 1698/7010 1699/7011 1700/7012 # HouseD_R1
f 1701/7013 1702/7014 1703/7015 1704/7016 # HouseD_R1
f 1697/7017 1698/7018 1702/7019 1701/7020 # HouseD_R1
f 1698/7021 1699/7022 1703/7023 1702/7024 # HouseD_R1
f 1699/7025 1700/7026 1704/7027 1703/7028 # HouseD_R1
f 1700/7029 1697/7030 1701/7031 1704/7032 # HouseD_R1
f 1705/7033 1706/7034 1707/7035 1708/7036 # HouseD_R2
f 1709/7037 1710/7038 1711/7039 1712/7040 # HouseD_R2
f 1705/7041 1706/7042 1710/7043 1709/7044 # HouseD_R2
f 1706/7045 1707/7046 1711/7047 1710/7048 # HouseD_R2
f 1707/7049 1708/7050 1712/7051 1711/7052 # HouseD_R2
f 1708/7053 1705/7054 1709/7055 1712/7056 # HouseD_R2
f 1713/7057 1714/7058 1715/7059 1716/7060 # HouseD_R3
f 1717/7061 1718/7062 1719/7063 1720/7064 # HouseD_R3
f 1713/7065 1714/7066 1718/7067 1717/7068 # HouseD_R3
f 1714/7069 1715/7070 1719/7071 1718/7072 # HouseD_R3
f 1715/7073 1716/7074 1720/7075 1719/7076 # HouseD_R3
f 1716/7077 1713/7078 1717/7079 1720/7080 # HouseD_R3
f 1825/7081 1826/7082 1827/7083 1828/7084 # CotE_R1
f 1829/7085 1830/7086 1831/7087 1832/7088 # CotE_R1
f 1825/7089 1826/7090 1830/7091 1829/7092 # CotE_R1
f 1826/7093 1827/7094 1831/7095 1830/7096 # CotE_R1
f 1827/7097 1828/7098 1832/7099 1831/7100 # CotE_R1
f 1828/7101 1825/7102 1829/7103 1832/7104 # CotE_R1
f 1833/7105 1834/7106 1835/7107 1836/7108 # CotE_R2
f 1837/7109 1838/7110 1839/7111 1840/7112 # CotE_R2
f 1833/7113 1834/7114 1838/7115 1837/7116 # CotE_R2
f 1834/7117 1835/7118 1839/7119 1838/7120 # CotE_R2
f 1835/7121 1836/7122 1840/7123 1839/7124 # CotE_R2
f 1836/7125 1833/7126 1837/7127 1840/7128 # CotE_R2
f 1841/7129 1842/7130 1843/7131 1844/7132 # CotE_R3
f 1845/7133 1846/7134 1847/7135 1848/7136 # CotE_R3
f 1841/7137 1842/7138 1846/7139 1845/7140 # CotE_R3
f 1842/7141 1843/7142 1847/7143 1846/7144 # CotE_R3
f 1843/7145 1844/7146 1848/7147 1847/7148 # CotE_R3
f 1844/7149 1841/7150 1845/7151 1848/7152 # CotE_R3
f 1953/7153 1954/7154 1955/7155 1956/7156 # ShopB_R1
f 1957/7157 1958/7158 1959/7159 1960/7160 # ShopB_R1
f 1953/7161 1954/7162 1958/7163 1957/7164 # ShopB_R1
f 1954/7165 1955/7166 1959/7167 1958/7168 # ShopB_R1
f 1955/7169 1956/7170 1960/7171 1959/7172 # ShopB_R1
f 1956/7173 1953/7174 1957/7175 1960/7176 # ShopB_R1
f 1961/7177 1962/7178 1963/7179 1964/7180 # ShopB_R2
f 1965/7181 1966/7182 1967/7183 1968/7184 # ShopB_R2
f 1961/7185 1962/7186 1966/7187 1965/7188 # ShopB_R2
f 1962/7189 1963/7190 1967/7191 1966/7192 # ShopB_R2
f 1963/7193 1964/7194 1968/7195 1967/7196 # ShopB_R2
f 1964/7197 1961/7198 1965/7199 1968/7200 # ShopB_R2
f 1969/7201 1970/7202 1971/7203 1972/7204 # ShopB_R3
f 1973/7205 1974/7206 1975/7207 1976/7208 # ShopB_R3
f 1969/7209 1970/7210 1974/7211 1973/7212 # ShopB_R3
f 1970/7213 1971/7214 1975/7215 1974/7216 # ShopB_R3
f 1971/7217 1972/7218 1976/7219 1975/7220 # ShopB_R3
f 1972/7221 1969/7222 1973/7223 1976/7224 # ShopB_R3
f 1993/7225 1994/7226 1995/7227 1996/7228 # ShopB_Aw1
f 1997/7229 1998/7230 1999/7231 2000/7232 # ShopB_Aw1
f 1993/7233 1994/7234 1998/7235 1997/7236 # ShopB_Aw1
f 1994/7237 1995/7238 1999/7239 1998/7240 # ShopB_Aw1
f 1995/7241 1996/7242 2000/7243 1999/7244 # ShopB_Aw1
f 1996/7245 1993/7246 1997/7247 2000/7248 # ShopB_Aw1
f 2009/7249 2010/7250 2011/7251 2012/7252 # ShopB_Aw3
f 2013/7253 2014/7254 2015/7255 2016/7256 # ShopB_Aw3
f 2009/7257 2010/7258 2014/7259 2013/7260 # ShopB_Aw3
f 2010/7261 2011/7262 2015/7263 2014/7264 # ShopB_Aw3
f 2011/7265 2012/7266 2016/7267 2015/7268 # ShopB_Aw3
f 2012/7269 2009/7270 2013/7271 2016/7272 # ShopB_Aw3
f 2025/7273 2026/7274 2027/7275 2028/7276 # Ch_Roof1
f 2029/7277 2030/7278 2031/7279 2032/7280 # Ch_Roof1
f 2025/7281 2026/7282 2030/7283 2029/7284 # Ch_Roof1
f 2026/7285 2027/7286 2031/7287 2030/7288 # Ch_Roof1
f 2027/7289 2028/7290 2032/7291 2031/7292 # Ch_Roof1
f 2028/7293 2025/7294 2029/7295 2032/7296 # Ch_Roof1
f 2033/7297 2034/7298 2035/7299 2036/7300 # Ch_Roof2
f 2037/7301 2038/7302 2039/7303 2040/7304 # Ch_Roof2
f 2033/7305 2034/7306 2038/7307 2037/7308 # Ch_Roof2
f 2034/7309 2035/7310 2039/7311 2038/7312 # Ch_Roof2
f 2035/7313 2036/7314 2040/7315 2039/7316 # Ch_Roof2
f 2036/7317 2033/7318 2037/7319 2040/7320 # Ch_Roof2
f 2041/7321 2042/7322 2043/7323 2044/7324 # Ch_Roof3
f 2045/7325 2046/7326 2047/7327 2048/7328 # Ch_Roof3
f 2041/7329 2042/7330 2046/7331 2045/7332 # Ch_Roof3
f 2042/7333 2043/7334 2047/7335 2046/7336 # Ch_Roof3
f 2043/7337 2044/7338 2048/7339 2047/7340 # Ch_Roof3
f 2044/7341 2041/7342 2045/7343 2048/7344 # Ch_Roof3
f 2057/7345 2058/7346 2059/7347 2060/7348 # Ch_Spire1
f 2061/7349 2062/7350 2063/7351 2064/7352 # Ch_Spire1
f 2057/7353 2058/7354 2062/7355 2061/7356 # Ch_Spire1
f 2058/7357 2059/7358 2063/7359 2062/7360 # Ch_Spire1
f 2059/7361 2060/7362 2064/7363 2063/7364 # Ch_Spire1
f 2060/7365 2057/7366 2061/7367 2064/7368 # Ch_Spire1
f 2065/7369 2066/7370 2067/7371 2068/7372 # Ch_Spire2
f 2069/7373 2070/7374 2071/7375 2072/7376 # Ch_Spire2
f 2065/7377 2066/7378 2070/7379 2069/7380 # Ch_Spire2
f 2066/7381 2067/7382 2071/7383 2070/7384 # Ch_Spire2
f 2067/7385 2068/7386 2072/7387 2071/7388 # Ch_Spire2
f 2068/7389 2065/7390 2069/7391 2072/7392 # Ch_Spire2
f 2129/7393 2130/7394 2131/7395 2132/7396 # BarnRoof1
f 2133/7397 2134/7398 2135/7399 2136/7400 # BarnRoof1
f 2129/7401 2130/7402 2134/7403 2133/7404 # BarnRoof1
f 2130/7405 2131/7406 2135/7407 2134/7408 # BarnRoof1
f 2131/7409 2132/7410 2136/7411 2135/7412 # BarnRoof1
f 2132/7413 2129/7414 2133/7415 2136/7416 # BarnRoof1
f 2497/7417 2498/7418 2499/7419 2500/7420 # MillCap
f 2501/7421 2502/7422 2503/7423 2504/7424 # MillCap
f 2497/7425 2498/7426 2502/7427 2501/7428 # MillCap
f 2498/7429 2499/7430 2503/7431 2502/7432 # MillCap
f 2499/7433 2500/7434 2504/7435 2503/7436 # MillCap
f 2500/7437 2497/7438 2501/7439 2504/7440 # MillCap
o Gold
usemtl Gold
f 233/7441 234/7442 235/7443 236/7444 # TH_Flag
f 237/7445 238/7446 239/7447 240/7448 # TH_Flag
f 233/7449 234/7450 238/7451 237/7452 # TH_Flag
f 234/7453 235/7454 239/7455 238/7456 # TH_Flag
f 235/7457 236/7458 240/7459 239/7460 # TH_Flag
f 236/7461 233/7462 237/7463 240/7464 # TH_Flag
f 241/7465 242/7466 243/7467 244/7468 # TH_Clock
f 245/7469 246/7470 247/7471 248/7472 # TH_Clock
f 241/7473 242/7474 246/7475 245/7476 # TH_Clock
f 242/7477 243/7478 247/7479 246/7480 # TH_Clock
f 243/7481 244/7482 248/7483 247/7484 # TH_Clock
f 244/7485 241/7486 245/7487 248/7488 # TH_Clock
f 2073/7489 2074/7490 2075/7491 2076/7492 # Ch_CrossV
f 2077/7493 2078/7494 2079/7495 2080/7496 # Ch_CrossV
f 2073/7497 2074/7498 2078/7499 2077/7500 # Ch_CrossV
f 2074/7501 2075/7502 2079/7503 2078/7504 # Ch_CrossV
f 2075/7505 2076/7506 2080/7507 2079/7508 # Ch_CrossV
f 2076/7509 2073/7510 2077/7511 2080/7512 # Ch_CrossV
f 2081/7513 2082/7514 2083/7515 2084/7516 # Ch_CrossH
f 2085/7517 2086/7518 2087/7519 2088/7520 # Ch_CrossH
f 2081/7521 2082/7522 2086/7523 2085/7524 # Ch_CrossH
f 2082/7525 2083/7526 2087/7527 2086/7528 # Ch_CrossH
f 2083/7529 2084/7530 2088/7531 2087/7532 # Ch_CrossH
f 2084/7533 2081/7534 2085/7535 2088/7536 # Ch_CrossH
f 4033/7537 4034/7538 4035/7539 4036/7540 # Flower1
f 4037/7541 4038/7542 4039/7543 4040/7544 # Flower1
f 4033/7545 4034/7546 4038/7547 4037/7548 # Flower1
f 4034/7549 4035/7550 4039/7551 4038/7552 # Flower1
f 4035/7553 4036/7554 4040/7555 4039/7556 # Flower1
f 4036/7557 4033/7558 4037/7559 4040/7560 # Flower1
f 4065/7561 4066/7562 4067/7563 4068/7564 # Flower3
f 4069/7565 4070/7566 4071/7567 4072/7568 # Flower3
f 4065/7569 4066/7570 4070/7571 4069/7572 # Flower3
f 4066/7573 4067/7574 4071/7575 4070/7576 # Flower3
f 4067/7577 4068/7578 4072/7579 4071/7580 # Flower3
f 4068/7581 4065/7582 4069/7583 4072/7584 # Flower3
f 4097/7585 4098/7586 4099/7587 4100/7588 # Flower5
f 4101/7589 4102/7590 4103/7591 4104/7592 # Flower5
f 4097/7593 4098/7594 4102/7595 4101/7596 # Flower5
f 4098/7597 4099/7598 4103/7599 4102/7600 # Flower5
f 4099/7601 4100/7602 4104/7603 4103/7604 # Flower5
f 4100/7605 4097/7606 4101/7607 4104/7608 # Flower5
f 4129/7609 4130/7610 4131/7611 4132/7612 # Flower7
f 4133/7613 4134/7614 4135/7615 4136/7616 # Flower7
f 4129/7617 4130/7618 4134/7619 4133/7620 # Flower7
f 4130/7621 4131/7622 4135/7623 4134/7624 # Flower7
f 4131/7625 4132/7626 4136/7627 4135/7628 # Flower7
f 4132/7629 4129/7630 4133/7631 4136/7632 # Flower7
f 4161/7633 4162/7634 4163/7635 4164/7636 # Flower9
f 4165/7637 4166/7638 4167/7639 4168/7640 # Flower9
f 4161/7641 4162/7642 4166/7643 4165/7644 # Flower9
f 4162/7645 4163/7646 4167/7647 4166/7648 # Flower9
f 4163/7649 4164/7650 4168/7651 4167/7652 # Flower9
f 4164/7653 4161/7654 4165/7655 4168/7656 # Flower9
o Slate
usemtl Slate
f 249/7657 250/7658 251/7659 252/7660 # TH_HandV
f 253/7661 254/7662 255/7663 256/7664 # TH_HandV
f 249/7665 250/7666 254/7667 253/7668 # TH_HandV
f 250/7669 251/7670 255/7671 254/7672 # TH_HandV
f 251/7673 252/7674 256/7675 255/7676 # TH_HandV
f 252/7677 249/7678 253/7679 256/7680 # TH_HandV
f 257/7681 258/7682 259/7683 260/7684 # TH_HandH
f 261/7685 262/7686 263/7687 264/7688 # TH_HandH
f 257/7689 258/7690 262/7691 261/7692 # TH_HandH
f 258/7693 259/7694 263/7695 262/7696 # TH_HandH
f 259/7697 260/7698 264/7699 263/7700 # TH_HandH
f 260/7701 257/7702 261/7703 264/7704 # TH_HandH
o Glass
usemtl Glass
f 297/7705 298/7706 299/7707 300/7708 # TH_WinF_-8
f 301/7709 302/7710 303/7711 304/7712 # TH_WinF_-8
f 297/7713 298/7714 302/7715 301/7716 # TH_WinF_-8
f 298/7717 299/7718 303/7719 302/7720 # TH_WinF_-8
f 299/7721 300/7722 304/7723 303/7724 # TH_WinF_-8
f 300/7725 297/7726 301/7727 304/7728 # TH_WinF_-8
f 305/7729 306/7730 307/7731 308/7732 # TH_WinF_-4.5
f 309/7733 310/7734 311/7735 312/7736 # TH_WinF_-4.5
f 305/7737 306/7738 310/7739 309/7740 # TH_WinF_-4.5
f 306/7741 307/7742 311/7743 310/7744 # TH_WinF_-4.5
f 307/7745 308/7746 312/7747 311/7748 # TH_WinF_-4.5
f 308/7749 305/7750 309/7751 312/7752 # TH_WinF_-4.5
f 313/7753 314/7754 315/7755 316/7756 # TH_WinF_4.5
f 317/7757 318/7758 319/7759 320/7760 # TH_WinF_4.5
f 313/7761 314/7762 318/7763 317/7764 # TH_WinF_4.5
f 314/7765 315/7766 319/7767 318/7768 # TH_WinF_4.5
f 315/7769 316/7770 320/7771 319/7772 # TH_WinF_4.5
f 316/7773 313/7774 317/7775 320/7776 # TH_WinF_4.5
f 321/7777 322/7778 323/7779 324/7780 # TH_WinF_8
f 325/7781 326/7782 327/7783 328/7784 # TH_WinF_8
f 321/7785 322/7786 326/7787 325/7788 # TH_WinF_8
f 322/7789 323/7790 327/7791 326/7792 # TH_WinF_8
f 323/7793 324/7794 328/7795 327/7796 # TH_WinF_8
f 324/7797 321/7798 325/7799 328/7800 # TH_WinF_8
f 329/7801 330/7802 331/7803 332/7804 # TH_WinB_-8
f 333/7805 334/7806 335/7807 336/7808 # TH_WinB_-8
f 329/7809 330/7810 334/7811 333/7812 # TH_WinB_-8
f 330/7813 331/7814 335/7815 334/7816 # TH_WinB_-8
f 331/7817 332/7818 336/7819 335/7820 # TH_WinB_-8
f 332/7821 329/7822 333/7823 336/7824 # TH_WinB_-8
f 337/7825 338/7826 339/7827 340/7828 # TH_WinB_-4.5
f 341/7829 342/7830 343/7831 344/7832 # TH_WinB_-4.5
f 337/7833 338/7834 342/7835 341/7836 # TH_WinB_-4.5
f 338/7837 339/7838 343/7839 342/7840 # TH_WinB_-4.5
f 339/7841 340/7842 344/7843 343/7844 # TH_WinB_-4.5
f 340/7845 337/7846 341/7847 344/7848 # TH_WinB_-4.5
f 345/7849 346/7850 347/7851 348/7852 # TH_WinB_4.5
f 349/7853 350/7854 351/7855 352/7856 # TH_WinB_4.5
f 345/7857 346/7858 350/7859 349/7860 # TH_WinB_4.5
f 346/7861 347/7862 351/7863 350/7864 # TH_WinB_4.5
f 347/7865 348/7866 352/7867 351/7868 # TH_WinB_4.5
f 348/7869 345/7870 349/7871 352/7872 # TH_WinB_4.5
f 353/7873 354/7874 355/7875 356/7876 # TH_WinB_8
f 357/7877 358/7878 359/7879 360/7880 # TH_WinB_8
f 353/7881 354/7882 358/7883 357/7884 # TH_WinB_8
f 354/7885 355/7886 359/7887 358/7888 # TH_WinB_8
f 355/7889 356/7890 360/7891 359/7892 # TH_WinB_8
f 356/7893 353/7894 357/7895 360/7896 # TH_WinB_8
f 361/7897 362/7898 363/7899 364/7900 # TH_WinL_-6
f 365/7901 366/7902 367/7903 368/7904 # TH_WinL_-6
f 361/7905 362/7906 366/7907 365/7908 # TH_WinL_-6
f 362/7909 363/7910 367/7911 366/7912 # TH_WinL_-6
f 363/7913 364/7914 368/7915 367/7916 # TH_WinL_-6
f 364/7917 361/7918 365/7919 368/7920 # TH_WinL_-6
f 369/7921 370/7922 371/7923 372/7924 # TH_WinR_-6
f 373/7925 374/7926 375/7927 376/7928 # TH_WinR_-6
f 369/7929 370/7930 374/7931 373/7932 # TH_WinR_-6
f 370/7933 371/7934 375/7935 374/7936 # TH_WinR_-6
f 371/7937 372/7938 376/7939 375/7940 # TH_WinR_-6
f 372/7941 369/7942 373/7943 376/7944 # TH_WinR_-6
f 377/7945 378/7946 379/7947 380/7948 # TH_WinL_2
f 381/7949 382/7950 383/7951 384/7952 # TH_WinL_2
f 377/7953 378/7954 382/7955 381/7956 # TH_WinL_2
f 378/7957 379/7958 383/7959 382/7960 # TH_WinL_2
f 379/7961 380/7962 384/7963 383/7964 # TH_WinL_2
f 380/7965 377/7966 381/7967 384/7968 # TH_WinL_2
f 385/7969 386/7970 387/7971 388/7972 # TH_WinR_2
f 389/7973 390/7974 391/7975 392/7976 # TH_WinR_2
f 385/7977 386/7978 390/7979 389/7980 # TH_WinR_2
f 386/7981 387/7982 391/7983 390/7984 # TH_WinR_2
f 387/7985 388/7986 392/7987 391/7988 # TH_WinR_2
f 388/7989 385/7990 389/7991 392/7992 # TH_WinR_2
f 961/7993 962/7994 963/7995 964/7996 # CotA_WinF-1
f 965/7997 966/7998 967/7999 968/8000 # CotA_WinF-1
f 961/8001 962/8002 966/8003 965/8004 # CotA_WinF-1
f 962/8005 963/8006 967/8007 966/8008 # CotA_WinF-1
f 963/8009 964/8010 968/8011 967/8012 # CotA_WinF-1
f 964/8013 961/8014 965/8015 968/8016 # CotA_WinF-1
f 969/8017 970/8018 971/8019 972/8020 # CotA_WinS-1
f 973/8021 974/8022 975/8023 976/8024 # CotA_WinS-1
f 969/8025 970/8026 974/8027 973/8028 # CotA_WinS-1
f 970/8029 971/8030 975/8031 974/8032 # CotA_WinS-1
f 971/8033 972/8034 976/8035 975/8036 # CotA_WinS-1
f 972/8037 969/8038 973/8039 976/8040 # CotA_WinS-1
f 977/8041 978/8042 979/8043 980/8044 # CotA_WinF1
f 981/8045 982/8046 983/8047 984/8048 # CotA_WinF1
f 977/8049 978/8050 982/8051 981/8052 # CotA_WinF1
f 978/8053 979/8054 983/8055 982/8056 # CotA_WinF1
f 979/8057 980/8058 984/8059 983/8060 # CotA_WinF1
f 980/8061 977/8062 981/8063 984/8064 # CotA_WinF1
f 985/8065 986/8066 987/8067 988/8068 # CotA_WinS1
f 989/8069 990/8070 991/8071 992/8072 # CotA_WinS1
f 985/8073 986/8074 990/8075 989/8076 # CotA_WinS1
f 986/8077 987/8078 991/8079 990/8080 # CotA_WinS1
f 987/8081 988/8082 992/8083 991/8084 # CotA_WinS1
f 988/8085 985/8086 989/8087 992/8088 # CotA_WinS1
f 1089/8089 1090/8090 1091/8091 1092/8092 # ShopA_WinF-1
f 1093/8093 1094/8094 1095/8095 1096/8096 # ShopA_WinF-1
f 1089/8097 1090/8098 1094/8099 1093/8100 # ShopA_WinF-1
f 1090/8101 1091/8102 1095/8103 1094/8104 # ShopA_WinF-1
f 1091/8105 1092/8106 1096/8107 1095/8108 # ShopA_WinF-1
f 1092/8109 1089/8110 1093/8111 1096/8112 # ShopA_WinF-1
f 1097/8113 1098/8114 1099/8115 1100/8116 # ShopA_WinS-1
f 1101/8117 1102/8118 1103/8119 1104/8120 # ShopA_WinS-1
f 1097/8121 1098/8122 1102/8123 1101/8124 # ShopA_WinS-1
f 1098/8125 1099/8126 1103/8127 1102/8128 # ShopA_WinS-1
f 1099/8129 1100/8130 1104/8131 1103/8132 # ShopA_WinS-1
f 1100/8133 1097/8134 1101/8135 1104/8136 # ShopA_WinS-1
f 1105/8137 1106/8138 1107/8139 1108/8140 # ShopA_WinF1
f 1109/8141 1110/8142 1111/8143 1112/8144 # ShopA_WinF1
f 1105/8145 1106/8146 1110/8147 1109/8148 # ShopA_WinF1
f 1106/8149 1107/8150 1111/8151 1110/8152 # ShopA_WinF1
f 1107/8153 1108/8154 1112/8155 1111/8156 # ShopA_WinF1
f 1108/8157 1105/8158 1109/8159 1112/8160 # ShopA_WinF1
f 1113/8161 1114/8162 1115/8163 1116/8164 # ShopA_WinS1
f 1117/8165 1118/8166 1119/8167 1120/8168 # ShopA_WinS1
f 1113/8169 1114/8170 1118/8171 1117/8172 # ShopA_WinS1
f 1114/8173 1115/8174 1119/8175 1118/8176 # ShopA_WinS1
f 1115/8177 1116/8178 1120/8179 1119/8180 # ShopA_WinS1
f 1116/8181 1113/8182 1117/8183 1120/8184 # ShopA_WinS1
f 1249/8185 1250/8186 1251/8187 1252/8188 # CotB_WinF-1
f 1253/8189 1254/8190 1255/8191 1256/8192 # CotB_WinF-1
f 1249/8193 1250/8194 1254/8195 1253/8196 # CotB_WinF-1
f 1250/8197 1251/8198 1255/8199 1254/8200 # CotB_WinF-1
f 1251/8201 1252/8202 1256/8203 1255/8204 # CotB_WinF-1
f 1252/8205 1249/8206 1253/8207 1256/8208 # CotB_WinF-1
f 1257/8209 1258/8210 1259/8211 1260/8212 # CotB_WinS-1
f 1261/8213 1262/8214 1263/8215 1264/8216 # CotB_WinS-1
f 1257/8217 1258/8218 1262/8219 1261/8220 # CotB_WinS-1
f 1258/8221 1259/8222 1263/8223 1262/8224 # CotB_WinS-1
f 1259/8225 1260/8226 1264/8227 1263/8228 # CotB_WinS-1
f 1260/8229 1257/8230 1261/8231 1264/8232 # CotB_WinS-1
f 1265/8233 1266/8234 1267/8235 1268/8236 # CotB_WinF1
f 1269/8237 1270/8238 1271/8239 1272/8240 # CotB_WinF1
f 1265/8241 1266/8242 1270/8243 1269/8244 # CotB_WinF1
f 1266/8245 1267/8246 1271/8247 1270/8248 # CotB_WinF1
f 1267/8249 1268/8250 1272/8251 1271/8252 # CotB_WinF1
f 1268/8253 1265/8254 1269/8255 1272/8256 # CotB_WinF1
f 1273/8257 1274/8258 1275/8259 1276/8260 # CotB_WinS1
f 1277/8261 1278/8262 1279/8263 1280/8264 # CotB_WinS1
f 1273/8265 1274/8266 1278/8267 1277/8268 # CotB_WinS1
f 1274/8269 1275/8270 1279/8271 1278/8272 # CotB_WinS1
f 1275/8273 1276/8274 1280/8275 1279/8276 # CotB_WinS1
f 1276/8277 1273/8278 1277/8279 1280/8280 # CotB_WinS1
f 1377/8281 1378/8282 1379/8283 1380/8284 # HouseC_WinF-1
f 1381/8285 1382/8286 1383/8287 1384/8288 # HouseC_WinF-1
f 1377/8289 1378/8290 1382/8291 1381/8292 # HouseC_WinF-1
f 1378/8293 1379/8294 1383/8295 1382/8296 # HouseC_WinF-1
f 1379/8297 1380/8298 1384/8299 1383/8300 # HouseC_WinF-1
f 1380/8301 1377/8302 1381/8303 1384/8304 # HouseC_WinF-1
f 1385/8305 1386/8306 1387/8307 1388/8308 # HouseC_WinS-1
f 1389/8309 1390/8310 1391/8311 1392/8312 # HouseC_WinS-1
f 1385/8313 1386/8314 1390/8315 1389/8316 # HouseC_WinS-1
f 1386/8317 1387/8318 1391/8319 1390/8320 # HouseC_WinS-1
f 1387/8321 1388/8322 1392/8323 1391/8324 # HouseC_WinS-1
f 1388/8325 1385/8326 1389/8327 1392/8328 # HouseC_WinS-1
f 1393/8329 1394/8330 1395/8331 1396/8332 # HouseC_WinF1
f 1397/8333 1398/8334 1399/8335 1400/8336 # HouseC_WinF1
f 1393/8337 1394/8338 1398/8339 1397/8340 # HouseC_WinF1
f 1394/8341 1395/8342 1399/8343 1398/8344 # HouseC_WinF1
f 1395/8345 1396/8346 1400/8347 1399/8348 # HouseC_WinF1
f 1396/8349 1393/8350 1397/8351 1400/8352 # HouseC_WinF1
f 1401/8353 1402/8354 1403/8355 1404/8356 # HouseC_WinS1
f 1405/8357 1406/8358 1407/8359 1408/8360 # HouseC_WinS1
f 1401/8361 1402/8362 1406/8363 1405/8364 # HouseC_WinS1
f 1402/8365 1403/8366 1407/8367 1406/8368 # HouseC_WinS1
f 1403/8369 1404/8370 1408/8371 1407/8372 # HouseC_WinS1
f 1404/8373 1401/8374 1405/8375 1408/8376 # HouseC_WinS1
f 1505/8377 1506/8378 1507/8379 1508/8380 # FarmH_WinF-1
f 1509/8381 1510/8382 1511/8383 1512/8384 # FarmH_WinF-1
f 1505/8385 1506/8386 1510/8387 1509/8388 # FarmH_WinF-1
f 1506/8389 1507/8390 1511/8391 1510/8392 # FarmH_WinF-1
f 1507/8393 1508/8394 1512/8395 1511/8396 # FarmH_WinF-1
f 1508/8397 1505/8398 1509/8399 1512/8400 # FarmH_WinF-1
f 1513/8401 1514/8402 1515/8403 1516/8404 # FarmH_WinS-1
f 1517/8405 1518/8406 1519/8407 1520/8408 # FarmH_WinS-1
f 1513/8409 1514/8410 1518/8411 1517/8412 # FarmH_WinS-1
f 1514/8413 1515/8414 1519/8415 1518/8416 # FarmH_WinS-1
f 1515/8417 1516/8418 1520/8419 1519/8420 # FarmH_WinS-1
f 1516/8421 1513/8422 1517/8423 1520/8424 # FarmH_WinS-1
f 1521/8425 1522/8426 1523/8427 1524/8428 # FarmH_WinF1
f 1525/8429 1526/8430 1527/8431 1528/8432 # FarmH_WinF1
f 1521/8433 1522/8434 1526/8435 1525/8436 # FarmH_WinF1
f 1522/8437 1523/8438 1527/8439 1526/8440 # FarmH_WinF1
f 1523/8441 1524/8442 1528/8443 1527/8444 # FarmH_WinF1
f 1524/8445 1521/8446 1525/8447 1528/8448 # FarmH_WinF1
f 1529/8449 1530/8450 1531/8451 1532/8452 # FarmH_WinS1
f 1533/8453 1534/8454 1535/8455 1536/8456 # FarmH_WinS1
f 1529/8457 1530/8458 1534/8459 1533/8460 # FarmH_WinS1
f 1530/8461 1531/8462 1535/8463 1534/8464 # FarmH_WinS1
f 1531/8465 1532/8466 1536/8467 1535/8468 # FarmH_WinS1
f 1532/8469 1529/8470 1533/8471 1536/8472 # FarmH_WinS1
f 1633/8473 1634/8474 1635/8475 1636/8476 # HouseD_WinF-1
f 1637/8477 1638/8478 1639/8479 1640/8480 # HouseD_WinF-1
f 1633/8481 1634/8482 1638/8483 1637/8484 # HouseD_WinF-1
f 1634/8485 1635/8486 1639/8487 1638/8488 # HouseD_WinF-1
f 1635/8489 1636/8490 1640/8491 1639/8492 # HouseD_WinF-1
f 1636/8493 1633/8494 1637/8495 1640/8496 # HouseD_WinF-1
f 1641/8497 1642/8498 1643/8499 1644/8500 # HouseD_WinS-1
f 1645/8501 1646/8502 1647/8503 1648/8504 # HouseD_WinS-1
f 1641/8505 1642/8506 1646/8507 1645/8508 # HouseD_WinS-1
f 1642/8509 1643/8510 1647/8511 1646/8512 # HouseD_WinS-1
f 1643/8513 1644/8514 1648/8515 1647/8516 # HouseD_WinS-1
f 1644/8517 1641/8518 1645/8519 1648/8520 # HouseD_WinS-1
f 1649/8521 1650/8522 1651/8523 1652/8524 # HouseD_WinF1
f 1653/8525 1654/8526 1655/8527 1656/8528 # HouseD_WinF1
f 1649/8529 1650/8530 1654/8531 1653/8532 # HouseD_WinF1
f 1650/8533 1651/8534 1655/8535 1654/8536 # HouseD_WinF1
f 1651/8537 1652/8538 1656/8539 1655/8540 # HouseD_WinF1
f 1652/8541 1649/8542 1653/8543 1656/8544 # HouseD_WinF1
f 1657/8545 1658/8546 1659/8547 1660/8548 # HouseD_WinS1
f 1661/8549 1662/8550 1663/8551 1664/8552 # HouseD_WinS1
f 1657/8553 1658/8554 1662/8555 1661/8556 # HouseD_WinS1
f 1658/8557 1659/8558 1663/8559 1662/8560 # HouseD_WinS1
f 1659/8561 1660/8562 1664/8563 1663/8564 # HouseD_WinS1
f 1660/8565 1657/8566 1661/8567 1664/8568 # HouseD_WinS1
f 1761/8569 1762/8570 1763/8571 1764/8572 # CotE_WinF-1
f 1765/8573 1766/8574 1767/8575 1768/8576 # CotE_WinF-1
f 1761/8577 1762/8578 1766/8579 1765/8580 # CotE_WinF-1
f 1762/8581 1763/8582 1767/8583 1766/8584 # CotE_WinF-1
f 1763/8585 1764/8586 1768/8587 1767/8588 # CotE_WinF-1
f 1764/8589 1761/8590 1765/8591 1768/8592 # CotE_WinF-1
f 1769/8593 1770/8594 1771/8595 1772/8596 # CotE_WinS-1
f 1773/8597 1774/8598 1775/8599 1776/8600 # CotE_WinS-1
f 1769/8601 1770/8602 1774/8603 1773/8604 # CotE_WinS-1
f 1770/8605 1771/8606 1775/8607 1774/8608 # CotE_WinS-1
f 1771/8609 1772/8610 1776/8611 1775/8612 # CotE_WinS-1
f 1772/8613 1769/8614 1773/8615 1776/8616 # CotE_WinS-1
f 1777/8617 1778/8618 1779/8619 1780/8620 # CotE_WinF1
f 1781/8621 1782/8622 1783/8623 1784/8624 # CotE_WinF1
f 1777/8625 1778/8626 1782/8627 1781/8628 # CotE_WinF1
f 1778/8629 1779/8630 1783/8631 1782/8632 # CotE_WinF1
f 1779/8633 1780/8634 1784/8635 1783/8636 # CotE_WinF1
f 1780/8637 1777/8638 1781/8639 1784/8640 # CotE_WinF1
f 1785/8641 1786/8642 1787/8643 1788/8644 # CotE_WinS1
f 1789/8645 1790/8646 1791/8647 1792/8648 # CotE_WinS1
f 1785/8649 1786/8650 1790/8651 1789/8652 # CotE_WinS1
f 1786/8653 1787/8654 1791/8655 1790/8656 # CotE_WinS1
f 1787/8657 1788/8658 1792/8659 1791/8660 # CotE_WinS1
f 1788/8661 1785/8662 1789/8663 1792/8664 # CotE_WinS1
f 1889/8665 1890/8666 1891/8667 1892/8668 # ShopB_WinF-1
f 1893/8669 1894/8670 1895/8671 1896/8672 # ShopB_WinF-1
f 1889/8673 1890/8674 1894/8675 1893/8676 # ShopB_WinF-1
f 1890/8677 1891/8678 1895/8679 1894/8680 # ShopB_WinF-1
f 1891/8681 1892/8682 1896/8683 1895/8684 # ShopB_WinF-1
f 1892/8685 1889/8686 1893/8687 1896/8688 # ShopB_WinF-1
f 1897/8689 1898/8690 1899/8691 1900/8692 # ShopB_WinS-1
f 1901/8693 1902/8694 1903/8695 1904/8696 # ShopB_WinS-1
f 1897/8697 1898/8698 1902/8699 1901/8700 # ShopB_WinS-1
f 1898/8701 1899/8702 1903/8703 1902/8704 # ShopB_WinS-1
f 1899/8705 1900/8706 1904/8707 1903/8708 # ShopB_WinS-1
f 1900/8709 1897/8710 1901/8711 1904/8712 # ShopB_WinS-1
f 1905/8713 1906/8714 1907/8715 1908/8716 # ShopB_WinF1
f 1909/8717 1910/8718 1911/8719 1912/8720 # ShopB_WinF1
f 1905/8721 1906/8722 1910/8723 1909/8724 # ShopB_WinF1
f 1906/8725 1907/8726 1911/8727 1910/8728 # ShopB_WinF1
f 1907/8729 1908/8730 1912/8731 1911/8732 # ShopB_WinF1
f 1908/8733 1905/8734 1909/8735 1912/8736 # ShopB_WinF1
f 1913/8737 1914/8738 1915/8739 1916/8740 # ShopB_WinS1
f 1917/8741 1918/8742 1919/8743 1920/8744 # ShopB_WinS1
f 1913/8745 1914/8746 1918/8747 1917/8748 # ShopB_WinS1
f 1914/8749 1915/8750 1919/8751 1918/8752 # ShopB_WinS1
f 1915/8753 1916/8754 1920/8755 1919/8756 # ShopB_WinS1
f 1916/8757 1913/8758 1917/8759 1920/8760 # ShopB_WinS1
f 2097/8761 2098/8762 2099/8763 2100/8764 # Ch_Win1
f 2101/8765 2102/8766 2103/8767 2104/8768 # Ch_Win1
f 2097/8769 2098/8770 2102/8771 2101/8772 # Ch_Win1
f 2098/8773 2099/8774 2103/8775 2102/8776 # Ch_Win1
f 2099/8777 2100/8778 2104/8779 2103/8780 # Ch_Win1
f 2100/8781 2097/8782 2101/8783 2104/8784 # Ch_Win1
f 2105/8785 2106/8786 2107/8787 2108/8788 # Ch_Win2
f 2109/8789 2110/8790 2111/8791 2112/8792 # Ch_Win2
f 2105/8793 2106/8794 2110/8795 2109/8796 # Ch_Win2
f 2106/8797 2107/8798 2111/8799 2110/8800 # Ch_Win2
f 2107/8801 2108/8802 2112/8803 2111/8804 # Ch_Win2
f 2108/8805 2105/8806 2109/8807 2112/8808 # Ch_Win2
f 2113/8809 2114/8810 2115/8811 2116/8812 # Ch_Win3
f 2117/8813 2118/8814 2119/8815 2120/8816 # Ch_Win3
f 2113/8817 2114/8818 2118/8819 2117/8820 # Ch_Win3
f 2114/8821 2115/8822 2119/8823 2118/8824 # Ch_Win3
f 2115/8825 2116/8826 2120/8827 2119/8828 # Ch_Win3
f 2116/8829 2113/8830 2117/8831 2120/8832 # Ch_Win3
f 2161/8833 2162/8834 2163/8835 2164/8836 # BarnWin
f 2165/8837 2166/8838 2167/8839 2168/8840 # BarnWin
f 2161/8841 2162/8842 2166/8843 2165/8844 # BarnWin
f 2162/8845 2163/8846 2167/8847 2166/8848 # BarnWin
f 2163/8849 2164/8850 2168/8851 2167/8852 # BarnWin
f 2164/8853 2161/8854 2165/8855 2168/8856 # BarnWin
o LampGlow
usemtl LampGlow
f 409/8857 410/8858 411/8859 412/8860 # TH_LampH_-14.5
f 413/8861 414/8862 415/8863 416/8864 # TH_LampH_-14.5
f 409/8865 410/8866 414/8867 413/8868 # TH_LampH_-14.5
f 410/8869 411/8870 415/8871 414/8872 # TH_LampH_-14.5
f 411/8873 412/8874 416/8875 415/8876 # TH_LampH_-14.5
f 412/8877 409/8878 413/8879 416/8880 # TH_LampH_-14.5
f 433/8881 434/8882 435/8883 436/8884 # TH_LampH_14.5
f 437/8885 438/8886 439/8887 440/8888 # TH_LampH_14.5
f 433/8889 434/8890 438/8891 437/8892 # TH_LampH_14.5
f 434/8893 435/8894 439/8895 438/8896 # TH_LampH_14.5
f 435/8897 436/8898 440/8899 439/8900 # TH_LampH_14.5
f 436/8901 433/8902 437/8903 440/8904 # TH_LampH_14.5
f 2801/8905 2802/8906 2803/8907 2804/8908 # LampH0
f 2805/8909 2806/8910 2807/8911 2808/8912 # LampH0
f 2801/8913 2802/8914 2806/8915 2805/8916 # LampH0
f 2802/8917 2803/8918 2807/8919 2806/8920 # LampH0
f 2803/8921 2804/8922 2808/8923 2807/8924 # LampH0
f 2804/8925 2801/8926 2805/8927 2808/8928 # LampH0
f 2817/8929 2818/8930 2819/8931 2820/8932 # LampH1
f 2821/8933 2822/8934 2823/8935 2824/8936 # LampH1
f 2817/8937 2818/8938 2822/8939 2821/8940 # LampH1
f 2818/8941 2819/8942 2823/8943 2822/8944 # LampH1
f 2819/8945 2820/8946 2824/8947 2823/8948 # LampH1
f 2820/8949 2817/8950 2821/8951 2824/8952 # LampH1
f 2833/8953 2834/8954 2835/8955 2836/8956 # LampH2
f 2837/8957 2838/8958 2839/8959 2840/8960 # LampH2
f 2833/8961 2834/8962 2838/8963 2837/8964 # LampH2
f 2834/8965 2835/8966 2839/8967 2838/8968 # LampH2
f 2835/8969 2836/8970 2840/8971 2839/8972 # LampH2
f 2836/8973 2833/8974 2837/8975 2840/8976 # LampH2
f 2849/8977 2850/8978 2851/8979 2852/8980 # LampH3
f 2853/8981 2854/8982 2855/8983 2856/8984 # LampH3
f 2849/8985 2850/8986 2854/8987 2853/8988 # LampH3
f 2850/8989 2851/8990 2855/8991 2854/8992 # LampH3
f 2851/8993 2852/8994 2856/8995 2855/8996 # LampH3
f 2852/8997 2849/8998 2853/8999 2856/9000 # LampH3
f 2865/9001 2866/9002 2867/9003 2868/9004 # LampH4
f 2869/9005 2870/9006 2871/9007 2872/9008 # LampH4
f 2865/9009 2866/9010 2870/9011 2869/9012 # LampH4
f 2866/9013 2867/9014 2871/9015 2870/9016 # LampH4
f 2867/9017 2868/9018 2872/9019 2871/9020 # LampH4
f 2868/9021 2865/9022 2869/9023 2872/9024 # LampH4
f 2881/9025 2882/9026 2883/9027 2884/9028 # LampH5
f 2885/9029 2886/9030 2887/9031 2888/9032 # LampH5
f 2881/9033 2882/9034 2886/9035 2885/9036 # LampH5
f 2882/9037 2883/9038 2887/9039 2886/9040 # LampH5
f 2883/9041 2884/9042 2888/9043 2887/9044 # LampH5
f 2884/9045 2881/9046 2885/9047 2888/9048 # LampH5
f 2897/9049 2898/9050 2899/9051 2900/9052 # LampH6
f 2901/9053 2902/9054 2903/9055 2904/9056 # LampH6
f 2897/9057 2898/9058 2902/9059 2901/9060 # LampH6
f 2898/9061 2899/9062 2903/9063 2902/9064 # LampH6
f 2899/9065 2900/9066 2904/9067 2903/9068 # LampH6
f 2900/9069 2897/9070 2901/9071 2904/9072 # LampH6
f 2913/9073 2914/9074 2915/9075 2916/9076 # LampH7
f 2917/9077 2918/9078 2919/9079 2920/9080 # LampH7
f 2913/9081 2914/9082 2918/9083 2917/9084 # LampH7
f 2914/9085 2915/9086 2919/9087 2918/9088 # LampH7
f 2915/9089 2916/9090 2920/9091 2919/9092 # LampH7
f 2916/9093 2913/9094 2917/9095 2920/9096 # LampH7
f 2929/9097 2930/9098 2931/9099 2932/9100 # LampH8
f 2933/9101 2934/9102 2935/9103 2936/9104 # LampH8
f 2929/9105 2930/9106 2934/9107 2933/9108 # LampH8
f 2930/9109 2931/9110 2935/9111 2934/9112 # LampH8
f 2931/9113 2932/9114 2936/9115 2935/9116 # LampH8
f 2932/9117 2929/9118 2933/9119 2936/9120 # LampH8
f 2945/9121 2946/9122 2947/9123 2948/9124 # LampH9
f 2949/9125 2950/9126 2951/9127 2952/9128 # LampH9
f 2945/9129 2946/9130 2950/9131 2949/9132 # LampH9
f 2946/9133 2947/9134 2951/9135 2950/9136 # LampH9
f 2947/9137 2948/9138 2952/9139 2951/9140 # LampH9
f 2948/9141 2945/9142 2949/9143 2952/9144 # LampH9
f 2961/9145 2962/9146 2963/9147 2964/9148 # LampH10
f 2965/9149 2966/9150 2967/9151 2968/9152 # LampH10
f 2961/9153 2962/9154 2966/9155 2965/9156 # LampH10
f 2962/9157 2963/9158 2967/9159 2966/9160 # LampH10
f 2963/9161 2964/9162 2968/9163 2967/9164 # LampH10
f 2964/9165 2961/9166 2965/9167 2968/9168 # LampH10
f 2977/9169 2978/9170 2979/9171 2980/9172 # LampH11
f 2981/9173 2982/9174 2983/9175 2984/9176 # LampH11
f 2977/9177 2978/9178 2982/9179 2981/9180 # LampH11
f 2978/9181 2979/9182 2983/9183 2982/9184 # LampH11
f 2979/9185 2980/9186 2984/9187 2983/9188 # LampH11
f 2980/9189 2977/9190 2981/9191 2984/9192 # LampH11
f 2993/9193 2994/9194 2995/9195 2996/9196 # LampH12
f 2997/9197 2998/9198 2999/9199 3000/9200 # LampH12
f 2993/9201 2994/9202 2998/9203 2997/9204 # LampH12
f 2994/9205 2995/9206 2999/9207 2998/9208 # LampH12
f 2995/9209 2996/9210 3000/9211 2999/9212 # LampH12
f 2996/9213 2993/9214 2997/9215 3000/9216 # LampH12
f 3009/9217 3010/9218 3011/9219 3012/9220 # LampH13
f 3013/9221 3014/9222 3015/9223 3016/9224 # LampH13
f 3009/9225 3010/9226 3014/9227 3013/9228 # LampH13
f 3010/9229 3011/9230 3015/9231 3014/9232 # LampH13
f 3011/9233 3012/9234 3016/9235 3015/9236 # LampH13
f 3012/9237 3009/9238 3013/9239 3016/9240 # LampH13
f 3025/9241 3026/9242 3027/9243 3028/9244 # LampH14
f 3029/9245 3030/9246 3031/9247 3032/9248 # LampH14
f 3025/9249 3026/9250 3030/9251 3029/9252 # LampH14
f 3026/9253 3027/9254 3031/9255 3030/9256 # LampH14
f 3027/9257 3028/9258 3032/9259 3031/9260 # LampH14
f 3028/9261 3025/9262 3029/9263 3032/9264 # LampH14
f 3041/9265 3042/9266 3043/9267 3044/9268 # LampH15
f 3045/9269 3046/9270 3047/9271 3048/9272 # LampH15
f 3041/9273 3042/9274 3046/9275 3045/9276 # LampH15
f 3042/9277 3043/9278 3047/9279 3046/9280 # LampH15
f 3043/9281 3044/9282 3048/9283 3047/9284 # LampH15
f 3044/9285 3041/9286 3045/9287 3048/9288 # LampH15
f 3137/9289 3138/9290 3139/9291 3140/9292 # GateLamp_0_245
f 3141/9293 3142/9294 3143/9295 3144/9296 # GateLamp_0_245
f 3137/9297 3138/9298 3142/9299 3141/9300 # GateLamp_0_245
f 3138/9301 3139/9302 3143/9303 3142/9304 # GateLamp_0_245
f 3139/9305 3140/9306 3144/9307 3143/9308 # GateLamp_0_245
f 3140/9309 3137/9310 3141/9311 3144/9312 # GateLamp_0_245
f 3169/9313 3170/9314 3171/9315 3172/9316 # GateLamp_0_-245
f 3173/9317 3174/9318 3175/9319 3176/9320 # GateLamp_0_-245
f 3169/9321 3170/9322 3174/9323 3173/9324 # GateLamp_0_-245
f 3170/9325 3171/9326 3175/9327 3174/9328 # GateLamp_0_-245
f 3171/9329 3172/9330 3176/9331 3175/9332 # GateLamp_0_-245
f 3172/9333 3169/9334 3173/9335 3176/9336 # GateLamp_0_-245
f 3201/9337 3202/9338 3203/9339 3204/9340 # GateLamp_245_0
f 3205/9341 3206/9342 3207/9343 3208/9344 # GateLamp_245_0
f 3201/9345 3202/9346 3206/9347 3205/9348 # GateLamp_245_0
f 3202/9349 3203/9350 3207/9351 3206/9352 # GateLamp_245_0
f 3203/9353 3204/9354 3208/9355 3207/9356 # GateLamp_245_0
f 3204/9357 3201/9358 3205/9359 3208/9360 # GateLamp_245_0
f 3233/9361 3234/9362 3235/9363 3236/9364 # GateLamp_-245_0
f 3237/9365 3238/9366 3239/9367 3240/9368 # GateLamp_-245_0
f 3233/9369 3234/9370 3238/9371 3237/9372 # GateLamp_-245_0
f 3234/9373 3235/9374 3239/9375 3238/9376 # GateLamp_-245_0
f 3235/9377 3236/9378 3240/9379 3239/9380 # GateLamp_-245_0
f 3236/9381 3233/9382 3237/9383 3240/9384 # GateLamp_-245_0
o Water
usemtl Water
f 449/9385 450/9386 451/9387 452/9388 # FountainWater
f 453/9389 454/9390 455/9391 456/9392 # FountainWater
f 449/9393 450/9394 454/9395 453/9396 # FountainWater
f 450/9397 451/9398 455/9399 454/9400 # FountainWater
f 451/9401 452/9402 456/9403 455/9404 # FountainWater
f 452/9405 449/9406 453/9407 456/9408 # FountainWater
f 2681/9409 2682/9410 2683/9411 2684/9412 # Pond
f 2685/9413 2686/9414 2687/9415 2688/9416 # Pond
f 2681/9417 2682/9418 2686/9419 2685/9420 # Pond
f 2682/9421 2683/9422 2687/9423 2686/9424 # Pond
f 2683/9425 2684/9426 2688/9427 2687/9428 # Pond
f 2684/9429 2681/9430 2685/9431 2688/9432 # Pond
o Wood
usemtl Wood
f 481/9433 482/9434 483/9435 484/9436 # BenchF_-5_-19
f 485/9437 486/9438 487/9439 488/9440 # BenchF_-5_-19
f 481/9441 482/9442 486/9443 485/9444 # BenchF_-5_-19
f 482/9445 483/9446 487/9447 486/9448 # BenchF_-5_-19
f 483/9449 484/9450 488/9451 487/9452 # BenchF_-5_-19
f 484/9453 481/9454 485/9455 488/9456 # BenchF_-5_-19
f 489/9457 490/9458 491/9459 492/9460 # BenchB_-5_-19
f 493/9461 494/9462 495/9463 496/9464 # BenchB_-5_-19
f 489/9465 490/9466 494/9467 493/9468 # BenchB_-5_-19
f 490/9469 491/9470 495/9471 494/9472 # BenchB_-5_-19
f 491/9473 492/9474 496/9475 495/9476 # BenchB_-5_-19
f 492/9477 489/9478 493/9479 496/9480 # BenchB_-5_-19
f 497/9481 498/9482 499/9483 500/9484 # BenchF_5_-19
f 501/9485 502/9486 503/9487 504/9488 # BenchF_5_-19
f 497/9489 498/9490 502/9491 501/9492 # BenchF_5_-19
f 498/9493 499/9494 503/9495 502/9496 # BenchF_5_-19
f 499/9497 500/9498 504/9499 503/9500 # BenchF_5_-19
f 500/9501 497/9502 501/9503 504/9504 # BenchF_5_-19
f 505/9505 506/9506 507/9507 508/9508 # BenchB_5_-19
f 509/9509 510/9510 511/9511 512/9512 # BenchB_5_-19
f 505/9513 506/9514 510/9515 509/9516 # BenchB_5_-19
f 506/9517 507/9518 511/9519 510/9520 # BenchB_5_-19
f 507/9521 508/9522 512/9523 511/9524 # BenchB_5_-19
f 508/9525 505/9526 509/9527 512/9528 # BenchB_5_-19
f 513/9529 514/9530 515/9531 516/9532 # BenchF_0_-14
f 517/9533 518/9534 519/9535 520/9536 # BenchF_0_-14
f 513/9537 514/9538 518/9539 517/9540 # BenchF_0_-14
f 514/9541 515/9542 519/9543 518/9544 # BenchF_0_-14
f 515/9545 516/9546 520/9547 519/9548 # BenchF_0_-14
f 516/9549 513/9550 517/9551 520/9552 # BenchF_0_-14
f 521/9553 522/9554 523/9555 524/9556 # BenchB_0_-14
f 525/9557 526/9558 527/9559 528/9560 # BenchB_0_-14
f 521/9561 522/9562 526/9563 525/9564 # BenchB_0_-14
f 522/9565 523/9566 527/9567 526/9568 # BenchB_0_-14
f 523/9569 524/9570 528/9571 527/9572 # BenchB_0_-14
f 524/9573 521/9574 525/9575 528/9576 # BenchB_0_-14
f 529/9577 530/9578 531/9579 532/9580 # BenchF_0_-24
f 533/9581 534/9582 535/9583 536/9584 # BenchF_0_-24
f 529/9585 530/9586 534/9587 533/9588 # BenchF_0_-24
f 530/9589 531/9590 535/9591 534/9592 # BenchF_0_-24
f 531/9593 532/9594 536/9595 535/9596 # BenchF_0_-24
f 532/9597 529/9598 533/9599 536/9600 # BenchF_0_-24
f 537/9601 538/9602 539/9603 540/9604 # BenchB_0_-24
f 541/9605 542/9606 543/9607 544/9608 # BenchB_0_-24
f 537/9609 538/9610 542/9611 541/9612 # BenchB_0_-24
f 538/9613 539/9614 543/9615 542/9616 # BenchB_0_-24
f 539/9617 540/9618 544/9619 543/9620 # BenchB_0_-24
f 540/9621 537/9622 541/9623 544/9624 # BenchB_0_-24
f 545/9625 546/9626 547/9627 548/9628 # Stall0_Counter
f 549/9629 550/9630 551/9631 552/9632 # Stall0_Counter
f 545/9633 546/9634 550/9635 549/9636 # Stall0_Counter
f 546/9637 547/9638 551/9639 550/9640 # Stall0_Counter
f 547/9641 548/9642 552/9643 551/9644 # Stall0_Counter
f 548/9645 545/9646 549/9647 552/9648 # Stall0_Counter
f 553/9649 554/9650 555/9651 556/9652 # Stall0_Top
f 557/9653 558/9654 559/9655 560/9656 # Stall0_Top
f 553/9657 554/9658 558/9659 557/9660 # Stall0_Top
f 554/9661 555/9662 559/9663 558/9664 # Stall0_Top
f 555/9665 556/9666 560/9667 559/9668 # Stall0_Top
f 556/9669 553/9670 557/9671 560/9672 # Stall0_Top
f 641/9673 642/9674 643/9675 644/9676 # Stall1_Counter
f 645/9677 646/9678 647/9679 648/9680 # Stall1_Counter
f 641/9681 642/9682 646/9683 645/9684 # Stall1_Counter
f 642/9685 643/9686 647/9687 646/9688 # Stall1_Counter
f 643/9689 644/9690 648/9691 647/9692 # Stall1_Counter
f 644/9693 641/9694 645/9695 648/9696 # Stall1_Counter
f 649/9697 650/9698 651/9699 652/9700 # Stall1_Top
f 653/9701 654/9702 655/9703 656/9704 # Stall1_Top
f 649/9705 650/9706 654/9707 653/9708 # Stall1_Top
f 650/9709 651/9710 655/9711 654/9712 # Stall1_Top
f 651/9713 652/9714 656/9715 655/9716 # Stall1_Top
f 652/9717 649/9718 653/9719 656/9720 # Stall1_Top
f 737/9721 738/9722 739/9723 740/9724 # Stall2_Counter
f 741/9725 742/9726 743/9727 744/9728 # Stall2_Counter
f 737/9729 738/9730 742/9731 741/9732 # Stall2_Counter
f 738/9733 739/9734 743/9735 742/9736 # Stall2_Counter
f 739/9737 740/9738 744/9739 743/9740 # Stall2_Counter
f 740/9741 737/9742 741/9743 744/9744 # Stall2_Counter
f 745/9745 746/9746 747/9747 748/9748 # Stall2_Top
f 749/9749 750/9750 751/9751 752/9752 # Stall2_Top
f 745/9753 746/9754 750/9755 749/9756 # Stall2_Top
f 746/9757 747/9758 751/9759 750/9760 # Stall2_Top
f 747/9761 748/9762 752/9763 751/9764 # Stall2_Top
f 748/9765 745/9766 749/9767 752/9768 # Stall2_Top
f 833/9769 834/9770 835/9771 836/9772 # Stall3_Counter
f 837/9773 838/9774 839/9775 840/9776 # Stall3_Counter
f 833/9777 834/9778 838/9779 837/9780 # Stall3_Counter
f 834/9781 835/9782 839/9783 838/9784 # Stall3_Counter
f 835/9785 836/9786 840/9787 839/9788 # Stall3_Counter
f 836/9789 833/9790 837/9791 840/9792 # Stall3_Counter
f 841/9793 842/9794 843/9795 844/9796 # Stall3_Top
f 845/9797 846/9798 847/9799 848/9800 # Stall3_Top
f 841/9801 842/9802 846/9803 845/9804 # Stall3_Top
f 842/9805 843/9806 847/9807 846/9808 # Stall3_Top
f 843/9809 844/9810 848/9811 847/9812 # Stall3_Top
f 844/9813 841/9814 845/9815 848/9816 # Stall3_Top
f 2201/9817 2202/9818 2203/9819 2204/9820 # Field0_Fence1
f 2205/9821 2206/9822 2207/9823 2208/9824 # Field0_Fence1
f 2201/9825 2202/9826 2206/9827 2205/9828 # Field0_Fence1
f 2202/9829 2203/9830 2207/9831 2206/9832 # Field0_Fence1
f 2203/9833 2204/9834 2208/9835 2207/9836 # Field0_Fence1
f 2204/9837 2201/9838 2205/9839 2208/9840 # Field0_Fence1
f 2209/9841 2210/9842 2211/9843 2212/9844 # Field0_Fence2
f 2213/9845 2214/9846 2215/9847 2216/9848 # Field0_Fence2
f 2209/9849 2210/9850 2214/9851 2213/9852 # Field0_Fence2
f 2210/9853 2211/9854 2215/9855 2214/9856 # Field0_Fence2
f 2211/9857 2212/9858 2216/9859 2215/9860 # Field0_Fence2
f 2212/9861 2209/9862 2213/9863 2216/9864 # Field0_Fence2
f 2345/9865 2346/9866 2347/9867 2348/9868 # Field1_Fence1
f 2349/9869 2350/9870 2351/9871 2352/9872 # Field1_Fence1
f 2345/9873 2346/9874 2350/9875 2349/9876 # Field1_Fence1
f 2346/9877 2347/9878 2351/9879 2350/9880 # Field1_Fence1
f 2347/9881 2348/9882 2352/9883 2351/9884 # Field1_Fence1
f 2348/9885 2345/9886 2349/9887 2352/9888 # Field1_Fence1
f 2353/9889 2354/9890 2355/9891 2356/9892 # Field1_Fence2
f 2357/9893 2358/9894 2359/9895 2360/9896 # Field1_Fence2
f 2353/9897 2354/9898 2358/9899 2357/9900 # Field1_Fence2
f 2354/9901 2355/9902 2359/9903 2358/9904 # Field1_Fence2
f 2355/9905 2356/9906 2360/9907 2359/9908 # Field1_Fence2
f 2356/9909 2353/9910 2357/9911 2360/9912 # Field1_Fence2
f 2689/9913 2690/9914 2691/9915 2692/9916 # Dock
f 2693/9917 2694/9918 2695/9919 2696/9920 # Dock
f 2689/9921 2690/9922 2694/9923 2693/9924 # Dock
f 2690/9925 2691/9926 2695/9927 2694/9928 # Dock
f 2691/9929 2692/9930 2696/9931 2695/9932 # Dock
f 2692/9933 2689/9934 2693/9935 2696/9936 # Dock
f 2729/9937 2730/9938 2731/9939 2732/9940 # ParkBench0
f 2733/9941 2734/9942 2735/9943 2736/9944 # ParkBench0
f 2729/9945 2730/9946 2734/9947 2733/9948 # ParkBench0
f 2730/9949 2731/9950 2735/9951 2734/9952 # ParkBench0
f 2731/9953 2732/9954 2736/9955 2735/9956 # ParkBench0
f 2732/9957 2729/9958 2733/9959 2736/9960 # ParkBench0
f 2737/9961 2738/9962 2739/9963 2740/9964 # ParkBack0
f 2741/9965 2742/9966 2743/9967 2744/9968 # ParkBack0
f 2737/9969 2738/9970 2742/9971 2741/9972 # ParkBack0
f 2738/9973 2739/9974 2743/9975 2742/9976 # ParkBack0
f 2739/9977 2740/9978 2744/9979 2743/9980 # ParkBack0
f 2740/9981 2737/9982 2741/9983 2744/9984 # ParkBack0
f 2745/9985 2746/9986 2747/9987 2748/9988 # ParkBench1
f 2749/9989 2750/9990 2751/9991 2752/9992 # ParkBench1
f 2745/9993 2746/9994 2750/9995 2749/9996 # ParkBench1
f 2746/9997 2747/9998 2751/9999 2750/10000 # ParkBench1
f 2747/10001 2748/10002 2752/10003 2751/10004 # ParkBench1
f 2748/10005 2745/10006 2749/10007 2752/10008 # ParkBench1
f 2753/10009 2754/10010 2755/10011 2756/10012 # ParkBack1
f 2757/10013 2758/10014 2759/10015 2760/10016 # ParkBack1
f 2753/10017 2754/10018 2758/10019 2757/10020 # ParkBack1
f 2754/10021 2755/10022 2759/10023 2758/10024 # ParkBack1
f 2755/10025 2756/10026 2760/10027 2759/10028 # ParkBack1
f 2756/10029 2753/10030 2757/10031 2760/10032 # ParkBack1
f 2761/10033 2762/10034 2763/10035 2764/10036 # ParkBench2
f 2765/10037 2766/10038 2767/10039 2768/10040 # ParkBench2
f 2761/10041 2762/10042 2766/10043 2765/10044 # ParkBench2
f 2762/10045 2763/10046 2767/10047 2766/10048 # ParkBench2
f 2763/10049 2764/10050 2768/10051 2767/10052 # ParkBench2
f 2764/10053 2761/10054 2765/10055 2768/10056 # ParkBench2
f 2769/10057 2770/10058 2771/10059 2772/10060 # ParkBack2
f 2773/10061 2774/10062 2775/10063 2776/10064 # ParkBack2
f 2769/10065 2770/10066 2774/10067 2773/10068 # ParkBack2
f 2770/10069 2771/10070 2775/10071 2774/10072 # ParkBack2
f 2771/10073 2772/10074 2776/10075 2775/10076 # ParkBack2
f 2772/10077 2769/10078 2773/10079 2776/10080 # ParkBack2
f 2777/10081 2778/10082 2779/10083 2780/10084 # ParkBench3
f 2781/10085 2782/10086 2783/10087 2784/10088 # ParkBench3
f 2777/10089 2778/10090 2782/10091 2781/10092 # ParkBench3
f 2778/10093 2779/10094 2783/10095 2782/10096 # ParkBench3
f 2779/10097 2780/10098 2784/10099 2783/10100 # ParkBench3
f 2780/10101 2777/10102 2781/10103 2784/10104 # ParkBench3
f 2785/10105 2786/10106 2787/10107 2788/10108 # ParkBack3
f 2789/10109 2790/10110 2791/10111 2792/10112 # ParkBack3
f 2785/10113 2786/10114 2790/10115 2789/10116 # ParkBack3
f 2786/10117 2787/10118 2791/10119 2790/10120 # ParkBack3
f 2787/10121 2788/10122 2792/10123 2791/10124 # ParkBack3
f 2788/10125 2785/10126 2789/10127 2792/10128 # ParkBack3
f 4265/10129 4266/10130 4267/10131 4268/10132 # Barrel0
f 4269/10133 4270/10134 4271/10135 4272/10136 # Barrel0
f 4265/10137 4266/10138 4270/10139 4269/10140 # Barrel0
f 4266/10141 4267/10142 4271/10143 4270/10144 # Barrel0
f 4267/10145 4268/10146 4272/10147 4271/10148 # Barrel0
f 4268/10149 4265/10150 4269/10151 4272/10152 # Barrel0
f 4273/10153 4274/10154 4275/10155 4276/10156 # Barrel1
f 4277/10157 4278/10158 4279/10159 4280/10160 # Barrel1
f 4273/10161 4274/10162 4278/10163 4277/10164 # Barrel1
f 4274/10165 4275/10166 4279/10167 4278/10168 # Barrel1
f 4275/10169 4276/10170 4280/10171 4279/10172 # Barrel1
f 4276/10173 4273/10174 4277/10175 4280/10176 # Barrel1
f 4281/10177 4282/10178 4283/10179 4284/10180 # Barrel2
f 4285/10181 4286/10182 4287/10183 4288/10184 # Barrel2
f 4281/10185 4282/10186 4286/10187 4285/10188 # Barrel2
f 4282/10189 4283/10190 4287/10191 4286/10192 # Barrel2
f 4283/10193 4284/10194 4288/10195 4287/10196 # Barrel2
f 4284/10197 4281/10198 4285/10199 4288/10200 # Barrel2
o Cream
usemtl Cream
f 593/10201 594/10202 595/10203 596/10204 # Stall0_Aw_0
f 597/10205 598/10206 599/10207 600/10208 # Stall0_Aw_0
f 593/10209 594/10210 598/10211 597/10212 # Stall0_Aw_0
f 594/10213 595/10214 599/10215 598/10216 # Stall0_Aw_0
f 595/10217 596/10218 600/10219 599/10220 # Stall0_Aw_0
f 596/10221 593/10222 597/10223 600/10224 # Stall0_Aw_0
f 609/10225 610/10226 611/10227 612/10228 # Stall0_Aw_2
f 613/10229 614/10230 615/10231 616/10232 # Stall0_Aw_2
f 609/10233 610/10234 614/10235 613/10236 # Stall0_Aw_2
f 610/10237 611/10238 615/10239 614/10240 # Stall0_Aw_2
f 611/10241 612/10242 616/10243 615/10244 # Stall0_Aw_2
f 612/10245 609/10246 613/10247 616/10248 # Stall0_Aw_2
f 625/10249 626/10250 627/10251 628/10252 # Stall0_Aw_4
f 629/10253 630/10254 631/10255 632/10256 # Stall0_Aw_4
f 625/10257 626/10258 630/10259 629/10260 # Stall0_Aw_4
f 626/10261 627/10262 631/10263 630/10264 # Stall0_Aw_4
f 627/10265 628/10266 632/10267 631/10268 # Stall0_Aw_4
f 628/10269 625/10270 629/10271 632/10272 # Stall0_Aw_4
f 689/10273 690/10274 691/10275 692/10276 # Stall1_Aw_0
f 693/10277 694/10278 695/10279 696/10280 # Stall1_Aw_0
f 689/10281 690/10282 694/10283 693/10284 # Stall1_Aw_0
f 690/10285 691/10286 695/10287 694/10288 # Stall1_Aw_0
f 691/10289 692/10290 696/10291 695/10292 # Stall1_Aw_0
f 692/10293 689/10294 693/10295 696/10296 # Stall1_Aw_0
f 705/10297 706/10298 707/10299 708/10300 # Stall1_Aw_2
f 709/10301 710/10302 711/10303 712/10304 # Stall1_Aw_2
f 705/10305 706/10306 710/10307 709/10308 # Stall1_Aw_2
f 706/10309 707/10310 711/10311 710/10312 # Stall1_Aw_2
f 707/10313 708/10314 712/10315 711/10316 # Stall1_Aw_2
f 708/10317 705/10318 709/10319 712/10320 # Stall1_Aw_2
f 721/10321 722/10322 723/10323 724/10324 # Stall1_Aw_4
f 725/10325 726/10326 727/10327 728/10328 # Stall1_Aw_4
f 721/10329 722/10330 726/10331 725/10332 # Stall1_Aw_4
f 722/10333 723/10334 727/10335 726/10336 # Stall1_Aw_4
f 723/10337 724/10338 728/10339 727/10340 # Stall1_Aw_4
f 724/10341 721/10342 725/10343 728/10344 # Stall1_Aw_4
f 785/10345 786/10346 787/10347 788/10348 # Stall2_Aw_0
f 789/10349 790/10350 791/10351 792/10352 # Stall2_Aw_0
f 785/10353 786/10354 790/10355 789/10356 # Stall2_Aw_0
f 786/10357 787/10358 791/10359 790/10360 # Stall2_Aw_0
f 787/10361 788/10362 792/10363 791/10364 # Stall2_Aw_0
f 788/10365 785/10366 789/10367 792/10368 # Stall2_Aw_0
f 801/10369 802/10370 803/10371 804/10372 # Stall2_Aw_2
f 805/10373 806/10374 807/10375 808/10376 # Stall2_Aw_2
f 801/10377 802/10378 806/10379 805/10380 # Stall2_Aw_2
f 802/10381 803/10382 807/10383 806/10384 # Stall2_Aw_2
f 803/10385 804/10386 808/10387 807/10388 # Stall2_Aw_2
f 804/10389 801/10390 805/10391 808/10392 # Stall2_Aw_2
f 817/10393 818/10394 819/10395 820/10396 # Stall2_Aw_4
f 821/10397 822/10398 823/10399 824/10400 # Stall2_Aw_4
f 817/10401 818/10402 822/10403 821/10404 # Stall2_Aw_4
f 818/10405 819/10406 823/10407 822/10408 # Stall2_Aw_4
f 819/10409 820/10410 824/10411 823/10412 # Stall2_Aw_4
f 820/10413 817/10414 821/10415 824/10416 # Stall2_Aw_4
f 881/10417 882/10418 883/10419 884/10420 # Stall3_Aw_0
f 885/10421 886/10422 887/10423 888/10424 # Stall3_Aw_0
f 881/10425 882/10426 886/10427 885/10428 # Stall3_Aw_0
f 882/10429 883/10430 887/10431 886/10432 # Stall3_Aw_0
f 883/10433 884/10434 888/10435 887/10436 # Stall3_Aw_0
f 884/10437 881/10438 885/10439 888/10440 # Stall3_Aw_0
f 897/10441 898/10442 899/10443 900/10444 # Stall3_Aw_2
f 901/10445 902/10446 903/10447 904/10448 # Stall3_Aw_2
f 897/10449 898/10450 902/10451 901/10452 # Stall3_Aw_2
f 898/10453 899/10454 903/10455 902/10456 # Stall3_Aw_2
f 899/10457 900/10458 904/10459 903/10460 # Stall3_Aw_2
f 900/10461 897/10462 901/10463 904/10464 # Stall3_Aw_2
f 913/10465 914/10466 915/10467 916/10468 # Stall3_Aw_4
f 917/10469 918/10470 919/10471 920/10472 # Stall3_Aw_4
f 913/10473 914/10474 918/10475 917/10476 # Stall3_Aw_4
f 914/10477 915/10478 919/10479 918/10480 # Stall3_Aw_4
f 915/10481 916/10482 920/10483 919/10484 # Stall3_Aw_4
f 916/10485 913/10486 917/10487 920/10488 # Stall3_Aw_4
f 1185/10489 1186/10490 1187/10491 1188/10492 # ShopA_Aw0
f 1189/10493 1190/10494 1191/10495 1192/10496 # ShopA_Aw0
f 1185/10497 1186/10498 1190/10499 1189/10500 # ShopA_Aw0
f 1186/10501 1187/10502 1191/10503 1190/10504 # ShopA_Aw0
f 1187/10505 1188/10506 1192/10507 1191/10508 # ShopA_Aw0
f 1188/10509 1185/10510 1189/10511 1192/10512 # ShopA_Aw0
f 1201/10513 1202/10514 1203/10515 1204/10516 # ShopA_Aw2
f 1205/10517 1206/10518 1207/10519 1208/10520 # ShopA_Aw2
f 1201/10521 1202/10522 1206/10523 1205/10524 # ShopA_Aw2
f 1202/10525 1203/10526 1207/10527 1206/10528 # ShopA_Aw2
f 1203/10529 1204/10530 1208/10531 1207/10532 # ShopA_Aw2
f 1204/10533 1201/10534 1205/10535 1208/10536 # ShopA_Aw2
f 1353/10537 1354/10538 1355/10539 1356/10540 # HouseC_Walls
f 1357/10541 1358/10542 1359/10543 1360/10544 # HouseC_Walls
f 1353/10545 1354/10546 1358/10547 1357/10548 # HouseC_Walls
f 1354/10549 1355/10550 1359/10551 1358/10552 # HouseC_Walls
f 1355/10553 1356/10554 1360/10555 1359/10556 # HouseC_Walls
f 1356/10557 1353/10558 1357/10559 1360/10560 # HouseC_Walls
f 1609/10561 1610/10562 1611/10563 1612/10564 # HouseD_Walls
f 1613/10565 1614/10566 1615/10567 1616/10568 # HouseD_Walls
f 1609/10569 1610/10570 1614/10571 1613/10572 # HouseD_Walls
f 1610/10573 1611/10574 1615/10575 1614/10576 # HouseD_Walls
f 1611/10577 1612/10578 1616/10579 1615/10580 # HouseD_Walls
f 1612/10581 1609/10582 1613/10583 1616/10584 # HouseD_Walls
f 1865/10585 1866/10586 1867/10587 1868/10588 # ShopB_Walls
f 1869/10589 1870/10590 1871/10591 1872/10592 # ShopB_Walls
f 1865/10593 1866/10594 1870/10595 1869/10596 # ShopB_Walls
f 1866/10597 1867/10598 1871/10599 1870/10600 # ShopB_Walls
f 1867/10601 1868/10602 1872/10603 1871/10604 # ShopB_Walls
f 1868/10605 1865/10606 1869/10607 1872/10608 # ShopB_Walls
f 1985/10609 1986/10610 1987/10611 1988/10612 # ShopB_Aw0
f 1989/10613 1990/10614 1991/10615 1992/10616 # ShopB_Aw0
f 1985/10617 1986/10618 1990/10619 1989/10620 # ShopB_Aw0
f 1986/10621 1987/10622 1991/10623 1990/10624 # ShopB_Aw0
f 1987/10625 1988/10626 1992/10627 1991/10628 # ShopB_Aw0
f 1988/10629 1985/10630 1989/10631 1992/10632 # ShopB_Aw0
f 2001/10633 2002/10634 2003/10635 2004/10636 # ShopB_Aw2
f 2005/10637 2006/10638 2007/10639 2008/10640 # ShopB_Aw2
f 2001/10641 2002/10642 2006/10643 2005/10644 # ShopB_Aw2
f 2002/10645 2003/10646 2007/10647 2006/10648 # ShopB_Aw2
f 2003/10649 2004/10650 2008/10651 2007/10652 # ShopB_Aw2
f 2004/10653 2001/10654 2005/10655 2008/10656 # ShopB_Aw2
f 2513/10657 2514/10658 2515/10659 2516/10660 # MillBladeV
f 2517/10661 2518/10662 2519/10663 2520/10664 # MillBladeV
f 2513/10665 2514/10666 2518/10667 2517/10668 # MillBladeV
f 2514/10669 2515/10670 2519/10671 2518/10672 # MillBladeV
f 2515/10673 2516/10674 2520/10675 2519/10676 # MillBladeV
f 2516/10677 2513/10678 2517/10679 2520/10680 # MillBladeV
f 2521/10681 2522/10682 2523/10683 2524/10684 # MillBladeH
f 2525/10685 2526/10686 2527/10687 2528/10688 # MillBladeH
f 2521/10689 2522/10690 2526/10691 2525/10692 # MillBladeH
f 2522/10693 2523/10694 2527/10695 2526/10696 # MillBladeH
f 2523/10697 2524/10698 2528/10699 2527/10700 # MillBladeH
f 2524/10701 2521/10702 2525/10703 2528/10704 # MillBladeH
f 4017/10705 4018/10706 4019/10707 4020/10708 # Flower0
f 4021/10709 4022/10710 4023/10711 4024/10712 # Flower0
f 4017/10713 4018/10714 4022/10715 4021/10716 # Flower0
f 4018/10717 4019/10718 4023/10719 4022/10720 # Flower0
f 4019/10721 4020/10722 4024/10723 4023/10724 # Flower0
f 4020/10725 4017/10726 4021/10727 4024/10728 # Flower0
f 4049/10729 4050/10730 4051/10731 4052/10732 # Flower2
f 4053/10733 4054/10734 4055/10735 4056/10736 # Flower2
f 4049/10737 4050/10738 4054/10739 4053/10740 # Flower2
f 4050/10741 4051/10742 4055/10743 4054/10744 # Flower2
f 4051/10745 4052/10746 4056/10747 4055/10748 # Flower2
f 4052/10749 4049/10750 4053/10751 4056/10752 # Flower2
f 4081/10753 4082/10754 4083/10755 4084/10756 # Flower4
f 4085/10757 4086/10758 4087/10759 4088/10760 # Flower4
f 4081/10761 4082/10762 4086/10763 4085/10764 # Flower4
f 4082/10765 4083/10766 4087/10767 4086/10768 # Flower4
f 4083/10769 4084/10770 4088/10771 4087/10772 # Flower4
f 4084/10773 4081/10774 4085/10775 4088/10776 # Flower4
f 4113/10777 4114/10778 4115/10779 4116/10780 # Flower6
f 4117/10781 4118/10782 4119/10783 4120/10784 # Flower6
f 4113/10785 4114/10786 4118/10787 4117/10788 # Flower6
f 4114/10789 4115/10790 4119/10791 4118/10792 # Flower6
f 4115/10793 4116/10794 4120/10795 4119/10796 # Flower6
f 4116/10797 4113/10798 4117/10799 4120/10800 # Flower6
f 4145/10801 4146/10802 4147/10803 4148/10804 # Flower8
f 4149/10805 4150/10806 4151/10807 4152/10808 # Flower8
f 4145/10809 4146/10810 4150/10811 4149/10812 # Flower8
f 4146/10813 4147/10814 4151/10815 4150/10816 # Flower8
f 4147/10817 4148/10818 4152/10819 4151/10820 # Flower8
f 4148/10821 4145/10822 4149/10823 4152/10824 # Flower8
o Crate
usemtl Crate
f 633/10825 634/10826 635/10827 636/10828 # Stall0_Crate
f 637/10829 638/10830 639/10831 640/10832 # Stall0_Crate
f 633/10833 634/10834 638/10835 637/10836 # Stall0_Crate
f 634/10837 635/10838 639/10839 638/10840 # Stall0_Crate
f 635/10841 636/10842 640/10843 639/10844 # Stall0_Crate
f 636/10845 633/10846 637/10847 640/10848 # Stall0_Crate
f 729/10849 730/10850 731/10851 732/10852 # Stall1_Crate
f 733/10853 734/10854 735/10855 736/10856 # Stall1_Crate
f 729/10857 730/10858 734/10859 733/10860 # Stall1_Crate
f 730/10861 731/10862 735/10863 734/10864 # Stall1_Crate
f 731/10865 732/10866 736/10867 735/10868 # Stall1_Crate
f 732/10869 729/10870 733/10871 736/10872 # Stall1_Crate
f 825/10873 826/10874 827/10875 828/10876 # Stall2_Crate
f 829/10877 830/10878 831/10879 832/10880 # Stall2_Crate
f 825/10881 826/10882 830/10883 829/10884 # Stall2_Crate
f 826/10885 827/10886 831/10887 830/10888 # Stall2_Crate
f 827/10889 828/10890 832/10891 831/10892 # Stall2_Crate
f 828/10893 825/10894 829/10895 832/10896 # Stall2_Crate
f 921/10897 922/10898 923/10899 924/10900 # Stall3_Crate
f 925/10901 926/10902 927/10903 928/10904 # Stall3_Crate
f 921/10905 922/10906 926/10907 925/10908 # Stall3_Crate
f 922/10909 923/10910 927/10911 926/10912 # Stall3_Crate
f 923/10913 924/10914 928/10915 927/10916 # Stall3_Crate
f 924/10917 921/10918 925/10919 928/10920 # Stall3_Crate
f 4217/10921 4218/10922 4219/10923 4220/10924 # Crate0
f 4221/10925 4222/10926 4223/10927 4224/10928 # Crate0
f 4217/10929 4218/10930 4222/10931 4221/10932 # Crate0
f 4218/10933 4219/10934 4223/10935 4222/10936 # Crate0
f 4219/10937 4220/10938 4224/10939 4223/10940 # Crate0
f 4220/10941 4217/10942 4221/10943 4224/10944 # Crate0
f 4225/10945 4226/10946 4227/10947 4228/10948 # Crate1
f 4229/10949 4230/10950 4231/10951 4232/10952 # Crate1
f 4225/10953 4226/10954 4230/10955 4229/10956 # Crate1
f 4226/10957 4227/10958 4231/10959 4230/10960 # Crate1
f 4227/10961 4228/10962 4232/10963 4231/10964 # Crate1
f 4228/10965 4225/10966 4229/10967 4232/10968 # Crate1
f 4233/10969 4234/10970 4235/10971 4236/10972 # Crate2
f 4237/10973 4238/10974 4239/10975 4240/10976 # Crate2
f 4233/10977 4234/10978 4238/10979 4237/10980 # Crate2
f 4234/10981 4235/10982 4239/10983 4238/10984 # Crate2
f 4235/10985 4236/10986 4240/10987 4239/10988 # Crate2
f 4236/10989 4233/10990 4237/10991 4240/10992 # Crate2
f 4241/10993 4242/10994 4243/10995 4244/10996 # Crate3
f 4245/10997 4246/10998 4247/10999 4248/11000 # Crate3
f 4241/11001 4242/11002 4246/11003 4245/11004 # Crate3
f 4242/11005 4243/11006 4247/11007 4246/11008 # Crate3
f 4243/11009 4244/11010 4248/11011 4247/11012 # Crate3
f 4244/11013 4241/11014 4245/11015 4248/11016 # Crate3
f 4249/11017 4250/11018 4251/11019 4252/11020 # Crate4
f 4253/11021 4254/11022 4255/11023 4256/11024 # Crate4
f 4249/11025 4250/11026 4254/11027 4253/11028 # Crate4
f 4250/11029 4251/11030 4255/11031 4254/11032 # Crate4
f 4251/11033 4252/11034 4256/11035 4255/11036 # Crate4
f 4252/11037 4249/11038 4253/11039 4256/11040 # Crate4
f 4257/11041 4258/11042 4259/11043 4260/11044 # Crate5
f 4261/11045 4262/11046 4263/11047 4264/11048 # Crate5
f 4257/11049 4258/11050 4262/11051 4261/11052 # Crate5
f 4258/11053 4259/11054 4263/11055 4262/11056 # Crate5
f 4259/11057 4260/11058 4264/11059 4263/11060 # Crate5
f 4260/11061 4257/11062 4261/11063 4264/11064 # Crate5
o BarnRed
usemtl BarnRed
f 2121/11065 2122/11066 2123/11067 2124/11068 # BarnBase
f 2125/11069 2126/11070 2127/11071 2128/11072 # BarnBase
f 2121/11073 2122/11074 2126/11075 2125/11076 # BarnBase
f 2122/11077 2123/11078 2127/11079 2126/11080 # BarnBase
f 2123/11081 2124/11082 2128/11083 2127/11084 # BarnBase
f 2124/11085 2121/11086 2125/11087 2128/11088 # BarnBase
o Hay
usemtl Hay
f 2169/11089 2170/11090 2171/11091 2172/11092 # Hay1
f 2173/11093 2174/11094 2175/11095 2176/11096 # Hay1
f 2169/11097 2170/11098 2174/11099 2173/11100 # Hay1
f 2170/11101 2171/11102 2175/11103 2174/11104 # Hay1
f 2171/11105 2172/11106 2176/11107 2175/11108 # Hay1
f 2172/11109 2169/11110 2173/11111 2176/11112 # Hay1
f 2177/11113 2178/11114 2179/11115 2180/11116 # Hay2
f 2181/11117 2182/11118 2183/11119 2184/11120 # Hay2
f 2177/11121 2178/11122 2182/11123 2181/11124 # Hay2
f 2178/11125 2179/11126 2183/11127 2182/11128 # Hay2
f 2179/11129 2180/11130 2184/11131 2183/11132 # Hay2
f 2180/11133 2177/11134 2181/11135 2184/11136 # Hay2
f 2185/11137 2186/11138 2187/11139 2188/11140 # Hay3
f 2189/11141 2190/11142 2191/11143 2192/11144 # Hay3
f 2185/11145 2186/11146 2190/11147 2189/11148 # Hay3
f 2186/11149 2187/11150 2191/11151 2190/11152 # Hay3
f 2187/11153 2188/11154 2192/11155 2191/11156 # Hay3
f 2188/11157 2185/11158 2189/11159 2192/11160 # Hay3
o Soil
usemtl Soil
f 2193/11161 2194/11162 2195/11163 2196/11164 # Field0_Soil
f 2197/11165 2198/11166 2199/11167 2200/11168 # Field0_Soil
f 2193/11169 2194/11170 2198/11171 2197/11172 # Field0_Soil
f 2194/11173 2195/11174 2199/11175 2198/11176 # Field0_Soil
f 2195/11177 2196/11178 2200/11179 2199/11180 # Field0_Soil
f 2196/11181 2193/11182 2197/11183 2200/11184 # Field0_Soil
f 2337/11185 2338/11186 2339/11187 2340/11188 # Field1_Soil
f 2341/11189 2342/11190 2343/11191 2344/11192 # Field1_Soil
f 2337/11193 2338/11194 2342/11195 2341/11196 # Field1_Soil
f 2338/11197 2339/11198 2343/11199 2342/11200 # Field1_Soil
f 2339/11201 2340/11202 2344/11203 2343/11204 # Field1_Soil
f 2340/11205 2337/11206 2341/11207 2344/11208 # Field1_Soil
o Leaf
usemtl Leaf
f 2537/11209 2538/11210 2539/11211 2540/11212 # OrchL0
f 2541/11213 2542/11214 2543/11215 2544/11216 # OrchL0
f 2537/11217 2538/11218 2542/11219 2541/11220 # OrchL0
f 2538/11221 2539/11222 2543/11223 2542/11224 # OrchL0
f 2539/11225 2540/11226 2544/11227 2543/11228 # OrchL0
f 2540/11229 2537/11230 2541/11231 2544/11232 # OrchL0
f 2561/11233 2562/11234 2563/11235 2564/11236 # OrchL1
f 2565/11237 2566/11238 2567/11239 2568/11240 # OrchL1
f 2561/11241 2562/11242 2566/11243 2565/11244 # OrchL1
f 2562/11245 2563/11246 2567/11247 2566/11248 # OrchL1
f 2563/11249 2564/11250 2568/11251 2567/11252 # OrchL1
f 2564/11253 2561/11254 2565/11255 2568/11256 # OrchL1
f 2585/11257 2586/11258 2587/11259 2588/11260 # OrchL2
f 2589/11261 2590/11262 2591/11263 2592/11264 # OrchL2
f 2585/11265 2586/11266 2590/11267 2589/11268 # OrchL2
f 2586/11269 2587/11270 2591/11271 2590/11272 # OrchL2
f 2587/11273 2588/11274 2592/11275 2591/11276 # OrchL2
f 2588/11277 2585/11278 2589/11279 2592/11280 # OrchL2
f 2609/11281 2610/11282 2611/11283 2612/11284 # OrchL3
f 2613/11285 2614/11286 2615/11287 2616/11288 # OrchL3
f 2609/11289 2610/11290 2614/11291 2613/11292 # OrchL3
f 2610/11293 2611/11294 2615/11295 2614/11296 # OrchL3
f 2611/11297 2612/11298 2616/11299 2615/11300 # OrchL3
f 2612/11301 2609/11302 2613/11303 2616/11304 # OrchL3
f 2633/11305 2634/11306 2635/11307 2636/11308 # OrchL4
f 2637/11309 2638/11310 2639/11311 2640/11312 # OrchL4
f 2633/11313 2634/11314 2638/11315 2637/11316 # OrchL4
f 2634/11317 2635/11318 2639/11319 2638/11320 # OrchL4
f 2635/11321 2636/11322 2640/11323 2639/11324 # OrchL4
f 2636/11325 2633/11326 2637/11327 2640/11328 # OrchL4
f 2657/11329 2658/11330 2659/11331 2660/11332 # OrchL5
f 2661/11333 2662/11334 2663/11335 2664/11336 # OrchL5
f 2657/11337 2658/11338 2662/11339 2661/11340 # OrchL5
f 2658/11341 2659/11342 2663/11343 2662/11344 # OrchL5
f 2659/11345 2660/11346 2664/11347 2663/11348 # OrchL5
f 2660/11349 2657/11350 2661/11351 2664/11352 # OrchL5
f 3249/11353 3250/11354 3251/11355 3252/11356 # OakCo0
f 3253/11357 3254/11358 3255/11359 3256/11360 # OakCo0
f 3249/11361 3250/11362 3254/11363 3253/11364 # OakCo0
f 3250/11365 3251/11366 3255/11367 3254/11368 # OakCo0
f 3251/11369 3252/11370 3256/11371 3255/11372 # OakCo0
f 3252/11373 3249/11374 3253/11375 3256/11376 # OakCo0
f 3257/11377 3258/11378 3259/11379 3260/11380 # OakC2_o0
f 3261/11381 3262/11382 3263/11383 3264/11384 # OakC2_o0
f 3257/11385 3258/11386 3262/11387 3261/11388 # OakC2_o0
f 3258/11389 3259/11390 3263/11391 3262/11392 # OakC2_o0
f 3259/11393 3260/11394 3264/11395 3263/11396 # OakC2_o0
f 3260/11397 3257/11398 3261/11399 3264/11400 # OakC2_o0
f 3273/11401 3274/11402 3275/11403 3276/11404 # OakCo1
f 3277/11405 3278/11406 3279/11407 3280/11408 # OakCo1
f 3273/11409 3274/11410 3278/11411 3277/11412 # OakCo1
f 3274/11413 3275/11414 3279/11415 3278/11416 # OakCo1
f 3275/11417 3276/11418 3280/11419 3279/11420 # OakCo1
f 3276/11421 3273/11422 3277/11423 3280/11424 # OakCo1
f 3281/11425 3282/11426 3283/11427 3284/11428 # OakC2_o1
f 3285/11429 3286/11430 3287/11431 3288/11432 # OakC2_o1
f 3281/11433 3282/11434 3286/11435 3285/11436 # OakC2_o1
f 3282/11437 3283/11438 3287/11439 3286/11440 # OakC2_o1
f 3283/11441 3284/11442 3288/11443 3287/11444 # OakC2_o1
f 3284/11445 3281/11446 3285/11447 3288/11448 # OakC2_o1
f 3297/11449 3298/11450 3299/11451 3300/11452 # OakCo2
f 3301/11453 3302/11454 3303/11455 3304/11456 # OakCo2
f 3297/11457 3298/11458 3302/11459 3301/11460 # OakCo2
f 3298/11461 3299/11462 3303/11463 3302/11464 # OakCo2
f 3299/11465 3300/11466 3304/11467 3303/11468 # OakCo2
f 3300/11469 3297/11470 3301/11471 3304/11472 # OakCo2
f 3305/11473 3306/11474 3307/11475 3308/11476 # OakC2_o2
f 3309/11477 3310/11478 3311/11479 3312/11480 # OakC2_o2
f 3305/11481 3306/11482 3310/11483 3309/11484 # OakC2_o2
f 3306/11485 3307/11486 3311/11487 3310/11488 # OakC2_o2
f 3307/11489 3308/11490 3312/11491 3311/11492 # OakC2_o2
f 3308/11493 3305/11494 3309/11495 3312/11496 # OakC2_o2
f 3321/11497 3322/11498 3323/11499 3324/11500 # OakCo3
f 3325/11501 3326/11502 3327/11503 3328/11504 # OakCo3
f 3321/11505 3322/11506 3326/11507 3325/11508 # OakCo3
f 3322/11509 3323/11510 3327/11511 3326/11512 # OakCo3
f 3323/11513 3324/11514 3328/11515 3327/11516 # OakCo3
f 3324/11517 3321/11518 3325/11519 3328/11520 # OakCo3
f 3329/11521 3330/11522 3331/11523 3332/11524 # OakC2_o3
f 3333/11525 3334/11526 3335/11527 3336/11528 # OakC2_o3
f 3329/11529 3330/11530 3334/11531 3333/11532 # OakC2_o3
f 3330/11533 3331/11534 3335/11535 3334/11536 # OakC2_o3
f 3331/11537 3332/11538 3336/11539 3335/11540 # OakC2_o3
f 3332/11541 3329/11542 3333/11543 3336/11544 # OakC2_o3
f 3345/11545 3346/11546 3347/11547 3348/11548 # OakCo4
f 3349/11549 3350/11550 3351/11551 3352/11552 # OakCo4
f 3345/11553 3346/11554 3350/11555 3349/11556 # OakCo4
f 3346/11557 3347/11558 3351/11559 3350/11560 # OakCo4
f 3347/11561 3348/11562 3352/11563 3351/11564 # OakCo4
f 3348/11565 3345/11566 3349/11567 3352/11568 # OakCo4
f 3353/11569 3354/11570 3355/11571 3356/11572 # OakC2_o4
f 3357/11573 3358/11574 3359/11575 3360/11576 # OakC2_o4
f 3353/11577 3354/11578 3358/11579 3357/11580 # OakC2_o4
f 3354/11581 3355/11582 3359/11583 3358/11584 # OakC2_o4
f 3355/11585 3356/11586 3360/11587 3359/11588 # OakC2_o4
f 3356/11589 3353/11590 3357/11591 3360/11592 # OakC2_o4
f 3369/11593 3370/11594 3371/11595 3372/11596 # OakCo5
f 3373/11597 3374/11598 3375/11599 3376/11600 # OakCo5
f 3369/11601 3370/11602 3374/11603 3373/11604 # OakCo5
f 3370/11605 3371/11606 3375/11607 3374/11608 # OakCo5
f 3371/11609 3372/11610 3376/11611 3375/11612 # OakCo5
f 3372/11613 3369/11614 3373/11615 3376/11616 # OakCo5
f 3377/11617 3378/11618 3379/11619 3380/11620 # OakC2_o5
f 3381/11621 3382/11622 3383/11623 3384/11624 # OakC2_o5
f 3377/11625 3378/11626 3382/11627 3381/11628 # OakC2_o5
f 3378/11629 3379/11630 3383/11631 3382/11632 # OakC2_o5
f 3379/11633 3380/11634 3384/11635 3383/11636 # OakC2_o5
f 3380/11637 3377/11638 3381/11639 3384/11640 # OakC2_o5
f 3393/11641 3394/11642 3395/11643 3396/11644 # OakCo6
f 3397/11645 3398/11646 3399/11647 3400/11648 # OakCo6
f 3393/11649 3394/11650 3398/11651 3397/11652 # OakCo6
f 3394/11653 3395/11654 3399/11655 3398/11656 # OakCo6
f 3395/11657 3396/11658 3400/11659 3399/11660 # OakCo6
f 3396/11661 3393/11662 3397/11663 3400/11664 # OakCo6
f 3401/11665 3402/11666 3403/11667 3404/11668 # OakC2_o6
f 3405/11669 3406/11670 3407/11671 3408/11672 # OakC2_o6
f 3401/11673 3402/11674 3406/11675 3405/11676 # OakC2_o6
f 3402/11677 3403/11678 3407/11679 3406/11680 # OakC2_o6
f 3403/11681 3404/11682 3408/11683 3407/11684 # OakC2_o6
f 3404/11685 3401/11686 3405/11687 3408/11688 # OakC2_o6
f 3417/11689 3418/11690 3419/11691 3420/11692 # OakCo7
f 3421/11693 3422/11694 3423/11695 3424/11696 # OakCo7
f 3417/11697 3418/11698 3422/11699 3421/11700 # OakCo7
f 3418/11701 3419/11702 3423/11703 3422/11704 # OakCo7
f 3419/11705 3420/11706 3424/11707 3423/11708 # OakCo7
f 3420/11709 3417/11710 3421/11711 3424/11712 # OakCo7
f 3425/11713 3426/11714 3427/11715 3428/11716 # OakC2_o7
f 3429/11717 3430/11718 3431/11719 3432/11720 # OakC2_o7
f 3425/11721 3426/11722 3430/11723 3429/11724 # OakC2_o7
f 3426/11725 3427/11726 3431/11727 3430/11728 # OakC2_o7
f 3427/11729 3428/11730 3432/11731 3431/11732 # OakC2_o7
f 3428/11733 3425/11734 3429/11735 3432/11736 # OakC2_o7
f 3441/11737 3442/11738 3443/11739 3444/11740 # OakCo8
f 3445/11741 3446/11742 3447/11743 3448/11744 # OakCo8
f 3441/11745 3442/11746 3446/11747 3445/11748 # OakCo8
f 3442/11749 3443/11750 3447/11751 3446/11752 # OakCo8
f 3443/11753 3444/11754 3448/11755 3447/11756 # OakCo8
f 3444/11757 3441/11758 3445/11759 3448/11760 # OakCo8
f 3449/11761 3450/11762 3451/11763 3452/11764 # OakC2_o8
f 3453/11765 3454/11766 3455/11767 3456/11768 # OakC2_o8
f 3449/11769 3450/11770 3454/11771 3453/11772 # OakC2_o8
f 3450/11773 3451/11774 3455/11775 3454/11776 # OakC2_o8
f 3451/11777 3452/11778 3456/11779 3455/11780 # OakC2_o8
f 3452/11781 3449/11782 3453/11783 3456/11784 # OakC2_o8
f 3465/11785 3466/11786 3467/11787 3468/11788 # OakCo9
f 3469/11789 3470/11790 3471/11791 3472/11792 # OakCo9
f 3465/11793 3466/11794 3470/11795 3469/11796 # OakCo9
f 3466/11797 3467/11798 3471/11799 3470/11800 # OakCo9
f 3467/11801 3468/11802 3472/11803 3471/11804 # OakCo9
f 3468/11805 3465/11806 3469/11807 3472/11808 # OakCo9
f 3473/11809 3474/11810 3475/11811 3476/11812 # OakC2_o9
f 3477/11813 3478/11814 3479/11815 3480/11816 # OakC2_o9
f 3473/11817 3474/11818 3478/11819 3477/11820 # OakC2_o9
f 3474/11821 3475/11822 3479/11823 3478/11824 # OakC2_o9
f 3475/11825 3476/11826 3480/11827 3479/11828 # OakC2_o9
f 3476/11829 3473/11830 3477/11831 3480/11832 # OakC2_o9
f 3489/11833 3490/11834 3491/11835 3492/11836 # OakCo10
f 3493/11837 3494/11838 3495/11839 3496/11840 # OakCo10
f 3489/11841 3490/11842 3494/11843 3493/11844 # OakCo10
f 3490/11845 3491/11846 3495/11847 3494/11848 # OakCo10
f 3491/11849 3492/11850 3496/11851 3495/11852 # OakCo10
f 3492/11853 3489/11854 3493/11855 3496/11856 # OakCo10
f 3497/11857 3498/11858 3499/11859 3500/11860 # OakC2_o10
f 3501/11861 3502/11862 3503/11863 3504/11864 # OakC2_o10
f 3497/11865 3498/11866 3502/11867 3501/11868 # OakC2_o10
f 3498/11869 3499/11870 3503/11871 3502/11872 # OakC2_o10
f 3499/11873 3500/11874 3504/11875 3503/11876 # OakC2_o10
f 3500/11877 3497/11878 3501/11879 3504/11880 # OakC2_o10
f 3513/11881 3514/11882 3515/11883 3516/11884 # OakCo11
f 3517/11885 3518/11886 3519/11887 3520/11888 # OakCo11
f 3513/11889 3514/11890 3518/11891 3517/11892 # OakCo11
f 3514/11893 3515/11894 3519/11895 3518/11896 # OakCo11
f 3515/11897 3516/11898 3520/11899 3519/11900 # OakCo11
f 3516/11901 3513/11902 3517/11903 3520/11904 # OakCo11
f 3521/11905 3522/11906 3523/11907 3524/11908 # OakC2_o11
f 3525/11909 3526/11910 3527/11911 3528/11912 # OakC2_o11
f 3521/11913 3522/11914 3526/11915 3525/11916 # OakC2_o11
f 3522/11917 3523/11918 3527/11919 3526/11920 # OakC2_o11
f 3523/11921 3524/11922 3528/11923 3527/11924 # OakC2_o11
f 3524/11925 3521/11926 3525/11927 3528/11928 # OakC2_o11
f 3537/11929 3538/11930 3539/11931 3540/11932 # OakCo12
f 3541/11933 3542/11934 3543/11935 3544/11936 # OakCo12
f 3537/11937 3538/11938 3542/11939 3541/11940 # OakCo12
f 3538/11941 3539/11942 3543/11943 3542/11944 # OakCo12
f 3539/11945 3540/11946 3544/11947 3543/11948 # OakCo12
f 3540/11949 3537/11950 3541/11951 3544/11952 # OakCo12
f 3545/11953 3546/11954 3547/11955 3548/11956 # OakC2_o12
f 3549/11957 3550/11958 3551/11959 3552/11960 # OakC2_o12
f 3545/11961 3546/11962 3550/11963 3549/11964 # OakC2_o12
f 3546/11965 3547/11966 3551/11967 3550/11968 # OakC2_o12
f 3547/11969 3548/11970 3552/11971 3551/11972 # OakC2_o12
f 3548/11973 3545/11974 3549/11975 3552/11976 # OakC2_o12
f 3561/11977 3562/11978 3563/11979 3564/11980 # OakCo13
f 3565/11981 3566/11982 3567/11983 3568/11984 # OakCo13
f 3561/11985 3562/11986 3566/11987 3565/11988 # OakCo13
f 3562/11989 3563/11990 3567/11991 3566/11992 # OakCo13
f 3563/11993 3564/11994 3568/11995 3567/11996 # OakCo13
f 3564/11997 3561/11998 3565/11999 3568/12000 # OakCo13
f 3569/12001 3570/12002 3571/12003 3572/12004 # OakC2_o13
f 3573/12005 3574/12006 3575/12007 3576/12008 # OakC2_o13
f 3569/12009 3570/12010 3574/12011 3573/12012 # OakC2_o13
f 3570/12013 3571/12014 3575/12015 3574/12016 # OakC2_o13
f 3571/12017 3572/12018 3576/12019 3575/12020 # OakC2_o13
f 3572/12021 3569/12022 3573/12023 3576/12024 # OakC2_o13
f 3585/12025 3586/12026 3587/12027 3588/12028 # OakCo14
f 3589/12029 3590/12030 3591/12031 3592/12032 # OakCo14
f 3585/12033 3586/12034 3590/12035 3589/12036 # OakCo14
f 3586/12037 3587/12038 3591/12039 3590/12040 # OakCo14
f 3587/12041 3588/12042 3592/12043 3591/12044 # OakCo14
f 3588/12045 3585/12046 3589/12047 3592/12048 # OakCo14
f 3593/12049 3594/12050 3595/12051 3596/12052 # OakC2_o14
f 3597/12053 3598/12054 3599/12055 3600/12056 # OakC2_o14
f 3593/12057 3594/12058 3598/12059 3597/12060 # OakC2_o14
f 3594/12061 3595/12062 3599/12063 3598/12064 # OakC2_o14
f 3595/12065 3596/12066 3600/12067 3599/12068 # OakC2_o14
f 3596/12069 3593/12070 3597/12071 3600/12072 # OakC2_o14
f 3609/12073 3610/12074 3611/12075 3612/12076 # OakCo15
f 3613/12077 3614/12078 3615/12079 3616/12080 # OakCo15
f 3609/12081 3610/12082 3614/12083 3613/12084 # OakCo15
f 3610/12085 3611/12086 3615/12087 3614/12088 # OakCo15
f 3611/12089 3612/12090 3616/12091 3615/12092 # OakCo15
f 3612/12093 3609/12094 3613/12095 3616/12096 # OakCo15
f 3617/12097 3618/12098 3619/12099 3620/12100 # OakC2_o15
f 3621/12101 3622/12102 3623/12103 3624/12104 # OakC2_o15
f 3617/12105 3618/12106 3622/12107 3621/12108 # OakC2_o15
f 3618/12109 3619/12110 3623/12111 3622/12112 # OakC2_o15
f 3619/12113 3620/12114 3624/12115 3623/12116 # OakC2_o15
f 3620/12117 3617/12118 3621/12119 3624/12120 # OakC2_o15
f 4009/12121 4010/12122 4011/12123 4012/12124 # Bush0
f 4013/12125 4014/12126 4015/12127 4016/12128 # Bush0
f 4009/12129 4010/12130 4014/12131 4013/12132 # Bush0
f 4010/12133 4011/12134 4015/12135 4014/12136 # Bush0
f 4011/12137 4012/12138 4016/12139 4015/12140 # Bush0
f 4012/12141 4009/12142 4013/12143 4016/12144 # Bush0
f 4025/12145 4026/12146 4027/12147 4028/12148 # Bush1
f 4029/12149 4030/12150 4031/12151 4032/12152 # Bush1
f 4025/12153 4026/12154 4030/12155 4029/12156 # Bush1
f 4026/12157 4027/12158 4031/12159 4030/12160 # Bush1
f 4027/12161 4028/12162 4032/12163 4031/12164 # Bush1
f 4028/12165 4025/12166 4029/12167 4032/12168 # Bush1
f 4041/12169 4042/12170 4043/12171 4044/12172 # Bush2
f 4045/12173 4046/12174 4047/12175 4048/12176 # Bush2
f 4041/12177 4042/12178 4046/12179 4045/12180 # Bush2
f 4042/12181 4043/12182 4047/12183 4046/12184 # Bush2
f 4043/12185 4044/12186 4048/12187 4047/12188 # Bush2
f 4044/12189 4041/12190 4045/12191 4048/12192 # Bush2
f 4057/12193 4058/12194 4059/12195 4060/12196 # Bush3
f 4061/12197 4062/12198 4063/12199 4064/12200 # Bush3
f 4057/12201 4058/12202 4062/12203 4061/12204 # Bush3
f 4058/12205 4059/12206 4063/12207 4062/12208 # Bush3
f 4059/12209 4060/12210 4064/12211 4063/12212 # Bush3
f 4060/12213 4057/12214 4061/12215 4064/12216 # Bush3
f 4073/12217 4074/12218 4075/12219 4076/12220 # Bush4
f 4077/12221 4078/12222 4079/12223 4080/12224 # Bush4
f 4073/12225 4074/12226 4078/12227 4077/12228 # Bush4
f 4074/12229 4075/12230 4079/12231 4078/12232 # Bush4
f 4075/12233 4076/12234 4080/12235 4079/12236 # Bush4
f 4076/12237 4073/12238 4077/12239 4080/12240 # Bush4
f 4089/12241 4090/12242 4091/12243 4092/12244 # Bush5
f 4093/12245 4094/12246 4095/12247 4096/12248 # Bush5
f 4089/12249 4090/12250 4094/12251 4093/12252 # Bush5
f 4090/12253 4091/12254 4095/12255 4094/12256 # Bush5
f 4091/12257 4092/12258 4096/12259 4095/12260 # Bush5
f 4092/12261 4089/12262 4093/12263 4096/12264 # Bush5
f 4105/12265 4106/12266 4107/12267 4108/12268 # Bush6
f 4109/12269 4110/12270 4111/12271 4112/12272 # Bush6
f 4105/12273 4106/12274 4110/12275 4109/12276 # Bush6
f 4106/12277 4107/12278 4111/12279 4110/12280 # Bush6
f 4107/12281 4108/12282 4112/12283 4111/12284 # Bush6
f 4108/12285 4105/12286 4109/12287 4112/12288 # Bush6
f 4121/12289 4122/12290 4123/12291 4124/12292 # Bush7
f 4125/12293 4126/12294 4127/12295 4128/12296 # Bush7
f 4121/12297 4122/12298 4126/12299 4125/12300 # Bush7
f 4122/12301 4123/12302 4127/12303 4126/12304 # Bush7
f 4123/12305 4124/12306 4128/12307 4127/12308 # Bush7
f 4124/12309 4121/12310 4125/12311 4128/12312 # Bush7
f 4137/12313 4138/12314 4139/12315 4140/12316 # Bush8
f 4141/12317 4142/12318 4143/12319 4144/12320 # Bush8
f 4137/12321 4138/12322 4142/12323 4141/12324 # Bush8
f 4138/12325 4139/12326 4143/12327 4142/12328 # Bush8
f 4139/12329 4140/12330 4144/12331 4143/12332 # Bush8
f 4140/12333 4137/12334 4141/12335 4144/12336 # Bush8
f 4153/12337 4154/12338 4155/12339 4156/12340 # Bush9
f 4157/12341 4158/12342 4159/12343 4160/12344 # Bush9
f 4153/12345 4154/12346 4158/12347 4157/12348 # Bush9
f 4154/12349 4155/12350 4159/12351 4158/12352 # Bush9
f 4155/12353 4156/12354 4160/12355 4159/12356 # Bush9
f 4156/12357 4153/12358 4157/12359 4160/12360 # Bush9
o Apple
usemtl Apple
f 2545/12361 2546/12362 2547/12363 2548/12364 # OrchA0
f 2549/12365 2550/12366 2551/12367 2552/12368 # OrchA0
f 2545/12369 2546/12370 2550/12371 2549/12372 # OrchA0
f 2546/12373 2547/12374 2551/12375 2550/12376 # OrchA0
f 2547/12377 2548/12378 2552/12379 2551/12380 # OrchA0
f 2548/12381 2545/12382 2549/12383 2552/12384 # OrchA0
f 2569/12385 2570/12386 2571/12387 2572/12388 # OrchA1
f 2573/12389 2574/12390 2575/12391 2576/12392 # OrchA1
f 2569/12393 2570/12394 2574/12395 2573/12396 # OrchA1
f 2570/12397 2571/12398 2575/12399 2574/12400 # OrchA1
f 2571/12401 2572/12402 2576/12403 2575/12404 # OrchA1
f 2572/12405 2569/12406 2573/12407 2576/12408 # OrchA1
f 2593/12409 2594/12410 2595/12411 2596/12412 # OrchA2
f 2597/12413 2598/12414 2599/12415 2600/12416 # OrchA2
f 2593/12417 2594/12418 2598/12419 2597/12420 # OrchA2
f 2594/12421 2595/12422 2599/12423 2598/12424 # OrchA2
f 2595/12425 2596/12426 2600/12427 2599/12428 # OrchA2
f 2596/12429 2593/12430 2597/12431 2600/12432 # OrchA2
f 2617/12433 2618/12434 2619/12435 2620/12436 # OrchA3
f 2621/12437 2622/12438 2623/12439 2624/12440 # OrchA3
f 2617/12441 2618/12442 2622/12443 2621/12444 # OrchA3
f 2618/12445 2619/12446 2623/12447 2622/12448 # OrchA3
f 2619/12449 2620/12450 2624/12451 2623/12452 # OrchA3
f 2620/12453 2617/12454 2621/12455 2624/12456 # OrchA3
f 2641/12457 2642/12458 2643/12459 2644/12460 # OrchA4
f 2645/12461 2646/12462 2647/12463 2648/12464 # OrchA4
f 2641/12465 2642/12466 2646/12467 2645/12468 # OrchA4
f 2642/12469 2643/12470 2647/12471 2646/12472 # OrchA4
f 2643/12473 2644/12474 2648/12475 2647/12476 # OrchA4
f 2644/12477 2641/12478 2645/12479 2648/12480 # OrchA4
f 2665/12481 2666/12482 2667/12483 2668/12484 # OrchA5
f 2669/12485 2670/12486 2671/12487 2672/12488 # OrchA5
f 2665/12489 2666/12490 2670/12491 2669/12492 # OrchA5
f 2666/12493 2667/12494 2671/12495 2670/12496 # OrchA5
f 2667/12497 2668/12498 2672/12499 2671/12500 # OrchA5
f 2668/12501 2665/12502 2669/12503 2672/12504 # OrchA5
o RockTop
usemtl RockTop
f 2673/12505 2674/12506 2675/12507 2676/12508 # PondSand
f 2677/12509 2678/12510 2679/12511 2680/12512 # PondSand
f 2673/12513 2674/12514 2678/12515 2677/12516 # PondSand
f 2674/12517 2675/12518 2679/12519 2678/12520 # PondSand
f 2675/12521 2676/12522 2680/12523 2679/12524 # PondSand
f 2676/12525 2673/12526 2677/12527 2680/12528 # PondSand
o RockDark
usemtl RockDark
f 3113/12529 3114/12530 3115/12531 3116/12532 # GateP1_0_245
f 3117/12533 3118/12534 3119/12535 3120/12536 # GateP1_0_245
f 3113/12537 3114/12538 3118/12539 3117/12540 # GateP1_0_245
f 3114/12541 3115/12542 3119/12543 3118/12544 # GateP1_0_245
f 3115/12545 3116/12546 3120/12547 3119/12548 # GateP1_0_245
f 3116/12549 3113/12550 3117/12551 3120/12552 # GateP1_0_245
f 3121/12553 3122/12554 3123/12555 3124/12556 # GateP2_0_245
f 3125/12557 3126/12558 3127/12559 3128/12560 # GateP2_0_245
f 3121/12561 3122/12562 3126/12563 3125/12564 # GateP2_0_245
f 3122/12565 3123/12566 3127/12567 3126/12568 # GateP2_0_245
f 3123/12569 3124/12570 3128/12571 3127/12572 # GateP2_0_245
f 3124/12573 3121/12574 3125/12575 3128/12576 # GateP2_0_245
f 3145/12577 3146/12578 3147/12579 3148/12580 # GateP1_0_-245
f 3149/12581 3150/12582 3151/12583 3152/12584 # GateP1_0_-245
f 3145/12585 3146/12586 3150/12587 3149/12588 # GateP1_0_-245
f 3146/12589 3147/12590 3151/12591 3150/12592 # GateP1_0_-245
f 3147/12593 3148/12594 3152/12595 3151/12596 # GateP1_0_-245
f 3148/12597 3145/12598 3149/12599 3152/12600 # GateP1_0_-245
f 3153/12601 3154/12602 3155/12603 3156/12604 # GateP2_0_-245
f 3157/12605 3158/12606 3159/12607 3160/12608 # GateP2_0_-245
f 3153/12609 3154/12610 3158/12611 3157/12612 # GateP2_0_-245
f 3154/12613 3155/12614 3159/12615 3158/12616 # GateP2_0_-245
f 3155/12617 3156/12618 3160/12619 3159/12620 # GateP2_0_-245
f 3156/12621 3153/12622 3157/12623 3160/12624 # GateP2_0_-245
f 3177/12625 3178/12626 3179/12627 3180/12628 # GateP1_245_0
f 3181/12629 3182/12630 3183/12631 3184/12632 # GateP1_245_0
f 3177/12633 3178/12634 3182/12635 3181/12636 # GateP1_245_0
f 3178/12637 3179/12638 3183/12639 3182/12640 # GateP1_245_0
f 3179/12641 3180/12642 3184/12643 3183/12644 # GateP1_245_0
f 3180/12645 3177/12646 3181/12647 3184/12648 # GateP1_245_0
f 3185/12649 3186/12650 3187/12651 3188/12652 # GateP2_245_0
f 3189/12653 3190/12654 3191/12655 3192/12656 # GateP2_245_0
f 3185/12657 3186/12658 3190/12659 3189/12660 # GateP2_245_0
f 3186/12661 3187/12662 3191/12663 3190/12664 # GateP2_245_0
f 3187/12665 3188/12666 3192/12667 3191/12668 # GateP2_245_0
f 3188/12669 3185/12670 3189/12671 3192/12672 # GateP2_245_0
f 3209/12673 3210/12674 3211/12675 3212/12676 # GateP1_-245_0
f 3213/12677 3214/12678 3215/12679 3216/12680 # GateP1_-245_0
f 3209/12681 3210/12682 3214/12683 3213/12684 # GateP1_-245_0
f 3210/12685 3211/12686 3215/12687 3214/12688 # GateP1_-245_0
f 3211/12689 3212/12690 3216/12691 3215/12692 # GateP1_-245_0
f 3212/12693 3209/12694 3213/12695 3216/12696 # GateP1_-245_0
f 3217/12697 3218/12698 3219/12699 3220/12700 # GateP2_-245_0
f 3221/12701 3222/12702 3223/12703 3224/12704 # GateP2_-245_0
f 3217/12705 3218/12706 3222/12707 3221/12708 # GateP2_-245_0
f 3218/12709 3219/12710 3223/12711 3222/12712 # GateP2_-245_0
f 3219/12713 3220/12714 3224/12715 3223/12716 # GateP2_-245_0
f 3220/12717 3217/12718 3221/12719 3224/12720 # GateP2_-245_0
f 4169/12721 4170/12722 4171/12723 4172/12724 # Rock0
f 4173/12725 4174/12726 4175/12727 4176/12728 # Rock0
f 4169/12729 4170/12730 4174/12731 4173/12732 # Rock0
f 4170/12733 4171/12734 4175/12735 4174/12736 # Rock0
f 4171/12737 4172/12738 4176/12739 4175/12740 # Rock0
f 4172/12741 4169/12742 4173/12743 4176/12744 # Rock0
f 4177/12745 4178/12746 4179/12747 4180/12748 # Rock1
f 4181/12749 4182/12750 4183/12751 4184/12752 # Rock1
f 4177/12753 4178/12754 4182/12755 4181/12756 # Rock1
f 4178/12757 4179/12758 4183/12759 4182/12760 # Rock1
f 4179/12761 4180/12762 4184/12763 4183/12764 # Rock1
f 4180/12765 4177/12766 4181/12767 4184/12768 # Rock1
f 4185/12769 4186/12770 4187/12771 4188/12772 # Rock2
f 4189/12773 4190/12774 4191/12775 4192/12776 # Rock2
f 4185/12777 4186/12778 4190/12779 4189/12780 # Rock2
f 4186/12781 4187/12782 4191/12783 4190/12784 # Rock2
f 4187/12785 4188/12786 4192/12787 4191/12788 # Rock2
f 4188/12789 4185/12790 4189/12791 4192/12792 # Rock2
f 4193/12793 4194/12794 4195/12795 4196/12796 # Rock3
f 4197/12797 4198/12798 4199/12799 4200/12800 # Rock3
f 4193/12801 4194/12802 4198/12803 4197/12804 # Rock3
f 4194/12805 4195/12806 4199/12807 4198/12808 # Rock3
f 4195/12809 4196/12810 4200/12811 4199/12812 # Rock3
f 4196/12813 4193/12814 4197/12815 4200/12816 # Rock3
f 4201/12817 4202/12818 4203/12819 4204/12820 # Rock4
f 4205/12821 4206/12822 4207/12823 4208/12824 # Rock4
f 4201/12825 4202/12826 4206/12827 4205/12828 # Rock4
f 4202/12829 4203/12830 4207/12831 4206/12832 # Rock4
f 4203/12833 4204/12834 4208/12835 4207/12836 # Rock4
f 4204/12837 4201/12838 4205/12839 4208/12840 # Rock4
f 4209/12841 4210/12842 4211/12843 4212/12844 # Rock5
f 4213/12845 4214/12846 4215/12847 4216/12848 # Rock5
f 4209/12849 4210/12850 4214/12851 4213/12852 # Rock5
f 4210/12853 4211/12854 4215/12855 4214/12856 # Rock5
f 4211/12857 4212/12858 4216/12859 4215/12860 # Rock5
f 4212/12861 4209/12862 4213/12863 4216/12864 # Rock5
