# City v1 waterfront 600x600, 613 boxes
mtllib low_poly_city.mtl
v -300.000 -305.000 -2.000
v 300.000 -305.000 -2.000
v 300.000 125.000 -2.000
v -300.000 125.000 -2.000
v -300.000 -305.000 0.000
v 300.000 -305.000 0.000
v 300.000 125.000 0.000
v -300.000 125.000 0.000
v -300.000 115.000 -0.350
v 300.000 115.000 -0.350
v 300.000 305.000 -0.350
v -300.000 305.000 -0.350
v -300.000 115.000 0.150
v 300.000 115.000 0.150
v 300.000 305.000 0.150
v -300.000 305.000 0.150
v -300.000 99.000 -0.050
v 300.000 99.000 -0.050
v 300.000 125.000 -0.050
v -300.000 125.000 -0.050
v -300.000 99.000 0.250
v 300.000 99.000 0.250
v 300.000 125.000 0.250
v -300.000 125.000 0.250
v -300.000 123.000 -0.100
v 300.000 123.000 -0.100
v 300.000 125.000 -0.100
v -300.000 125.000 -0.100
v -300.000 123.000 1.300
v 300.000 123.000 1.300
v 300.000 125.000 1.300
v -300.000 125.000 1.300
v -300.000 95.000 0.600
v 300.000 95.000 0.600
v 300.000 109.000 0.600
v -300.000 109.000 0.600
v -300.000 95.000 0.900
v 300.000 95.000 0.900
v 300.000 109.000 0.900
v -300.000 109.000 0.900
v -300.000 -205.000 0.120
v 300.000 -205.000 0.120
v 300.000 -195.000 0.120
v -300.000 -195.000 0.120
v -300.000 -205.000 0.320
v 300.000 -205.000 0.320
v 300.000 -195.000 0.320
v -300.000 -195.000 0.320
v -300.000 -125.000 0.120
v 300.000 -125.000 0.120
v 300.000 -115.000 0.120
v -300.000 -115.000 0.120
v -300.000 -125.000 0.320
v 300.000 -125.000 0.320
v 300.000 -115.000 0.320
v -300.000 -115.000 0.320
v -300.000 -45.000 0.120
v 300.000 -45.000 0.120
v 300.000 -35.000 0.120
v -300.000 -35.000 0.120
v -300.000 -45.000 0.320
v 300.000 -45.000 0.320
v 300.000 -35.000 0.320
v -300.000 -35.000 0.320
v -300.000 35.000 0.120
v 300.000 35.000 0.120
v 300.000 45.000 0.120
v -300.000 45.000 0.120
v -300.000 35.000 0.320
v 300.000 35.000 0.320
v 300.000 45.000 0.320
v -300.000 45.000 0.320
v -205.000 -305.000 0.160
v -195.000 -305.000 0.160
v -195.000 125.000 0.160
v -205.000 125.000 0.160
v -205.000 -305.000 0.360
v -195.000 -305.000 0.360
v -195.000 125.000 0.360
v -205.000 125.000 0.360
v -125.000 -305.000 0.160
v -115.000 -305.000 0.160
v -115.000 125.000 0.160
v -125.000 125.000 0.160
v -125.000 -305.000 0.360
v -115.000 -305.000 0.360
v -115.000 125.000 0.360
v -125.000 125.000 0.360
v -45.000 -305.000 0.160
v -35.000 -305.000 0.160
v -35.000 125.000 0.160
v -45.000 125.000 0.160
v -45.000 -305.000 0.360
v -35.000 -305.000 0.360
v -35.000 125.000 0.360
v -45.000 125.000 0.360
v 35.000 -305.000 0.160
v 45.000 -305.000 0.160
v 45.000 125.000 0.160
v 35.000 125.000 0.160
v 35.000 -305.000 0.360
v 45.000 -305.000 0.360
v 45.000 125.000 0.360
v 35.000 125.000 0.360
v 115.000 -305.000 0.160
v 125.000 -305.000 0.160
v 125.000 125.000 0.160
v 115.000 125.000 0.160
v 115.000 -305.000 0.360
v 125.000 -305.000 0.360
v 125.000 125.000 0.360
v 115.000 125.000 0.360
v 195.000 -305.000 0.160
v 205.000 -305.000 0.160
v 205.000 125.000 0.160
v 195.000 125.000 0.160
v 195.000 -305.000 0.360
v 205.000 -305.000 0.360
v 205.000 125.000 0.360
v 195.000 125.000 0.360
v -44.550 -43.500 0.370
v -43.450 -43.500 0.370
v -43.450 -36.500 0.370
v -44.550 -36.500 0.370
v -44.550 -43.500 0.430
v -43.450 -43.500 0.430
v -43.450 -36.500 0.430
v -44.550 -36.500 0.430
v -42.550 -43.500 0.370
v -41.450 -43.500 0.370
v -41.450 -36.500 0.370
v -42.550 -36.500 0.370
v -42.550 -43.500 0.430
v -41.450 -43.500 0.430
v -41.450 -36.500 0.430
v -42.550 -36.500 0.430
v -40.550 -43.500 0.370
v -39.450 -43.500 0.370
v -39.450 -36.500 0.370
v -40.550 -36.500 0.370
v -40.550 -43.500 0.430
v -39.450 -43.500 0.430
v -39.450 -36.500 0.430
v -40.550 -36.500 0.430
v -38.550 -43.500 0.370
v -37.450 -43.500 0.370
v -37.450 -36.500 0.370
v -38.550 -36.500 0.370
v -38.550 -43.500 0.430
v -37.450 -43.500 0.430
v -37.450 -36.500 0.430
v -38.550 -36.500 0.430
v -36.550 -43.500 0.370
v -35.450 -43.500 0.370
v -35.450 -36.500 0.370
v -36.550 -36.500 0.370
v -36.550 -43.500 0.430
v -35.450 -43.500 0.430
v -35.450 -36.500 0.430
v -36.550 -36.500 0.430
v 35.450 -43.500 0.370
v 36.550 -43.500 0.370
v 36.550 -36.500 0.370
v 35.450 -36.500 0.370
v 35.450 -43.500 0.430
v 36.550 -43.500 0.430
v 36.550 -36.500 0.430
v 35.450 -36.500 0.430
v 37.450 -43.500 0.370
v 38.550 -43.500 0.370
v 38.550 -36.500 0.370
v 37.450 -36.500 0.370
v 37.450 -43.500 0.430
v 38.550 -43.500 0.430
v 38.550 -36.500 0.430
v 37.450 -36.500 0.430
v 39.450 -43.500 0.370
v 40.550 -43.500 0.370
v 40.550 -36.500 0.370
v 39.450 -36.500 0.370
v 39.450 -43.500 0.430
v 40.550 -43.500 0.430
v 40.550 -36.500 0.430
v 39.450 -36.500 0.430
v 41.450 -43.500 0.370
v 42.550 -43.500 0.370
v 42.550 -36.500 0.370
v 41.450 -36.500 0.370
v 41.450 -43.500 0.430
v 42.550 -43.500 0.430
v 42.550 -36.500 0.430
v 41.450 -36.500 0.430
v 43.450 -43.500 0.370
v 44.550 -43.500 0.370
v 44.550 -36.500 0.370
v 43.450 -36.500 0.370
v 43.450 -43.500 0.430
v 44.550 -43.500 0.430
v 44.550 -36.500 0.430
v 43.450 -36.500 0.430
v -44.550 36.500 0.370
v -43.450 36.500 0.370
v -43.450 43.500 0.370
v -44.550 43.500 0.370
v -44.550 36.500 0.430
v -43.450 36.500 0.430
v -43.450 43.500 0.430
v -44.550 43.500 0.430
v -42.550 36.500 0.370
v -41.450 36.500 0.370
v -41.450 43.500 0.370
v -42.550 43.500 0.370
v -42.550 36.500 0.430
v -41.450 36.500 0.430
v -41.450 43.500 0.430
v -42.550 43.500 0.430
v -40.550 36.500 0.370
v -39.450 36.500 0.370
v -39.450 43.500 0.370
v -40.550 43.500 0.370
v -40.550 36.500 0.430
v -39.450 36.500 0.430
v -39.450 43.500 0.430
v -40.550 43.500 0.430
v -38.550 36.500 0.370
v -37.450 36.500 0.370
v -37.450 43.500 0.370
v -38.550 43.500 0.370
v -38.550 36.500 0.430
v -37.450 36.500 0.430
v -37.450 43.500 0.430
v -38.550 43.500 0.430
v -36.550 36.500 0.370
v -35.450 36.500 0.370
v -35.450 43.500 0.370
v -36.550 43.500 0.370
v -36.550 36.500 0.430
v -35.450 36.500 0.430
v -35.450 43.500 0.430
v -36.550 43.500 0.430
v 35.450 36.500 0.370
v 36.550 36.500 0.370
v 36.550 43.500 0.370
v 35.450 43.500 0.370
v 35.450 36.500 0.430
v 36.550 36.500 0.430
v 36.550 43.500 0.430
v 35.450 43.500 0.430
v 37.450 36.500 0.370
v 38.550 36.500 0.370
v 38.550 43.500 0.370
v 37.450 43.500 0.370
v 37.450 36.500 0.430
v 38.550 36.500 0.430
v 38.550 43.500 0.430
v 37.450 43.500 0.430
v 39.450 36.500 0.370
v 40.550 36.500 0.370
v 40.550 43.500 0.370
v 39.450 43.500 0.370
v 39.450 36.500 0.430
v 40.550 36.500 0.430
v 40.550 43.500 0.430
v 39.450 43.500 0.430
v 41.450 36.500 0.370
v 42.550 36.500 0.370
v 42.550 43.500 0.370
v 41.450 43.500 0.370
v 41.450 36.500 0.430
v 42.550 36.500 0.430
v 42.550 43.500 0.430
v 41.450 43.500 0.430
v 43.450 36.500 0.370
v 44.550 36.500 0.370
v 44.550 43.500 0.370
v 43.450 43.500 0.370
v 43.450 36.500 0.430
v 44.550 36.500 0.430
v 44.550 43.500 0.430
v 43.450 43.500 0.430
v -14.400 -92.480 0.300
v 14.400 -92.480 0.300
v 14.400 -67.520 0.300
v -14.400 -67.520 0.300
v -14.400 -92.480 4.300
v 14.400 -92.480 4.300
v 14.400 -67.520 4.300
v -14.400 -67.520 4.300
v -7.500 -67.100 3.350
v 7.500 -67.100 3.350
v 7.500 -64.500 3.350
v -7.500 -64.500 3.350
v -7.500 -67.100 3.650
v 7.500 -67.100 3.650
v 7.500 -64.500 3.650
v -7.500 -64.500 3.650
v -15.000 -93.000 4.300
v 15.000 -93.000 4.300
v 15.000 -67.000 4.300
v -15.000 -67.000 4.300
v -15.000 -93.000 38.300
v 15.000 -93.000 38.300
v 15.000 -67.000 38.300
v -15.000 -67.000 38.300
v -12.600 -90.920 38.300
v 12.600 -90.920 38.300
v 12.600 -69.080 38.300
v -12.600 -69.080 38.300
v -12.600 -90.920 68.300
v 12.600 -90.920 68.300
v 12.600 -69.080 68.300
v -12.600 -69.080 68.300
v -10.584 -89.173 68.300
v 10.584 -89.173 68.300
v 10.584 -70.827 68.300
v -10.584 -70.827 68.300
v -10.584 -89.173 94.300
v 10.584 -89.173 94.300
v 10.584 -70.827 94.300
v -10.584 -70.827 94.300
v -8.891 -87.705 94.300
v 8.891 -87.705 94.300
v 8.891 -72.295 94.300
v -8.891 -72.295 94.300
v -8.891 -87.705 114.300
v 8.891 -87.705 114.300
v 8.891 -72.295 114.300
v -8.891 -72.295 114.300
v -8.168 -87.172 114.250
v 8.168 -87.172 114.250
v 8.168 -72.828 114.250
v -8.168 -72.828 114.250
v -8.168 -87.172 115.150
v 8.168 -87.172 115.150
v 8.168 -72.828 115.150
v -8.168 -72.828 115.150
v -6.000 -86.000 115.150
v 6.000 -86.000 115.150
v 6.000 -74.000 115.150
v -6.000 -74.000 115.150
v -6.000 -86.000 115.550
v 6.000 -86.000 115.550
v 6.000 -74.000 115.550
v -6.000 -74.000 115.550
v -3.000 -80.500 115.540
v 3.000 -80.500 115.540
v 3.000 -79.500 115.540
v -3.000 -79.500 115.540
v -3.000 -80.500 115.620
v 3.000 -80.500 115.620
v 3.000 -79.500 115.620
v -3.000 -79.500 115.620
v -0.500 -85.300 115.540
v 0.500 -85.300 115.540
v 0.500 -79.500 115.540
v -0.500 -79.500 115.540
v -0.500 -85.300 115.620
v 0.500 -85.300 115.620
v 0.500 -79.500 115.620
v -0.500 -79.500 115.620
v -0.500 -80.500 115.540
v 0.500 -80.500 115.540
v 0.500 -74.700 115.540
v -0.500 -74.700 115.540
v -0.500 -80.500 115.620
v 0.500 -80.500 115.620
v 0.500 -74.700 115.620
v -0.500 -74.700 115.620
v -86.520 -85.560 0.300
v -63.480 -85.560 0.300
v -63.480 -64.440 0.300
v -86.520 -64.440 0.300
v -86.520 -85.560 4.300
v -63.480 -85.560 4.300
v -63.480 -64.440 4.300
v -86.520 -64.440 4.300
v -81.000 -64.100 3.350
v -69.000 -64.100 3.350
v -69.000 -61.500 3.350
v -81.000 -61.500 3.350
v -81.000 -64.100 3.650
v -69.000 -64.100 3.650
v -69.000 -61.500 3.650
v -81.000 -61.500 3.650
v -87.000 -86.000 4.300
v -63.000 -86.000 4.300
v -63.000 -64.000 4.300
v -87.000 -64.000 4.300
v -87.000 -86.000 32.300
v -63.000 -86.000 32.300
v -63.000 -64.000 32.300
v -87.000 -64.000 32.300
v -85.080 -84.240 32.300
v -64.920 -84.240 32.300
v -64.920 -65.760 32.300
v -85.080 -65.760 32.300
v -85.080 -84.240 56.300
v -64.920 -84.240 56.300
v -64.920 -65.760 56.300
v -85.080 -65.760 56.300
v -83.467 -82.762 56.300
v -66.533 -82.762 56.300
v -66.533 -67.238 56.300
v -83.467 -67.238 56.300
v -83.467 -82.762 76.300
v -66.533 -82.762 76.300
v -66.533 -67.238 76.300
v -83.467 -67.238 76.300
v -82.812 -82.220 76.250
v -67.188 -82.220 76.250
v -67.188 -67.780 76.250
v -82.812 -67.780 76.250
v -82.812 -82.220 77.150
v -67.188 -82.220 77.150
v -67.188 -67.780 77.150
v -82.812 -67.780 77.150
v -73.355 -76.200 76.750
v -70.955 -76.200 76.750
v -70.955 -73.800 76.750
v -73.355 -73.800 76.750
v -73.355 -76.200 78.050
v -70.955 -76.200 78.050
v -70.955 -73.800 78.050
v -73.355 -73.800 78.050
v -79.029 -73.944 76.750
v -77.229 -73.944 76.750
v -77.229 -72.144 76.750
v -79.029 -72.144 76.750
v -79.029 -73.944 77.850
v -77.229 -73.944 77.850
v -77.229 -72.144 77.850
v -79.029 -72.144 77.850
v -75.250 -75.250 76.300
v -74.750 -75.250 76.300
v -74.750 -74.750 76.300
v -75.250 -74.750 76.300
v -75.250 -75.250 84.300
v -74.750 -75.250 84.300
v -74.750 -74.750 84.300
v -75.250 -74.750 84.300
v -75.450 -75.450 84.050
v -74.550 -75.450 84.050
v -74.550 -74.550 84.050
v -75.450 -74.550 84.050
v -75.450 -75.450 84.950
v -74.550 -75.450 84.950
v -74.550 -74.550 84.950
v -75.450 -74.550 84.950
v 67.440 -89.520 0.300
v 88.560 -89.520 0.300
v 88.560 -66.480 0.300
v 67.440 -66.480 0.300
v 67.440 -89.520 4.300
v 88.560 -89.520 4.300
v 88.560 -66.480 4.300
v 67.440 -66.480 4.300
v 72.500 -66.100 3.350
v 83.500 -66.100 3.350
v 83.500 -63.500 3.350
v 72.500 -63.500 3.350
v 72.500 -66.100 3.650
v 83.500 -66.100 3.650
v 83.500 -63.500 3.650
v 72.500 -63.500 3.650
v 67.000 -90.000 4.300
v 89.000 -90.000 4.300
v 89.000 -66.000 4.300
v 67.000 -66.000 4.300
v 67.000 -90.000 30.300
v 89.000 -90.000 30.300
v 89.000 -66.000 30.300
v 67.000 -66.000 30.300
v 68.760 -88.080 30.300
v 87.240 -88.080 30.300
v 87.240 -67.920 30.300
v 68.760 -67.920 30.300
v 68.760 -88.080 52.300
v 87.240 -88.080 52.300
v 87.240 -67.920 52.300
v 68.760 -67.920 52.300
v 70.238 -86.467 52.300
v 85.762 -86.467 52.300
v 85.762 -69.533 52.300
v 70.238 -69.533 52.300
v 70.238 -86.467 70.300
v 85.762 -86.467 70.300
v 85.762 -69.533 70.300
v 70.238 -69.533 70.300
v 70.780 -85.812 70.250
v 85.220 -85.812 70.250
v 85.220 -70.188 70.250
v 70.780 -70.188 70.250
v 70.780 -85.812 71.150
v 85.220 -85.812 71.150
v 85.220 -70.188 71.150
v 70.780 -70.188 71.150
v 79.408 -79.200 70.750
v 81.808 -79.200 70.750
v 81.808 -76.800 70.750
v 79.408 -76.800 70.750
v 79.408 -79.200 72.050
v 81.808 -79.200 72.050
v 81.808 -76.800 72.050
v 79.408 -76.800 72.050
v 74.231 -76.766 70.750
v 76.031 -76.766 70.750
v 76.031 -74.966 70.750
v 74.231 -74.966 70.750
v 74.231 -76.766 71.850
v 76.031 -76.766 71.850
v 76.031 -74.966 71.850
v 74.231 -74.966 71.850
v 77.750 -78.250 70.300
v 78.250 -78.250 70.300
v 78.250 -77.750 70.300
v 77.750 -77.750 70.300
v 77.750 -78.250 78.300
v 78.250 -78.250 78.300
v 78.250 -77.750 78.300
v 77.750 -77.750 78.300
v 77.550 -78.450 78.050
v 78.450 -78.450 78.050
v 78.450 -77.550 78.050
v 77.550 -77.550 78.050
v 77.550 -78.450 78.950
v 78.450 -78.450 78.950
v 78.450 -77.550 78.950
v 77.550 -77.550 78.950
v -89.520 0.400 0.300
v -66.480 0.400 0.300
v -66.480 19.600 0.300
v -89.520 19.600 0.300
v -89.520 0.400 4.300
v -66.480 0.400 4.300
v -66.480 19.600 4.300
v -89.520 19.600 4.300
v -84.000 19.900 3.350
v -72.000 19.900 3.350
v -72.000 22.500 3.350
v -84.000 22.500 3.350
v -84.000 19.900 3.650
v -72.000 19.900 3.650
v -72.000 22.500 3.650
v -84.000 22.500 3.650
v -90.000 0.000 4.300
v -66.000 0.000 4.300
v -66.000 20.000 4.300
v -90.000 20.000 4.300
v -90.000 0.000 28.300
v -66.000 0.000 28.300
v -66.000 20.000 28.300
v -90.000 20.000 28.300
v -88.080 1.600 28.300
v -67.920 1.600 28.300
v -67.920 18.400 28.300
v -88.080 18.400 28.300
v -88.080 1.600 48.300
v -67.920 1.600 48.300
v -67.920 18.400 48.300
v -88.080 18.400 48.300
v -86.467 2.944 48.300
v -69.533 2.944 48.300
v -69.533 17.056 48.300
v -86.467 17.056 48.300
v -86.467 2.944 64.300
v -69.533 2.944 64.300
v -69.533 17.056 64.300
v -86.467 17.056 64.300
v -85.812 3.373 64.250
v -70.188 3.373 64.250
v -70.188 16.627 64.250
v -85.812 16.627 64.250
v -85.812 3.373 65.150
v -70.188 3.373 65.150
v -70.188 16.627 65.150
v -85.812 16.627 65.150
v -76.355 8.800 64.750
v -73.955 8.800 64.750
v -73.955 11.200 64.750
v -76.355 11.200 64.750
v -76.355 8.800 66.050
v -73.955 8.800 66.050
v -73.955 11.200 66.050
v -76.355 11.200 66.050
v -82.029 10.878 64.750
v -80.229 10.878 64.750
v -80.229 12.678 64.750
v -82.029 12.678 64.750
v -82.029 10.878 65.850
v -80.229 10.878 65.850
v -80.229 12.678 65.850
v -82.029 12.678 65.850
v -78.250 9.750 64.300
v -77.750 9.750 64.300
v -77.750 10.250 64.300
v -78.250 10.250 64.300
v -78.250 9.750 72.300
v -77.750 9.750 72.300
v -77.750 10.250 72.300
v -78.250 10.250 72.300
v -78.450 9.550 72.050
v -77.550 9.550 72.050
v -77.550 10.450 72.050
v -78.450 10.450 72.050
v -78.450 9.550 72.950
v -77.550 9.550 72.950
v -77.550 10.450 72.950
v -78.450 10.450 72.950
v 70.400 -3.520 0.300
v 89.600 -3.520 0.300
v 89.600 19.520 0.300
v 70.400 19.520 0.300
v 70.400 -3.520 4.300
v 89.600 -3.520 4.300
v 89.600 19.520 4.300
v 70.400 19.520 4.300
v 75.000 19.900 3.350
v 85.000 19.900 3.350
v 85.000 22.500 3.350
v 75.000 22.500 3.350
v 75.000 19.900 3.650
v 85.000 19.900 3.650
v 85.000 22.500 3.650
v 75.000 22.500 3.650
v 70.000 -4.000 4.300
v 90.000 -4.000 4.300
v 90.000 20.000 4.300
v 70.000 20.000 4.300
v 70.000 -4.000 30.300
v 90.000 -4.000 30.300
v 90.000 20.000 30.300
v 70.000 20.000 30.300
v 71.600 -2.080 30.300
v 88.400 -2.080 30.300
v 88.400 18.080 30.300
v 71.600 18.080 30.300
v 71.600 -2.080 50.300
v 88.400 -2.080 50.300
v 88.400 18.080 50.300
v 71.600 18.080 50.300
v 72.244 -1.167 50.250
v 87.756 -1.167 50.250
v 87.756 17.167 50.250
v 72.244 17.167 50.250
v 72.244 -1.167 51.150
v 87.756 -1.167 51.150
v 87.756 17.167 51.150
v 72.244 17.167 51.150
v 81.622 6.800 50.750
v 84.022 6.800 50.750
v 84.022 9.200 50.750
v 81.622 9.200 50.750
v 81.622 6.800 52.050
v 84.022 6.800 52.050
v 84.022 9.200 52.050
v 81.622 9.200 52.050
v 75.995 9.640 50.750
v 77.795 9.640 50.750
v 77.795 11.440 50.750
v 75.995 11.440 50.750
v 75.995 9.640 51.850
v 77.795 9.640 51.850
v 77.795 11.440 51.850
v 75.995 11.440 51.850
v 79.750 7.750 50.300
v 80.250 7.750 50.300
v 80.250 8.250 50.300
v 79.750 8.250 50.300
v 79.750 7.750 58.300
v 80.250 7.750 58.300
v 80.250 8.250 58.300
v 79.750 8.250 58.300
v 79.550 7.550 58.050
v 80.450 7.550 58.050
v 80.450 8.450 58.050
v 79.550 8.450 58.050
v 79.550 7.550 58.950
v 80.450 7.550 58.950
v 80.450 8.450 58.950
v 79.550 8.450 58.950
v -90.560 -169.600 0.300
v -69.440 -169.600 0.300
v -69.440 -150.400 0.300
v -90.560 -150.400 0.300
v -90.560 -169.600 4.300
v -69.440 -169.600 4.300
v -69.440 -150.400 4.300
v -90.560 -150.400 4.300
v -85.500 -150.100 3.350
v -74.500 -150.100 3.350
v -74.500 -147.500 3.350
v -85.500 -147.500 3.350
v -85.500 -150.100 3.650
v -74.500 -150.100 3.650
v -74.500 -147.500 3.650
v -85.500 -147.500 3.650
v -91.000 -170.000 4.300
v -69.000 -170.000 4.300
v -69.000 -150.000 4.300
v -91.000 -150.000 4.300
v -91.000 -170.000 22.300
v -69.000 -170.000 22.300
v -69.000 -150.000 22.300
v -91.000 -150.000 22.300
v -89.240 -168.400 22.300
v -70.760 -168.400 22.300
v -70.760 -151.600 22.300
v -89.240 -151.600 22.300
v -89.240 -168.400 40.300
v -70.760 -168.400 40.300
v -70.760 -151.600 40.300
v -89.240 -151.600 40.300
v -88.462 -167.756 40.250
v -71.538 -167.756 40.250
v -71.538 -152.244 40.250
v -88.462 -152.244 40.250
v -88.462 -167.756 41.150
v -71.538 -167.756 41.150
v -71.538 -152.244 41.150
v -88.462 -152.244 41.150
v -78.095 -161.200 40.750
v -75.695 -161.200 40.750
v -75.695 -158.800 40.750
v -78.095 -158.800 40.750
v -78.095 -161.200 42.050
v -75.695 -161.200 42.050
v -75.695 -158.800 42.050
v -78.095 -158.800 42.050
v -84.315 -158.783 40.750
v -82.515 -158.783 40.750
v -82.515 -156.983 40.750
v -84.315 -156.983 40.750
v -84.315 -158.783 41.850
v -82.515 -158.783 41.850
v -82.515 -156.983 41.850
v -84.315 -156.983 41.850
v -80.250 -160.250 40.300
v -79.750 -160.250 40.300
v -79.750 -159.750 40.300
v -80.250 -159.750 40.300
v -80.250 -160.250 48.300
v -79.750 -160.250 48.300
v -79.750 -159.750 48.300
v -80.250 -159.750 48.300
v -80.450 -160.450 48.050
v -79.550 -160.450 48.050
v -79.550 -159.550 48.050
v -80.450 -159.550 48.050
v -80.450 -160.450 48.950
v -79.550 -160.450 48.950
v -79.550 -159.550 48.950
v -80.450 -159.550 48.950
v -8.640 -168.640 0.300
v 8.640 -168.640 0.300
v 8.640 -151.360 0.300
v -8.640 -151.360 0.300
v -8.640 -168.640 4.300
v 8.640 -168.640 4.300
v 8.640 -151.360 4.300
v -8.640 -151.360 4.300
v -4.500 -151.100 3.350
v 4.500 -151.100 3.350
v 4.500 -148.500 3.350
v -4.500 -148.500 3.350
v -4.500 -151.100 3.650
v 4.500 -151.100 3.650
v 4.500 -148.500 3.650
v -4.500 -148.500 3.650
v -9.000 -169.000 4.300
v 9.000 -169.000 4.300
v 9.000 -151.000 4.300
v -9.000 -151.000 4.300
v -9.000 -169.000 19.300
v 9.000 -169.000 19.300
v 9.000 -151.000 19.300
v -9.000 -151.000 19.300
v -7.560 -167.560 19.300
v 7.560 -167.560 19.300
v 7.560 -152.440 19.300
v -7.560 -152.440 19.300
v -7.560 -167.560 33.300
v 7.560 -167.560 33.300
v 7.560 -152.440 33.300
v -7.560 -152.440 33.300
v -7.050 -167.050 33.250
v 7.050 -167.050 33.250
v 7.050 -152.950 33.250
v -7.050 -152.950 33.250
v -7.050 -167.050 34.150
v 7.050 -167.050 34.150
v 7.050 -152.950 34.150
v -7.050 -152.950 34.150
v 1.340 -161.200 33.750
v 3.740 -161.200 33.750
v 3.740 -158.800 33.750
v 1.340 -158.800 33.750
v 1.340 -161.200 35.050
v 3.740 -161.200 35.050
v 3.740 -158.800 35.050
v 1.340 -158.800 35.050
v -3.694 -158.995 33.750
v -1.894 -158.995 33.750
v -1.894 -157.195 33.750
v -3.694 -157.195 33.750
v -3.694 -158.995 34.850
v -1.894 -158.995 34.850
v -1.894 -157.195 34.850
v -3.694 -157.195 34.850
v 70.400 -169.600 0.300
v 89.600 -169.600 0.300
v 89.600 -150.400 0.300
v 70.400 -150.400 0.300
v 70.400 -169.600 4.300
v 89.600 -169.600 4.300
v 89.600 -150.400 4.300
v 70.400 -150.400 4.300
v 75.000 -150.100 3.350
v 85.000 -150.100 3.350
v 85.000 -147.500 3.350
v 75.000 -147.500 3.350
v 75.000 -150.100 3.650
v 85.000 -150.100 3.650
v 85.000 -147.500 3.650
v 75.000 -147.500 3.650
v 70.000 -170.000 4.300
v 90.000 -170.000 4.300
v 90.000 -150.000 4.300
v 70.000 -150.000 4.300
v 70.000 -170.000 19.300
v 90.000 -170.000 19.300
v 90.000 -150.000 19.300
v 70.000 -150.000 19.300
v 71.600 -168.400 19.300
v 88.400 -168.400 19.300
v 88.400 -151.600 19.300
v 71.600 -151.600 19.300
v 71.600 -168.400 34.300
v 88.400 -168.400 34.300
v 88.400 -151.600 34.300
v 71.600 -151.600 34.300
v 72.944 -167.056 34.300
v 87.056 -167.056 34.300
v 87.056 -152.944 34.300
v 72.944 -152.944 34.300
v 72.944 -167.056 48.300
v 87.056 -167.056 48.300
v 87.056 -152.944 48.300
v 72.944 -152.944 48.300
v 73.373 -166.627 48.250
v 86.627 -166.627 48.250
v 86.627 -153.373 48.250
v 73.373 -153.373 48.250
v 73.373 -166.627 49.150
v 86.627 -166.627 49.150
v 86.627 -153.373 49.150
v 73.373 -153.373 49.150
v 81.171 -161.200 48.750
v 83.571 -161.200 48.750
v 83.571 -158.800 48.750
v 81.171 -158.800 48.750
v 81.171 -161.200 50.050
v 83.571 -161.200 50.050
v 83.571 -158.800 50.050
v 81.171 -158.800 50.050
v 76.492 -159.122 48.750
v 78.292 -159.122 48.750
v 78.292 -157.322 48.750
v 76.492 -157.322 48.750
v 76.492 -159.122 49.850
v 78.292 -159.122 49.850
v 78.292 -157.322 49.850
v 76.492 -157.322 49.850
v 79.750 -160.250 48.300
v 80.250 -160.250 48.300
v 80.250 -159.750 48.300
v 79.750 -159.750 48.300
v 79.750 -160.250 56.300
v 80.250 -160.250 56.300
v 80.250 -159.750 56.300
v 79.750 -159.750 56.300
v 79.550 -160.450 56.050
v 80.450 -160.450 56.050
v 80.450 -159.550 56.050
v 79.550 -159.550 56.050
v 79.550 -160.450 56.950
v 80.450 -160.450 56.950
v 80.450 -159.550 56.950
v 79.550 -159.550 56.950
v 151.360 -167.680 0.300
v 168.640 -167.680 0.300
v 168.640 -152.320 0.300
v 151.360 -152.320 0.300
v 151.360 -167.680 4.300
v 168.640 -167.680 4.300
v 168.640 -152.320 4.300
v 151.360 -152.320 4.300
v 155.500 -152.100 3.350
v 164.500 -152.100 3.350
v 164.500 -149.500 3.350
v 155.500 -149.500 3.350
v 155.500 -152.100 3.650
v 164.500 -152.100 3.650
v 164.500 -149.500 3.650
v 155.500 -149.500 3.650
v 151.000 -168.000 4.300
v 169.000 -168.000 4.300
v 169.000 -152.000 4.300
v 151.000 -152.000 4.300
v 151.000 -168.000 17.300
v 169.000 -168.000 17.300
v 169.000 -152.000 17.300
v 151.000 -152.000 17.300
v 152.440 -166.720 17.300
v 167.560 -166.720 17.300
v 167.560 -153.280 17.300
v 152.440 -153.280 17.300
v 152.440 -166.720 33.300
v 167.560 -166.720 33.300
v 167.560 -153.280 33.300
v 152.440 -153.280 33.300
v 152.950 -166.345 33.250
v 167.050 -166.345 33.250
v 167.050 -153.655 33.250
v 152.950 -153.655 33.250
v 152.950 -166.345 34.150
v 167.050 -166.345 34.150
v 167.050 -153.655 34.150
v 152.950 -153.655 34.150
v 161.340 -161.200 33.750
v 163.740 -161.200 33.750
v 163.740 -158.800 33.750
v 161.340 -158.800 33.750
v 161.340 -161.200 35.050
v 163.740 -161.200 35.050
v 163.740 -158.800 35.050
v 161.340 -158.800 35.050
v 156.306 -159.207 33.750
v 158.106 -159.207 33.750
v 158.106 -157.407 33.750
v 156.306 -157.407 33.750
v 156.306 -159.207 34.850
v 158.106 -159.207 34.850
v 158.106 -157.407 34.850
v 156.306 -157.407 34.850
v -170.560 -88.640 0.300
v -149.440 -88.640 0.300
v -149.440 -71.360 0.300
v -170.560 -71.360 0.300
v -170.560 -88.640 4.300
v -149.440 -88.640 4.300
v -149.440 -71.360 4.300
v -170.560 -71.360 4.300
v -165.500 -71.100 3.350
v -154.500 -71.100 3.350
v -154.500 -68.500 3.350
v -165.500 -68.500 3.350
v -165.500 -71.100 3.650
v -154.500 -71.100 3.650
v -154.500 -68.500 3.650
v -165.500 -68.500 3.650
v -171.000 -89.000 4.300
v -149.000 -89.000 4.300
v -149.000 -71.000 4.300
v -171.000 -71.000 4.300
v -171.000 -89.000 22.300
v -149.000 -89.000 22.300
v -149.000 -71.000 22.300
v -171.000 -71.000 22.300
v -169.240 -87.560 22.300
v -150.760 -87.560 22.300
v -150.760 -72.440 22.300
v -169.240 -72.440 22.300
v -169.240 -87.560 42.300
v -150.760 -87.560 42.300
v -150.760 -72.440 42.300
v -169.240 -72.440 42.300
v -167.762 -86.350 42.300
v -152.238 -86.350 42.300
v -152.238 -73.650 42.300
v -167.762 -73.650 42.300
v -167.762 -86.350 62.300
v -152.238 -86.350 62.300
v -152.238 -73.650 62.300
v -167.762 -73.650 62.300
v -167.220 -86.034 62.250
v -152.780 -86.034 62.250
v -152.780 -73.966 62.250
v -167.220 -73.966 62.250
v -167.220 -86.034 63.150
v -152.780 -86.034 63.150
v -152.780 -73.966 63.150
v -167.220 -73.966 63.150
v -158.592 -81.200 62.750
v -156.192 -81.200 62.750
v -156.192 -78.800 62.750
v -158.592 -78.800 62.750
v -158.592 -81.200 64.050
v -156.192 -81.200 64.050
v -156.192 -78.800 64.050
v -158.592 -78.800 64.050
v -163.769 -79.300 62.750
v -161.969 -79.300 62.750
v -161.969 -77.500 62.750
v -163.769 -77.500 62.750
v -163.769 -79.300 63.850
v -161.969 -79.300 63.850
v -161.969 -77.500 63.850
v -163.769 -77.500 63.850
v -160.250 -80.250 62.300
v -159.750 -80.250 62.300
v -159.750 -79.750 62.300
v -160.250 -79.750 62.300
v -160.250 -80.250 70.300
v -159.750 -80.250 70.300
v -159.750 -79.750 70.300
v -160.250 -79.750 70.300
v -160.450 -80.450 70.050
v -159.550 -80.450 70.050
v -159.550 -79.550 70.050
v -160.450 -79.550 70.050
v -160.450 -80.450 70.950
v -159.550 -80.450 70.950
v -159.550 -79.550 70.950
v -160.450 -79.550 70.950
v 150.400 -88.640 0.300
v 169.600 -88.640 0.300
v 169.600 -71.360 0.300
v 150.400 -71.360 0.300
v 150.400 -88.640 4.300
v 169.600 -88.640 4.300
v 169.600 -71.360 4.300
v 150.400 -71.360 4.300
v 155.000 -71.100 3.350
v 165.000 -71.100 3.350
v 165.000 -68.500 3.350
v 155.000 -68.500 3.350
v 155.000 -71.100 3.650
v 165.000 -71.100 3.650
v 165.000 -68.500 3.650
v 155.000 -68.500 3.650
v 150.000 -89.000 4.300
v 170.000 -89.000 4.300
v 170.000 -71.000 4.300
v 150.000 -71.000 4.300
v 150.000 -89.000 17.300
v 170.000 -89.000 17.300
v 170.000 -71.000 17.300
v 150.000 -71.000 17.300
v 151.600 -87.560 17.300
v 168.400 -87.560 17.300
v 168.400 -72.440 17.300
v 151.600 -72.440 17.300
v 151.600 -87.560 36.300
v 168.400 -87.560 36.300
v 168.400 -72.440 36.300
v 151.600 -72.440 36.300
v 152.244 -87.050 36.250
v 167.756 -87.050 36.250
v 167.756 -72.950 36.250
v 152.244 -72.950 36.250
v 152.244 -87.050 37.150
v 167.756 -87.050 37.150
v 167.756 -72.950 37.150
v 152.244 -72.950 37.150
v 161.622 -81.200 36.750
v 164.022 -81.200 36.750
v 164.022 -78.800 36.750
v 161.622 -78.800 36.750
v 161.622 -81.200 38.050
v 164.022 -81.200 38.050
v 164.022 -78.800 38.050
v 161.622 -78.800 38.050
v 155.995 -78.995 36.750
v 157.795 -78.995 36.750
v 157.795 -77.195 36.750
v 155.995 -77.195 36.750
v 155.995 -78.995 37.850
v 157.795 -78.995 37.850
v 157.795 -77.195 37.850
v 155.995 -77.195 37.850
v 159.750 -80.250 36.300
v 160.250 -80.250 36.300
v 160.250 -79.750 36.300
v 159.750 -79.750 36.300
v 159.750 -80.250 44.300
v 160.250 -80.250 44.300
v 160.250 -79.750 44.300
v 159.750 -79.750 44.300
v 159.550 -80.450 44.050
v 160.450 -80.450 44.050
v 160.450 -79.550 44.050
v 159.550 -79.550 44.050
v 159.550 -80.450 44.950
v 160.450 -80.450 44.950
v 160.450 -79.550 44.950
v 159.550 -79.550 44.950
v 151.360 -9.600 0.300
v 168.640 -9.600 0.300
v 168.640 9.600 0.300
v 151.360 9.600 0.300
v 151.360 -9.600 4.300
v 168.640 -9.600 4.300
v 168.640 9.600 4.300
v 151.360 9.600 4.300
v 155.500 9.900 3.350
v 164.500 9.900 3.350
v 164.500 12.500 3.350
v 155.500 12.500 3.350
v 155.500 9.900 3.650
v 164.500 9.900 3.650
v 164.500 12.500 3.650
v 155.500 12.500 3.650
v 151.000 -10.000 4.300
v 169.000 -10.000 4.300
v 169.000 10.000 4.300
v 151.000 10.000 4.300
v 151.000 -10.000 19.300
v 169.000 -10.000 19.300
v 169.000 10.000 19.300
v 151.000 10.000 19.300
v 152.440 -8.400 19.300
v 167.560 -8.400 19.300
v 167.560 8.400 19.300
v 152.440 8.400 19.300
v 152.440 -8.400 37.300
v 167.560 -8.400 37.300
v 167.560 8.400 37.300
v 152.440 8.400 37.300
v 152.950 -7.756 37.250
v 167.050 -7.756 37.250
v 167.050 7.756 37.250
v 152.950 7.756 37.250
v 152.950 -7.756 38.150
v 167.050 -7.756 38.150
v 167.050 7.756 38.150
v 152.950 7.756 38.150
v 161.340 -1.200 37.750
v 163.740 -1.200 37.750
v 163.740 1.200 37.750
v 161.340 1.200 37.750
v 161.340 -1.200 39.050
v 163.740 -1.200 39.050
v 163.740 1.200 39.050
v 161.340 1.200 39.050
v 156.306 1.217 37.750
v 158.106 1.217 37.750
v 158.106 3.017 37.750
v 156.306 3.017 37.750
v 156.306 1.217 38.850
v 158.106 1.217 38.850
v 158.106 3.017 38.850
v 156.306 3.017 38.850
v 159.750 -0.250 37.300
v 160.250 -0.250 37.300
v 160.250 0.250 37.300
v 159.750 0.250 37.300
v 159.750 -0.250 45.300
v 160.250 -0.250 45.300
v 160.250 0.250 45.300
v 159.750 0.250 45.300
v 159.550 -0.450 45.050
v 160.450 -0.450 45.050
v 160.450 0.450 45.050
v 159.550 0.450 45.050
v 159.550 -0.450 45.950
v 160.450 -0.450 45.950
v 160.450 0.450 45.950
v 159.550 0.450 45.950
v 150.400 71.360 0.300
v 169.600 71.360 0.300
v 169.600 88.640 0.300
v 150.400 88.640 0.300
v 150.400 71.360 4.300
v 169.600 71.360 4.300
v 169.600 88.640 4.300
v 150.400 88.640 4.300
v 155.000 88.900 3.350
v 165.000 88.900 3.350
v 165.000 91.500 3.350
v 155.000 91.500 3.350
v 155.000 88.900 3.650
v 165.000 88.900 3.650
v 165.000 91.500 3.650
v 155.000 91.500 3.650
v 150.000 71.000 4.300
v 170.000 71.000 4.300
v 170.000 89.000 4.300
v 150.000 89.000 4.300
v 150.000 71.000 19.300
v 170.000 71.000 19.300
v 170.000 89.000 19.300
v 150.000 89.000 19.300
v 151.600 72.440 19.300
v 168.400 72.440 19.300
v 168.400 87.560 19.300
v 151.600 87.560 19.300
v 151.600 72.440 36.300
v 168.400 72.440 36.300
v 168.400 87.560 36.300
v 151.600 87.560 36.300
v 152.244 72.950 36.250
v 167.756 72.950 36.250
v 167.756 87.050 36.250
v 152.244 87.050 36.250
v 152.244 72.950 37.150
v 167.756 72.950 37.150
v 167.756 87.050 37.150
v 152.244 87.050 37.150
v 161.622 78.800 36.750
v 164.022 78.800 36.750
v 164.022 81.200 36.750
v 161.622 81.200 36.750
v 161.622 78.800 38.050
v 164.022 78.800 38.050
v 164.022 81.200 38.050
v 161.622 81.200 38.050
v 155.995 81.005 36.750
v 157.795 81.005 36.750
v 157.795 82.805 36.750
v 155.995 82.805 36.750
v 155.995 81.005 37.850
v 157.795 81.005 37.850
v 157.795 82.805 37.850
v 155.995 82.805 37.850
v 159.750 79.750 36.300
v 160.250 79.750 36.300
v 160.250 80.250 36.300
v 159.750 80.250 36.300
v 159.750 79.750 44.300
v 160.250 79.750 44.300
v 160.250 80.250 44.300
v 159.750 80.250 44.300
v 159.550 79.550 44.050
v 160.450 79.550 44.050
v 160.450 80.450 44.050
v 159.550 80.450 44.050
v 159.550 79.550 44.950
v 160.450 79.550 44.950
v 160.450 80.450 44.950
v 159.550 80.450 44.950
v -168.640 -8.640 0.300
v -151.360 -8.640 0.300
v -151.360 8.640 0.300
v -168.640 8.640 0.300
v -168.640 -8.640 4.300
v -151.360 -8.640 4.300
v -151.360 8.640 4.300
v -168.640 8.640 4.300
v -164.500 8.900 3.350
v -155.500 8.900 3.350
v -155.500 11.500 3.350
v -164.500 11.500 3.350
v -164.500 8.900 3.650
v -155.500 8.900 3.650
v -155.500 11.500 3.650
v -164.500 11.500 3.650
v -169.000 -9.000 4.300
v -151.000 -9.000 4.300
v -151.000 9.000 4.300
v -169.000 9.000 4.300
v -169.000 -9.000 22.300
v -151.000 -9.000 22.300
v -151.000 9.000 22.300
v -169.000 9.000 22.300
v -167.560 -7.560 22.300
v -152.440 -7.560 22.300
v -152.440 7.560 22.300
v -167.560 7.560 22.300
v -167.560 -7.560 37.300
v -152.440 -7.560 37.300
v -152.440 7.560 37.300
v -167.560 7.560 37.300
v -167.050 -7.050 37.250
v -152.950 -7.050 37.250
v -152.950 7.050 37.250
v -167.050 7.050 37.250
v -167.050 -7.050 38.150
v -152.950 -7.050 38.150
v -152.950 7.050 38.150
v -167.050 7.050 38.150
v -158.660 -1.200 37.750
v -156.260 -1.200 37.750
v -156.260 1.200 37.750
v -158.660 1.200 37.750
v -158.660 -1.200 39.050
v -156.260 -1.200 39.050
v -156.260 1.200 39.050
v -158.660 1.200 39.050
v -163.694 1.005 37.750
v -161.894 1.005 37.750
v -161.894 2.805 37.750
v -163.694 2.805 37.750
v -163.694 1.005 38.850
v -161.894 1.005 38.850
v -161.894 2.805 38.850
v -163.694 2.805 38.850
v -169.600 70.400 0.300
v -150.400 70.400 0.300
v -150.400 89.600 0.300
v -169.600 89.600 0.300
v -169.600 70.400 4.300
v -150.400 70.400 4.300
v -150.400 89.600 4.300
v -169.600 89.600 4.300
v -165.000 89.900 3.350
v -155.000 89.900 3.350
v -155.000 92.500 3.350
v -165.000 92.500 3.350
v -165.000 89.900 3.650
v -155.000 89.900 3.650
v -155.000 92.500 3.650
v -165.000 92.500 3.650
v -170.000 70.000 4.300
v -150.000 70.000 4.300
v -150.000 90.000 4.300
v -170.000 90.000 4.300
v -170.000 70.000 18.300
v -150.000 70.000 18.300
v -150.000 90.000 18.300
v -170.000 90.000 18.300
v -168.400 71.600 18.300
v -151.600 71.600 18.300
v -151.600 88.400 18.300
v -168.400 88.400 18.300
v -168.400 71.600 37.300
v -151.600 71.600 37.300
v -151.600 88.400 37.300
v -168.400 88.400 37.300
v -167.756 72.244 37.250
v -152.244 72.244 37.250
v -152.244 87.756 37.250
v -167.756 87.756 37.250
v -167.756 72.244 38.150
v -152.244 72.244 38.150
v -152.244 87.756 38.150
v -167.756 87.756 38.150
v -158.378 78.800 37.750
v -155.978 78.800 37.750
v -155.978 81.200 37.750
v -158.378 81.200 37.750
v -158.378 78.800 39.050
v -155.978 78.800 39.050
v -155.978 81.200 39.050
v -158.378 81.200 39.050
v -164.005 81.217 37.750
v -162.205 81.217 37.750
v -162.205 83.017 37.750
v -164.005 83.017 37.750
v -164.005 81.217 38.850
v -162.205 81.217 38.850
v -162.205 83.017 38.850
v -164.005 83.017 38.850
v -160.250 79.750 37.300
v -159.750 79.750 37.300
v -159.750 80.250 37.300
v -160.250 80.250 37.300
v -160.250 79.750 45.300
v -159.750 79.750 45.300
v -159.750 80.250 45.300
v -160.250 80.250 45.300
v -160.450 79.550 45.050
v -159.550 79.550 45.050
v -159.550 80.450 45.050
v -160.450 80.450 45.050
v -160.450 79.550 45.950
v -159.550 79.550 45.950
v -159.550 80.450 45.950
v -160.450 80.450 45.950
v -88.640 71.360 0.300
v -71.360 71.360 0.300
v -71.360 88.640 0.300
v -88.640 88.640 0.300
v -88.640 71.360 4.300
v -71.360 71.360 4.300
v -71.360 88.640 4.300
v -88.640 88.640 4.300
v -84.500 88.900 3.350
v -75.500 88.900 3.350
v -75.500 91.500 3.350
v -84.500 91.500 3.350
v -84.500 88.900 3.650
v -75.500 88.900 3.650
v -75.500 91.500 3.650
v -84.500 91.500 3.650
v -89.000 71.000 4.300
v -71.000 71.000 4.300
v -71.000 89.000 4.300
v -89.000 89.000 4.300
v -89.000 71.000 18.300
v -71.000 71.000 18.300
v -71.000 89.000 18.300
v -89.000 89.000 18.300
v -87.560 72.440 18.300
v -72.440 72.440 18.300
v -72.440 87.560 18.300
v -87.560 87.560 18.300
v -87.560 72.440 35.300
v -72.440 72.440 35.300
v -72.440 87.560 35.300
v -87.560 87.560 35.300
v -87.050 72.950 35.250
v -72.950 72.950 35.250
v -72.950 87.050 35.250
v -87.050 87.050 35.250
v -87.050 72.950 36.150
v -72.950 72.950 36.150
v -72.950 87.050 36.150
v -87.050 87.050 36.150
v -78.660 78.800 35.750
v -76.260 78.800 35.750
v -76.260 81.200 35.750
v -78.660 81.200 35.750
v -78.660 78.800 37.050
v -76.260 78.800 37.050
v -76.260 81.200 37.050
v -78.660 81.200 37.050
v -83.694 81.005 35.750
v -81.894 81.005 35.750
v -81.894 82.805 35.750
v -83.694 82.805 35.750
v -83.694 81.005 36.850
v -81.894 81.005 36.850
v -81.894 82.805 36.850
v -83.694 82.805 36.850
v -9.600 71.360 0.300
v 9.600 71.360 0.300
v 9.600 88.640 0.300
v -9.600 88.640 0.300
v -9.600 71.360 4.300
v 9.600 71.360 4.300
v 9.600 88.640 4.300
v -9.600 88.640 4.300
v -5.000 88.900 3.350
v 5.000 88.900 3.350
v 5.000 91.500 3.350
v -5.000 91.500 3.350
v -5.000 88.900 3.650
v 5.000 88.900 3.650
v 5.000 91.500 3.650
v -5.000 91.500 3.650
v -10.000 71.000 4.300
v 10.000 71.000 4.300
v 10.000 89.000 4.300
v -10.000 89.000 4.300
v -10.000 71.000 17.300
v 10.000 71.000 17.300
v 10.000 89.000 17.300
v -10.000 89.000 17.300
v -8.400 72.440 17.300
v 8.400 72.440 17.300
v 8.400 87.560 17.300
v -8.400 87.560 17.300
v -8.400 72.440 37.300
v 8.400 72.440 37.300
v 8.400 87.560 37.300
v -8.400 87.560 37.300
v -7.756 72.950 37.250
v 7.756 72.950 37.250
v 7.756 87.050 37.250
v -7.756 87.050 37.250
v -7.756 72.950 38.150
v 7.756 72.950 38.150
v 7.756 87.050 38.150
v -7.756 87.050 38.150
v 1.622 78.800 37.750
v 4.022 78.800 37.750
v 4.022 81.200 37.750
v 1.622 81.200 37.750
v 1.622 78.800 39.050
v 4.022 78.800 39.050
v 4.022 81.200 39.050
v 1.622 81.200 39.050
v -4.005 81.005 37.750
v -2.205 81.005 37.750
v -2.205 82.805 37.750
v -4.005 82.805 37.750
v -4.005 81.005 38.850
v -2.205 81.005 38.850
v -2.205 82.805 38.850
v -4.005 82.805 38.850
v -0.250 79.750 37.300
v 0.250 79.750 37.300
v 0.250 80.250 37.300
v -0.250 80.250 37.300
v -0.250 79.750 45.300
v 0.250 79.750 45.300
v 0.250 80.250 45.300
v -0.250 80.250 45.300
v -0.450 79.550 45.050
v 0.450 79.550 45.050
v 0.450 80.450 45.050
v -0.450 80.450 45.050
v -0.450 79.550 45.950
v 0.450 79.550 45.950
v 0.450 80.450 45.950
v -0.450 80.450 45.950
v 71.360 71.360 0.300
v 88.640 71.360 0.300
v 88.640 88.640 0.300
v 71.360 88.640 0.300
v 71.360 71.360 4.300
v 88.640 71.360 4.300
v 88.640 88.640 4.300
v 71.360 88.640 4.300
v 75.500 88.900 3.350
v 84.500 88.900 3.350
v 84.500 91.500 3.350
v 75.500 91.500 3.350
v 75.500 88.900 3.650
v 84.500 88.900 3.650
v 84.500 91.500 3.650
v 75.500 91.500 3.650
v 71.000 71.000 4.300
v 89.000 71.000 4.300
v 89.000 89.000 4.300
v 71.000 89.000 4.300
v 71.000 71.000 17.300
v 89.000 71.000 17.300
v 89.000 89.000 17.300
v 71.000 89.000 17.300
v 72.440 72.440 17.300
v 87.560 72.440 17.300
v 87.560 87.560 17.300
v 72.440 87.560 17.300
v 72.440 72.440 36.300
v 87.560 72.440 36.300
v 87.560 87.560 36.300
v 72.440 87.560 36.300
v 72.950 72.950 36.250
v 87.050 72.950 36.250
v 87.050 87.050 36.250
v 72.950 87.050 36.250
v 72.950 72.950 37.150
v 87.050 72.950 37.150
v 87.050 87.050 37.150
v 72.950 87.050 37.150
v 81.340 78.800 36.750
v 83.740 78.800 36.750
v 83.740 81.200 36.750
v 81.340 81.200 36.750
v 81.340 78.800 38.050
v 83.740 78.800 38.050
v 83.740 81.200 38.050
v 81.340 81.200 38.050
v 76.306 81.005 36.750
v 78.106 81.005 36.750
v 78.106 82.805 36.750
v 76.306 82.805 36.750
v 76.306 81.005 37.850
v 78.106 81.005 37.850
v 78.106 82.805 37.850
v 76.306 82.805 37.850
v -87.680 -7.680 0.300
v -72.320 -7.680 0.300
v -72.320 7.680 0.300
v -87.680 7.680 0.300
v -87.680 -7.680 4.300
v -72.320 -7.680 4.300
v -72.320 7.680 4.300
v -87.680 7.680 4.300
v -84.000 7.900 3.350
v -76.000 7.900 3.350
v -76.000 10.500 3.350
v -84.000 10.500 3.350
v -84.000 7.900 3.650
v -76.000 7.900 3.650
v -76.000 10.500 3.650
v -84.000 10.500 3.650
v -88.000 -8.000 4.300
v -72.000 -8.000 4.300
v -72.000 8.000 4.300
v -88.000 8.000 4.300
v -88.000 -8.000 21.300
v -72.000 -8.000 21.300
v -72.000 8.000 21.300
v -88.000 8.000 21.300
v -86.720 -6.720 21.300
v -73.280 -6.720 21.300
v -73.280 6.720 21.300
v -86.720 6.720 21.300
v -86.720 -6.720 39.300
v -73.280 -6.720 39.300
v -73.280 6.720 39.300
v -86.720 6.720 39.300
v -86.345 -6.345 39.250
v -73.655 -6.345 39.250
v -73.655 6.345 39.250
v -86.345 6.345 39.250
v -86.345 -6.345 40.150
v -73.655 -6.345 40.150
v -73.655 6.345 40.150
v -86.345 6.345 40.150
v -78.942 -1.200 39.750
v -76.542 -1.200 39.750
v -76.542 1.200 39.750
v -78.942 1.200 39.750
v -78.942 -1.200 41.050
v -76.542 -1.200 41.050
v -76.542 1.200 41.050
v -78.942 1.200 41.050
v -83.384 0.793 39.750
v -81.584 0.793 39.750
v -81.584 2.593 39.750
v -83.384 2.593 39.750
v -83.384 0.793 40.850
v -81.584 0.793 40.850
v -81.584 2.593 40.850
v -83.384 2.593 40.850
v -70.000 -10.000 0.000
v -50.000 -10.000 0.000
v -50.000 2.000 0.000
v -70.000 2.000 0.000
v -70.000 -10.000 4.400
v -50.000 -10.000 4.400
v -50.000 2.000 4.400
v -70.000 2.000 4.400
v -70.200 -10.200 4.400
v -49.800 -10.200 4.400
v -49.800 2.200 4.400
v -70.200 2.200 4.400
v -70.200 -10.200 4.800
v -49.800 -10.200 4.800
v -49.800 2.200 4.800
v -70.200 2.200 4.800
v -68.000 2.050 0.600
v -52.000 2.050 0.600
v -52.000 2.250 0.600
v -68.000 2.250 0.600
v -68.000 2.050 3.200
v -52.000 2.050 3.200
v -52.000 2.250 3.200
v -68.000 2.250 3.200
v -65.000 2.300 3.525
v -63.000 2.300 3.525
v -63.000 3.900 3.525
v -65.000 3.900 3.525
v -65.000 2.300 3.675
v -63.000 2.300 3.675
v -63.000 3.900 3.675
v -65.000 3.900 3.675
v -63.000 2.300 3.525
v -61.000 2.300 3.525
v -61.000 3.900 3.525
v -63.000 3.900 3.525
v -63.000 2.300 3.675
v -61.000 2.300 3.675
v -61.000 3.900 3.675
v -63.000 3.900 3.675
v -61.000 2.300 3.525
v -59.000 2.300 3.525
v -59.000 3.900 3.525
v -61.000 3.900 3.525
v -61.000 2.300 3.675
v -59.000 2.300 3.675
v -59.000 3.900 3.675
v -61.000 3.900 3.675
v -59.000 2.300 3.525
v -57.000 2.300 3.525
v -57.000 3.900 3.525
v -59.000 3.900 3.525
v -59.000 2.300 3.675
v -57.000 2.300 3.675
v -57.000 3.900 3.675
v -59.000 3.900 3.675
v -57.000 2.300 3.525
v -55.000 2.300 3.525
v -55.000 3.900 3.525
v -57.000 3.900 3.525
v -57.000 2.300 3.675
v -55.000 2.300 3.675
v -55.000 3.900 3.675
v -57.000 3.900 3.675
v -64.000 -4.200 4.900
v -56.000 -4.200 4.900
v -56.000 -3.800 4.900
v -64.000 -3.800 4.900
v -64.000 -4.200 6.300
v -56.000 -4.200 6.300
v -56.000 -3.800 6.300
v -64.000 -3.800 6.300
v -46.000 -10.000 0.000
v -26.000 -10.000 0.000
v -26.000 2.000 0.000
v -46.000 2.000 0.000
v -46.000 -10.000 4.400
v -26.000 -10.000 4.400
v -26.000 2.000 4.400
v -46.000 2.000 4.400
v -46.200 -10.200 4.400
v -25.800 -10.200 4.400
v -25.800 2.200 4.400
v -46.200 2.200 4.400
v -46.200 -10.200 4.800
v -25.800 -10.200 4.800
v -25.800 2.200 4.800
v -46.200 2.200 4.800
v -44.000 2.050 0.600
v -28.000 2.050 0.600
v -28.000 2.250 0.600
v -44.000 2.250 0.600
v -44.000 2.050 3.200
v -28.000 2.050 3.200
v -28.000 2.250 3.200
v -44.000 2.250 3.200
v -41.000 2.300 3.525
v -39.000 2.300 3.525
v -39.000 3.900 3.525
v -41.000 3.900 3.525
v -41.000 2.300 3.675
v -39.000 2.300 3.675
v -39.000 3.900 3.675
v -41.000 3.900 3.675
v -39.000 2.300 3.525
v -37.000 2.300 3.525
v -37.000 3.900 3.525
v -39.000 3.900 3.525
v -39.000 2.300 3.675
v -37.000 2.300 3.675
v -37.000 3.900 3.675
v -39.000 3.900 3.675
v -37.000 2.300 3.525
v -35.000 2.300 3.525
v -35.000 3.900 3.525
v -37.000 3.900 3.525
v -37.000 2.300 3.675
v -35.000 2.300 3.675
v -35.000 3.900 3.675
v -37.000 3.900 3.675
v -35.000 2.300 3.525
v -33.000 2.300 3.525
v -33.000 3.900 3.525
v -35.000 3.900 3.525
v -35.000 2.300 3.675
v -33.000 2.300 3.675
v -33.000 3.900 3.675
v -35.000 3.900 3.675
v -33.000 2.300 3.525
v -31.000 2.300 3.525
v -31.000 3.900 3.525
v -33.000 3.900 3.525
v -33.000 2.300 3.675
v -31.000 2.300 3.675
v -31.000 3.900 3.675
v -33.000 3.900 3.675
v -40.000 -4.200 4.900
v -32.000 -4.200 4.900
v -32.000 -3.800 4.900
v -40.000 -3.800 4.900
v -40.000 -4.200 6.300
v -32.000 -4.200 6.300
v -32.000 -3.800 6.300
v -40.000 -3.800 6.300
v -22.000 -10.000 0.000
v -2.000 -10.000 0.000
v -2.000 2.000 0.000
v -22.000 2.000 0.000
v -22.000 -10.000 4.400
v -2.000 -10.000 4.400
v -2.000 2.000 4.400
v -22.000 2.000 4.400
v -22.200 -10.200 4.400
v -1.800 -10.200 4.400
v -1.800 2.200 4.400
v -22.200 2.200 4.400
v -22.200 -10.200 4.800
v -1.800 -10.200 4.800
v -1.800 2.200 4.800
v -22.200 2.200 4.800
v -20.000 2.050 0.600
v -4.000 2.050 0.600
v -4.000 2.250 0.600
v -20.000 2.250 0.600
v -20.000 2.050 3.200
v -4.000 2.050 3.200
v -4.000 2.250 3.200
v -20.000 2.250 3.200
v -17.000 2.300 3.525
v -15.000 2.300 3.525
v -15.000 3.900 3.525
v -17.000 3.900 3.525
v -17.000 2.300 3.675
v -15.000 2.300 3.675
v -15.000 3.900 3.675
v -17.000 3.900 3.675
v -15.000 2.300 3.525
v -13.000 2.300 3.525
v -13.000 3.900 3.525
v -15.000 3.900 3.525
v -15.000 2.300 3.675
v -13.000 2.300 3.675
v -13.000 3.900 3.675
v -15.000 3.900 3.675
v -13.000 2.300 3.525
v -11.000 2.300 3.525
v -11.000 3.900 3.525
v -13.000 3.900 3.525
v -13.000 2.300 3.675
v -11.000 2.300 3.675
v -11.000 3.900 3.675
v -13.000 3.900 3.675
v -11.000 2.300 3.525
v -9.000 2.300 3.525
v -9.000 3.900 3.525
v -11.000 3.900 3.525
v -11.000 2.300 3.675
v -9.000 2.300 3.675
v -9.000 3.900 3.675
v -11.000 3.900 3.675
v -9.000 2.300 3.525
v -7.000 2.300 3.525
v -7.000 3.900 3.525
v -9.000 3.900 3.525
v -9.000 2.300 3.675
v -7.000 2.300 3.675
v -7.000 3.900 3.675
v -9.000 3.900 3.675
v -16.000 -4.200 4.900
v -8.000 -4.200 4.900
v -8.000 -3.800 4.900
v -16.000 -3.800 4.900
v -16.000 -4.200 6.300
v -8.000 -4.200 6.300
v -8.000 -3.800 6.300
v -16.000 -3.800 6.300
v 2.000 -10.000 0.000
v 22.000 -10.000 0.000
v 22.000 2.000 0.000
v 2.000 2.000 0.000
v 2.000 -10.000 4.400
v 22.000 -10.000 4.400
v 22.000 2.000 4.400
v 2.000 2.000 4.400
v 1.800 -10.200 4.400
v 22.200 -10.200 4.400
v 22.200 2.200 4.400
v 1.800 2.200 4.400
v 1.800 -10.200 4.800
v 22.200 -10.200 4.800
v 22.200 2.200 4.800
v 1.800 2.200 4.800
v 4.000 2.050 0.600
v 20.000 2.050 0.600
v 20.000 2.250 0.600
v 4.000 2.250 0.600
v 4.000 2.050 3.200
v 20.000 2.050 3.200
v 20.000 2.250 3.200
v 4.000 2.250 3.200
v 7.000 2.300 3.525
v 9.000 2.300 3.525
v 9.000 3.900 3.525
v 7.000 3.900 3.525
v 7.000 2.300 3.675
v 9.000 2.300 3.675
v 9.000 3.900 3.675
v 7.000 3.900 3.675
v 9.000 2.300 3.525
v 11.000 2.300 3.525
v 11.000 3.900 3.525
v 9.000 3.900 3.525
v 9.000 2.300 3.675
v 11.000 2.300 3.675
v 11.000 3.900 3.675
v 9.000 3.900 3.675
v 11.000 2.300 3.525
v 13.000 2.300 3.525
v 13.000 3.900 3.525
v 11.000 3.900 3.525
v 11.000 2.300 3.675
v 13.000 2.300 3.675
v 13.000 3.900 3.675
v 11.000 3.900 3.675
v 13.000 2.300 3.525
v 15.000 2.300 3.525
v 15.000 3.900 3.525
v 13.000 3.900 3.525
v 13.000 2.300 3.675
v 15.000 2.300 3.675
v 15.000 3.900 3.675
v 13.000 3.900 3.675
v 15.000 2.300 3.525
v 17.000 2.300 3.525
v 17.000 3.900 3.525
v 15.000 3.900 3.525
v 15.000 2.300 3.675
v 17.000 2.300 3.675
v 17.000 3.900 3.675
v 15.000 3.900 3.675
v 8.000 -4.200 4.900
v 16.000 -4.200 4.900
v 16.000 -3.800 4.900
v 8.000 -3.800 4.900
v 8.000 -4.200 6.300
v 16.000 -4.200 6.300
v 16.000 -3.800 6.300
v 8.000 -3.800 6.300
v 26.000 -10.000 0.000
v 46.000 -10.000 0.000
v 46.000 2.000 0.000
v 26.000 2.000 0.000
v 26.000 -10.000 4.400
v 46.000 -10.000 4.400
v 46.000 2.000 4.400
v 26.000 2.000 4.400
v 25.800 -10.200 4.400
v 46.200 -10.200 4.400
v 46.200 2.200 4.400
v 25.800 2.200 4.400
v 25.800 -10.200 4.800
v 46.200 -10.200 4.800
v 46.200 2.200 4.800
v 25.800 2.200 4.800
v 28.000 2.050 0.600
v 44.000 2.050 0.600
v 44.000 2.250 0.600
v 28.000 2.250 0.600
v 28.000 2.050 3.200
v 44.000 2.050 3.200
v 44.000 2.250 3.200
v 28.000 2.250 3.200
v 31.000 2.300 3.525
v 33.000 2.300 3.525
v 33.000 3.900 3.525
v 31.000 3.900 3.525
v 31.000 2.300 3.675
v 33.000 2.300 3.675
v 33.000 3.900 3.675
v 31.000 3.900 3.675
v 33.000 2.300 3.525
v 35.000 2.300 3.525
v 35.000 3.900 3.525
v 33.000 3.900 3.525
v 33.000 2.300 3.675
v 35.000 2.300 3.675
v 35.000 3.900 3.675
v 33.000 3.900 3.675
v 35.000 2.300 3.525
v 37.000 2.300 3.525
v 37.000 3.900 3.525
v 35.000 3.900 3.525
v 35.000 2.300 3.675
v 37.000 2.300 3.675
v 37.000 3.900 3.675
v 35.000 3.900 3.675
v 37.000 2.300 3.525
v 39.000 2.300 3.525
v 39.000 3.900 3.525
v 37.000 3.900 3.525
v 37.000 2.300 3.675
v 39.000 2.300 3.675
v 39.000 3.900 3.675
v 37.000 3.900 3.675
v 39.000 2.300 3.525
v 41.000 2.300 3.525
v 41.000 3.900 3.525
v 39.000 3.900 3.525
v 39.000 2.300 3.675
v 41.000 2.300 3.675
v 41.000 3.900 3.675
v 39.000 3.900 3.675
v 32.000 -4.200 4.900
v 40.000 -4.200 4.900
v 40.000 -3.800 4.900
v 32.000 -3.800 4.900
v 32.000 -4.200 6.300
v 40.000 -4.200 6.300
v 40.000 -3.800 6.300
v 32.000 -3.800 6.300
v 50.000 -10.000 0.000
v 70.000 -10.000 0.000
v 70.000 2.000 0.000
v 50.000 2.000 0.000
v 50.000 -10.000 4.400
v 70.000 -10.000 4.400
v 70.000 2.000 4.400
v 50.000 2.000 4.400
v 49.800 -10.200 4.400
v 70.200 -10.200 4.400
v 70.200 2.200 4.400
v 49.800 2.200 4.400
v 49.800 -10.200 4.800
v 70.200 -10.200 4.800
v 70.200 2.200 4.800
v 49.800 2.200 4.800
v 52.000 2.050 0.600
v 68.000 2.050 0.600
v 68.000 2.250 0.600
v 52.000 2.250 0.600
v 52.000 2.050 3.200
v 68.000 2.050 3.200
v 68.000 2.250 3.200
v 52.000 2.250 3.200
v 55.000 2.300 3.525
v 57.000 2.300 3.525
v 57.000 3.900 3.525
v 55.000 3.900 3.525
v 55.000 2.300 3.675
v 57.000 2.300 3.675
v 57.000 3.900 3.675
v 55.000 3.900 3.675
v 57.000 2.300 3.525
v 59.000 2.300 3.525
v 59.000 3.900 3.525
v 57.000 3.900 3.525
v 57.000 2.300 3.675
v 59.000 2.300 3.675
v 59.000 3.900 3.675
v 57.000 3.900 3.675
v 59.000 2.300 3.525
v 61.000 2.300 3.525
v 61.000 3.900 3.525
v 59.000 3.900 3.525
v 59.000 2.300 3.675
v 61.000 2.300 3.675
v 61.000 3.900 3.675
v 59.000 3.900 3.675
v 61.000 2.300 3.525
v 63.000 2.300 3.525
v 63.000 3.900 3.525
v 61.000 3.900 3.525
v 61.000 2.300 3.675
v 63.000 2.300 3.675
v 63.000 3.900 3.675
v 61.000 3.900 3.675
v 63.000 2.300 3.525
v 65.000 2.300 3.525
v 65.000 3.900 3.525
v 63.000 3.900 3.525
v 63.000 2.300 3.675
v 65.000 2.300 3.675
v 65.000 3.900 3.675
v 63.000 3.900 3.675
v 56.000 -4.200 4.900
v 64.000 -4.200 4.900
v 64.000 -3.800 4.900
v 56.000 -3.800 4.900
v 56.000 -4.200 6.300
v 64.000 -4.200 6.300
v 64.000 -3.800 6.300
v 56.000 -3.800 6.300
v -135.600 -55.600 0.000
v -134.400 -55.600 0.000
v -134.400 -54.400 0.000
v -135.600 -54.400 0.000
v -135.600 -55.600 26.000
v -134.400 -55.600 26.000
v -134.400 -54.400 26.000
v -135.600 -54.400 26.000
v -143.500 -60.000 25.700
v -126.500 -60.000 25.700
v -126.500 -50.000 25.700
v -143.500 -50.000 25.700
v -143.500 -60.000 26.300
v -126.500 -60.000 26.300
v -126.500 -50.000 26.300
v -143.500 -50.000 26.300
v -143.000 -59.150 25.900
v -127.000 -59.150 25.900
v -127.000 -50.150 25.900
v -143.000 -50.150 25.900
v -143.000 -59.150 26.100
v -127.000 -59.150 26.100
v -127.000 -50.150 26.100
v -143.000 -50.150 26.100
v 134.400 54.400 0.000
v 135.600 54.400 0.000
v 135.600 55.600 0.000
v 134.400 55.600 0.000
v 134.400 54.400 30.000
v 135.600 54.400 30.000
v 135.600 55.600 30.000
v 134.400 55.600 30.000
v 125.500 49.500 29.700
v 144.500 49.500 29.700
v 144.500 60.500 29.700
v 125.500 60.500 29.700
v 125.500 49.500 30.300
v 144.500 49.500 30.300
v 144.500 60.500 30.300
v 125.500 60.500 30.300
v 126.000 50.350 29.900
v 144.000 50.350 29.900
v 144.000 60.350 29.900
v 126.000 60.350 29.900
v 126.000 50.350 30.100
v 144.000 50.350 30.100
v 144.000 60.350 30.100
v 126.000 60.350 30.100
v -60.600 -160.600 0.000
v -59.400 -160.600 0.000
v -59.400 -159.400 0.000
v -60.600 -159.400 0.000
v -60.600 -160.600 24.000
v -59.400 -160.600 24.000
v -59.400 -159.400 24.000
v -60.600 -159.400 24.000
v -68.500 -165.000 23.700
v -51.500 -165.000 23.700
v -51.500 -155.000 23.700
v -68.500 -155.000 23.700
v -68.500 -165.000 24.300
v -51.500 -165.000 24.300
v -51.500 -155.000 24.300
v -68.500 -155.000 24.300
v -68.000 -164.150 23.900
v -52.000 -164.150 23.900
v -52.000 -155.150 23.900
v -68.000 -155.150 23.900
v -68.000 -164.150 24.100
v -52.000 -164.150 24.100
v -52.000 -155.150 24.100
v -68.000 -155.150 24.100
v -185.600 64.400 0.000
v -184.400 64.400 0.000
v -184.400 65.600 0.000
v -185.600 65.600 0.000
v -185.600 64.400 22.000
v -184.400 64.400 22.000
v -184.400 65.600 22.000
v -185.600 65.600 22.000
v -185.300 60.500 14.500
v -184.700 60.500 14.500
v -184.700 69.500 14.500
v -185.300 69.500 14.500
v -185.300 60.500 29.500
v -184.700 60.500 29.500
v -184.700 69.500 29.500
v -185.300 69.500 29.500
v -184.750 61.000 15.000
v -184.550 61.000 15.000
v -184.550 69.000 15.000
v -184.750 69.000 15.000
v -184.750 61.000 29.000
v -184.550 61.000 29.000
v -184.550 69.000 29.000
v -184.750 69.000 29.000
v 184.400 -100.600 0.000
v 185.600 -100.600 0.000
v 185.600 -99.400 0.000
v 184.400 -99.400 0.000
v 184.400 -100.600 26.000
v 185.600 -100.600 26.000
v 185.600 -99.400 26.000
v 184.400 -99.400 26.000
v 184.700 -105.000 17.500
v 185.300 -105.000 17.500
v 185.300 -95.000 17.500
v 184.700 -95.000 17.500
v 184.700 -105.000 34.500
v 185.300 -105.000 34.500
v 185.300 -95.000 34.500
v 184.700 -95.000 34.500
v 185.250 -104.500 18.000
v 185.450 -104.500 18.000
v 185.450 -95.500 18.000
v 185.250 -95.500 18.000
v 185.250 -104.500 34.000
v 185.450 -104.500 34.000
v 185.450 -95.500 34.000
v 185.250 -95.500 34.000
v 59.400 59.400 0.000
v 60.600 59.400 0.000
v 60.600 60.600 0.000
v 59.400 60.600 0.000
v 59.400 59.400 20.000
v 60.600 59.400 20.000
v 60.600 60.600 20.000
v 59.400 60.600 20.000
v 53.500 56.000 19.700
v 66.500 56.000 19.700
v 66.500 64.000 19.700
v 53.500 64.000 19.700
v 53.500 56.000 20.300
v 66.500 56.000 20.300
v 66.500 64.000 20.300
v 53.500 64.000 20.300
v 54.000 56.850 19.900
v 66.000 56.850 19.900
v 66.000 63.850 19.900
v 54.000 63.850 19.900
v 54.000 56.850 20.100
v 66.000 56.850 20.100
v 66.000 63.850 20.100
v 54.000 63.850 20.100
v -75.600 -52.600 0.000
v -74.400 -52.600 0.000
v -74.400 -51.400 0.000
v -75.600 -51.400 0.000
v -75.600 -52.600 44.000
v -74.400 -52.600 44.000
v -74.400 -51.400 44.000
v -75.600 -51.400 44.000
v -81.500 -56.000 43.700
v -68.500 -56.000 43.700
v -68.500 -48.000 43.700
v -81.500 -48.000 43.700
v -81.500 -56.000 44.300
v -68.500 -56.000 44.300
v -68.500 -48.000 44.300
v -81.500 -48.000 44.300
v -81.000 -55.150 43.900
v -69.000 -55.150 43.900
v -69.000 -48.150 43.900
v -81.000 -48.150 43.900
v -81.000 -55.150 44.100
v -69.000 -55.150 44.100
v -69.000 -48.150 44.100
v -81.000 -48.150 44.100
v 77.400 -56.600 0.000
v 78.600 -56.600 0.000
v 78.600 -55.400 0.000
v 77.400 -55.400 0.000
v 77.400 -56.600 40.000
v 78.600 -56.600 40.000
v 78.600 -55.400 40.000
v 77.400 -55.400 40.000
v 71.500 -60.000 39.700
v 84.500 -60.000 39.700
v 84.500 -52.000 39.700
v 71.500 -52.000 39.700
v 71.500 -60.000 40.300
v 84.500 -60.000 40.300
v 84.500 -52.000 40.300
v 71.500 -52.000 40.300
v 72.000 -59.150 39.900
v 84.000 -59.150 39.900
v 84.000 -52.150 39.900
v 72.000 -52.150 39.900
v 72.000 -59.150 40.100
v 84.000 -59.150 40.100
v 84.000 -52.150 40.100
v 72.000 -52.150 40.100
v -53.000 114.000 0.650
v -27.000 114.000 0.650
v -27.000 186.000 0.650
v -53.000 186.000 0.650
v -53.000 114.000 1.150
v -27.000 114.000 1.150
v -27.000 186.000 1.150
v -53.000 186.000 1.150
v -51.400 117.600 -1.500
v -50.600 117.600 -1.500
v -50.600 118.400 -1.500
v -51.400 118.400 -1.500
v -51.400 117.600 1.100
v -50.600 117.600 1.100
v -50.600 118.400 1.100
v -51.400 118.400 1.100
v -51.400 125.600 -1.500
v -50.600 125.600 -1.500
v -50.600 126.400 -1.500
v -51.400 126.400 -1.500
v -51.400 125.600 1.100
v -50.600 125.600 1.100
v -50.600 126.400 1.100
v -51.400 126.400 1.100
v -51.400 133.600 -1.500
v -50.600 133.600 -1.500
v -50.600 134.400 -1.500
v -51.400 134.400 -1.500
v -51.400 133.600 1.100
v -50.600 133.600 1.100
v -50.600 134.400 1.100
v -51.400 134.400 1.100
v -51.400 141.600 -1.500
v -50.600 141.600 -1.500
v -50.600 142.400 -1.500
v -51.400 142.400 -1.500
v -51.400 141.600 1.100
v -50.600 141.600 1.100
v -50.600 142.400 1.100
v -51.400 142.400 1.100
v -51.400 149.600 -1.500
v -50.600 149.600 -1.500
v -50.600 150.400 -1.500
v -51.400 150.400 -1.500
v -51.400 149.600 1.100
v -50.600 149.600 1.100
v -50.600 150.400 1.100
v -51.400 150.400 1.100
v -51.400 157.600 -1.500
v -50.600 157.600 -1.500
v -50.600 158.400 -1.500
v -51.400 158.400 -1.500
v -51.400 157.600 1.100
v -50.600 157.600 1.100
v -50.600 158.400 1.100
v -51.400 158.400 1.100
v -51.400 165.600 -1.500
v -50.600 165.600 -1.500
v -50.600 166.400 -1.500
v -51.400 166.400 -1.500
v -51.400 165.600 1.100
v -50.600 165.600 1.100
v -50.600 166.400 1.100
v -51.400 166.400 1.100
v -51.400 173.600 -1.500
v -50.600 173.600 -1.500
v -50.600 174.400 -1.500
v -51.400 174.400 -1.500
v -51.400 173.600 1.100
v -50.600 173.600 1.100
v -50.600 174.400 1.100
v -51.400 174.400 1.100
v -51.400 181.600 -1.500
v -50.600 181.600 -1.500
v -50.600 182.400 -1.500
v -51.400 182.400 -1.500
v -51.400 181.600 1.100
v -50.600 181.600 1.100
v -50.600 182.400 1.100
v -51.400 182.400 1.100
v -40.400 117.600 -1.500
v -39.600 117.600 -1.500
v -39.600 118.400 -1.500
v -40.400 118.400 -1.500
v -40.400 117.600 1.100
v -39.600 117.600 1.100
v -39.600 118.400 1.100
v -40.400 118.400 1.100
v -40.400 125.600 -1.500
v -39.600 125.600 -1.500
v -39.600 126.400 -1.500
v -40.400 126.400 -1.500
v -40.400 125.600 1.100
v -39.600 125.600 1.100
v -39.600 126.400 1.100
v -40.400 126.400 1.100
v -40.400 133.600 -1.500
v -39.600 133.600 -1.500
v -39.600 134.400 -1.500
v -40.400 134.400 -1.500
v -40.400 133.600 1.100
v -39.600 133.600 1.100
v -39.600 134.400 1.100
v -40.400 134.400 1.100
v -40.400 141.600 -1.500
v -39.600 141.600 -1.500
v -39.600 142.400 -1.500
v -40.400 142.400 -1.500
v -40.400 141.600 1.100
v -39.600 141.600 1.100
v -39.600 142.400 1.100
v -40.400 142.400 1.100
v -40.400 149.600 -1.500
v -39.600 149.600 -1.500
v -39.600 150.400 -1.500
v -40.400 150.400 -1.500
v -40.400 149.600 1.100
v -39.600 149.600 1.100
v -39.600 150.400 1.100
v -40.400 150.400 1.100
v -40.400 157.600 -1.500
v -39.600 157.600 -1.500
v -39.600 158.400 -1.500
v -40.400 158.400 -1.500
v -40.400 157.600 1.100
v -39.600 157.600 1.100
v -39.600 158.400 1.100
v -40.400 158.400 1.100
v -40.400 165.600 -1.500
v -39.600 165.600 -1.500
v -39.600 166.400 -1.500
v -40.400 166.400 -1.500
v -40.400 165.600 1.100
v -39.600 165.600 1.100
v -39.600 166.400 1.100
v -40.400 166.400 1.100
v -40.400 173.600 -1.500
v -39.600 173.600 -1.500
v -39.600 174.400 -1.500
v -40.400 174.400 -1.500
v -40.400 173.600 1.100
v -39.600 173.600 1.100
v -39.600 174.400 1.100
v -40.400 174.400 1.100
v -40.400 181.600 -1.500
v -39.600 181.600 -1.500
v -39.600 182.400 -1.500
v -40.400 182.400 -1.500
v -40.400 181.600 1.100
v -39.600 181.600 1.100
v -39.600 182.400 1.100
v -40.400 182.400 1.100
v -29.400 117.600 -1.500
v -28.600 117.600 -1.500
v -28.600 118.400 -1.500
v -29.400 118.400 -1.500
v -29.400 117.600 1.100
v -28.600 117.600 1.100
v -28.600 118.400 1.100
v -29.400 118.400 1.100
v -29.400 125.600 -1.500
v -28.600 125.600 -1.500
v -28.600 126.400 -1.500
v -29.400 126.400 -1.500
v -29.400 125.600 1.100
v -28.600 125.600 1.100
v -28.600 126.400 1.100
v -29.400 126.400 1.100
v -29.400 133.600 -1.500
v -28.600 133.600 -1.500
v -28.600 134.400 -1.500
v -29.400 134.400 -1.500
v -29.400 133.600 1.100
v -28.600 133.600 1.100
v -28.600 134.400 1.100
v -29.400 134.400 1.100
v -29.400 141.600 -1.500
v -28.600 141.600 -1.500
v -28.600 142.400 -1.500
v -29.400 142.400 -1.500
v -29.400 141.600 1.100
v -28.600 141.600 1.100
v -28.600 142.400 1.100
v -29.400 142.400 1.100
v -29.400 149.600 -1.500
v -28.600 149.600 -1.500
v -28.600 150.400 -1.500
v -29.400 150.400 -1.500
v -29.400 149.600 1.100
v -28.600 149.600 1.100
v -28.600 150.400 1.100
v -29.400 150.400 1.100
v -29.400 157.600 -1.500
v -28.600 157.600 -1.500
v -28.600 158.400 -1.500
v -29.400 158.400 -1.500
v -29.400 157.600 1.100
v -28.600 157.600 1.100
v -28.600 158.400 1.100
v -29.400 158.400 1.100
v -29.400 165.600 -1.500
v -28.600 165.600 -1.500
v -28.600 166.400 -1.500
v -29.400 166.400 -1.500
v -29.400 165.600 1.100
v -28.600 165.600 1.100
v -28.600 166.400 1.100
v -29.400 166.400 1.100
v -29.400 173.600 -1.500
v -28.600 173.600 -1.500
v -28.600 174.400 -1.500
v -29.400 174.400 -1.500
v -29.400 173.600 1.100
v -28.600 173.600 1.100
v -28.600 174.400 1.100
v -29.400 174.400 1.100
v -29.400 181.600 -1.500
v -28.600 181.600 -1.500
v -28.600 182.400 -1.500
v -29.400 182.400 -1.500
v -29.400 181.600 1.100
v -28.600 181.600 1.100
v -28.600 182.400 1.100
v -29.400 182.400 1.100
v -52.700 114.000 1.400
v -52.300 114.000 1.400
v -52.300 186.000 1.400
v -52.700 186.000 1.400
v -52.700 114.000 2.600
v -52.300 114.000 2.600
v -52.300 186.000 2.600
v -52.700 186.000 2.600
v -27.700 114.000 1.400
v -27.300 114.000 1.400
v -27.300 186.000 1.400
v -27.700 186.000 1.400
v -27.700 114.000 2.600
v -27.300 114.000 2.600
v -27.300 186.000 2.600
v -27.700 186.000 2.600
v -47.000 123.000 1.000
v -33.000 123.000 1.000
v -33.000 133.000 1.000
v -47.000 133.000 1.000
v -47.000 123.000 5.000
v -33.000 123.000 5.000
v -33.000 133.000 5.000
v -47.000 133.000 5.000
v -47.500 122.500 5.000
v -32.500 122.500 5.000
v -32.500 133.500 5.000
v -47.500 133.500 5.000
v -47.500 122.500 5.800
v -32.500 122.500 5.800
v -32.500 133.500 5.800
v -47.500 133.500 5.800
v -45.000 122.500 5.800
v -35.000 122.500 5.800
v -35.000 133.500 5.800
v -45.000 133.500 5.800
v -45.000 122.500 6.600
v -35.000 122.500 6.600
v -35.000 133.500 6.600
v -45.000 133.500 6.600
v -50.000 138.000 0.700
v -46.000 138.000 0.700
v -46.000 142.000 0.700
v -50.000 142.000 0.700
v -50.000 138.000 3.300
v -46.000 138.000 3.300
v -46.000 142.000 3.300
v -50.000 142.000 3.300
v -50.300 137.700 3.300
v -45.700 137.700 3.300
v -45.700 142.300 3.300
v -50.300 142.300 3.300
v -50.300 137.700 3.700
v -45.700 137.700 3.700
v -45.700 142.300 3.700
v -50.300 142.300 3.700
v -45.938 171.400 0.767
v -44.765 171.400 0.517
v -44.765 172.600 0.517
v -45.938 172.600 0.767
v -43.235 171.400 13.483
v -42.062 171.400 13.233
v -42.062 172.600 13.233
v -43.235 172.600 13.483
v -35.235 171.400 0.517
v -34.062 171.400 0.767
v -34.062 172.600 0.767
v -35.235 172.600 0.517
v -37.938 171.400 13.233
v -36.765 171.400 13.483
v -36.765 172.600 13.483
v -37.938 172.600 13.233
v -41.500 170.500 12.500
v -38.500 170.500 12.500
v -38.500 173.500 12.500
v -41.500 173.500 12.500
v -41.500 170.500 15.500
v -38.500 170.500 15.500
v -38.500 173.500 15.500
v -41.500 173.500 15.500
v -40.250 171.750 4.000
v -39.750 171.750 4.000
v -39.750 172.250 4.000
v -40.250 172.250 4.000
v -40.250 171.750 24.000
v -39.750 171.750 24.000
v -39.750 172.250 24.000
v -40.250 172.250 24.000
v -41.100 170.900 22.900
v -38.900 170.900 22.900
v -38.900 173.100 22.900
v -41.100 173.100 22.900
v -41.100 170.900 25.100
v -38.900 170.900 25.100
v -38.900 173.100 25.100
v -41.100 173.100 25.100
v -44.058 171.750 4.857
v -43.596 171.750 4.666
v -43.596 172.250 4.666
v -44.058 172.250 4.857
v -36.404 171.750 23.334
v -35.942 171.750 23.143
v -35.942 172.250 23.143
v -36.404 172.250 23.334
v -37.610 170.900 22.643
v -35.578 170.900 21.802
v -35.578 173.100 21.802
v -37.610 173.100 22.643
v -36.768 170.900 24.676
v -34.736 170.900 23.834
v -34.736 173.100 23.834
v -36.768 173.100 24.676
v -47.248 171.750 7.106
v -46.894 171.750 6.752
v -46.894 172.250 6.752
v -47.248 172.250 7.106
v -33.106 171.750 21.248
v -32.752 171.750 20.894
v -32.752 172.250 20.894
v -33.106 172.250 21.248
v -34.485 170.900 21.071
v -32.929 170.900 19.515
v -32.929 173.100 19.515
v -34.485 173.100 21.071
v -32.929 170.900 22.627
v -31.373 170.900 21.071
v -31.373 173.100 21.071
v -32.929 173.100 22.627
v -49.334 171.750 10.404
v -49.143 171.750 9.942
v -49.143 172.250 9.942
v -49.334 172.250 10.404
v -30.857 171.750 18.058
v -30.666 171.750 17.596
v -30.666 172.250 17.596
v -30.857 172.250 18.058
v -32.198 170.900 18.422
v -31.357 170.900 16.390
v -31.357 173.100 16.390
v -32.198 173.100 18.422
v -30.166 170.900 19.264
v -29.324 170.900 17.232
v -29.324 173.100 17.232
v -30.166 173.100 19.264
v -50.000 171.750 14.250
v -50.000 171.750 13.750
v -50.000 172.250 13.750
v -50.000 172.250 14.250
v -30.000 171.750 14.250
v -30.000 171.750 13.750
v -30.000 172.250 13.750
v -30.000 172.250 14.250
v -31.100 170.900 15.100
v -31.100 170.900 12.900
v -31.100 173.100 12.900
v -31.100 173.100 15.100
v -28.900 170.900 15.100
v -28.900 170.900 12.900
v -28.900 173.100 12.900
v -28.900 173.100 15.100
v -49.143 171.750 18.058
v -49.334 171.750 17.596
v -49.334 172.250 17.596
v -49.143 172.250 18.058
v -30.666 171.750 10.404
v -30.857 171.750 9.942
v -30.857 172.250 9.942
v -30.666 172.250 10.404
v -31.357 170.900 11.610
v -32.198 170.900 9.578
v -32.198 173.100 9.578
v -31.357 173.100 11.610
v -29.324 170.900 10.768
v -30.166 170.900 8.736
v -30.166 173.100 8.736
v -29.324 173.100 10.768
v -46.894 171.750 21.248
v -47.248 171.750 20.894
v -47.248 172.250 20.894
v -46.894 172.250 21.248
v -32.752 171.750 7.106
v -33.106 171.750 6.752
v -33.106 172.250 6.752
v -32.752 172.250 7.106
v -32.929 170.900 8.485
v -34.485 170.900 6.929
v -34.485 173.100 6.929
v -32.929 173.100 8.485
v -31.373 170.900 6.929
v -32.929 170.900 5.373
v -32.929 173.100 5.373
v -31.373 173.100 6.929
v -43.596 171.750 23.334
v -44.058 171.750 23.143
v -44.058 172.250 23.143
v -43.596 172.250 23.334
v -35.942 171.750 4.857
v -36.404 171.750 4.666
v -36.404 172.250 4.666
v -35.942 172.250 4.857
v -35.578 170.900 6.198
v -37.610 170.900 5.357
v -37.610 173.100 5.357
v -35.578 173.100 6.198
v -34.736 170.900 4.166
v -36.768 170.900 3.324
v -36.768 173.100 3.324
v -34.736 173.100 4.166
v -38.674 171.800 21.689
v -38.282 171.800 21.611
v -38.282 172.200 21.611
v -38.674 172.200 21.689
v -37.894 171.800 25.612
v -37.502 171.800 25.534
v -37.502 172.200 25.534
v -37.894 172.200 25.612
v -35.833 171.800 20.597
v -35.500 171.800 20.374
v -35.500 172.200 20.374
v -35.833 172.200 20.597
v -33.611 171.800 23.922
v -33.278 171.800 23.700
v -33.278 172.200 23.700
v -33.611 172.200 23.922
v -33.626 171.800 18.500
v -33.403 171.800 18.167
v -33.403 172.200 18.167
v -33.626 172.200 18.500
v -30.300 171.800 20.722
v -30.078 171.800 20.389
v -30.078 172.200 20.389
v -30.300 172.200 20.722
v -32.389 171.800 15.718
v -32.311 171.800 15.326
v -32.311 172.200 15.326
v -32.389 172.200 15.718
v -28.466 171.800 16.498
v -28.388 171.800 16.106
v -28.388 172.200 16.106
v -28.466 172.200 16.498
v -32.311 171.800 12.674
v -32.389 171.800 12.282
v -32.389 172.200 12.282
v -32.311 172.200 12.674
v -28.388 171.800 11.894
v -28.466 171.800 11.502
v -28.466 172.200 11.502
v -28.388 172.200 11.894
v -33.403 171.800 9.833
v -33.626 171.800 9.500
v -33.626 172.200 9.500
v -33.403 172.200 9.833
v -30.078 171.800 7.611
v -30.300 171.800 7.278
v -30.300 172.200 7.278
v -30.078 172.200 7.611
v -35.500 171.800 7.626
v -35.833 171.800 7.403
v -35.833 172.200 7.403
v -35.500 172.200 7.626
v -33.278 171.800 4.300
v -33.611 171.800 4.078
v -33.611 172.200 4.078
v -33.278 172.200 4.300
v -38.282 171.800 6.389
v -38.674 171.800 6.311
v -38.674 172.200 6.311
v -38.282 172.200 6.389
v -37.502 171.800 2.466
v -37.894 171.800 2.388
v -37.894 172.200 2.388
v -37.502 172.200 2.466
v -41.326 171.800 6.311
v -41.718 171.800 6.389
v -41.718 172.200 6.389
v -41.326 172.200 6.311
v -42.106 171.800 2.388
v -42.498 171.800 2.466
v -42.498 172.200 2.466
v -42.106 172.200 2.388
v -44.167 171.800 7.403
v -44.500 171.800 7.626
v -44.500 172.200 7.626
v -44.167 172.200 7.403
v -46.389 171.800 4.078
v -46.722 171.800 4.300
v -46.722 172.200 4.300
v -46.389 172.200 4.078
v -46.374 171.800 9.500
v -46.597 171.800 9.833
v -46.597 172.200 9.833
v -46.374 172.200 9.500
v -49.700 171.800 7.278
v -49.922 171.800 7.611
v -49.922 172.200 7.611
v -49.700 172.200 7.278
v -47.611 171.800 12.282
v -47.689 171.800 12.674
v -47.689 172.200 12.674
v -47.611 172.200 12.282
v -51.534 171.800 11.502
v -51.612 171.800 11.894
v -51.612 172.200 11.894
v -51.534 172.200 11.502
v -47.689 171.800 15.326
v -47.611 171.800 15.718
v -47.611 172.200 15.718
v -47.689 172.200 15.326
v -51.612 171.800 16.106
v -51.534 171.800 16.498
v -51.534 172.200 16.498
v -51.612 172.200 16.106
v -46.597 171.800 18.167
v -46.374 171.800 18.500
v -46.374 172.200 18.500
v -46.597 172.200 18.167
v -49.922 171.800 20.389
v -49.700 171.800 20.722
v -49.700 172.200 20.722
v -49.922 172.200 20.389
v -44.500 171.800 20.374
v -44.167 171.800 20.597
v -44.167 172.200 20.597
v -44.500 172.200 20.374
v -46.722 171.800 23.700
v -46.389 171.800 23.922
v -46.389 172.200 23.922
v -46.722 172.200 23.700
v -41.718 171.800 21.611
v -41.326 171.800 21.689
v -41.326 172.200 21.689
v -41.718 172.200 21.611
v -42.498 171.800 25.534
v -42.106 171.800 25.612
v -42.106 172.200 25.612
v -42.498 172.200 25.534
v 57.500 125.000 0.500
v 62.500 125.000 0.500
v 62.500 185.000 0.500
v 57.500 185.000 0.500
v 57.500 125.000 0.900
v 62.500 125.000 0.900
v 62.500 185.000 0.900
v 57.500 185.000 0.900
v 59.700 129.700 -1.300
v 60.300 129.700 -1.300
v 60.300 130.300 -1.300
v 59.700 130.300 -1.300
v 59.700 129.700 0.900
v 60.300 129.700 0.900
v 60.300 130.300 0.900
v 59.700 130.300 0.900
v 59.700 139.700 -1.300
v 60.300 139.700 -1.300
v 60.300 140.300 -1.300
v 59.700 140.300 -1.300
v 59.700 139.700 0.900
v 60.300 139.700 0.900
v 60.300 140.300 0.900
v 59.700 140.300 0.900
v 59.700 149.700 -1.300
v 60.300 149.700 -1.300
v 60.300 150.300 -1.300
v 59.700 150.300 -1.300
v 59.700 149.700 0.900
v 60.300 149.700 0.900
v 60.300 150.300 0.900
v 59.700 150.300 0.900
v 59.700 159.700 -1.300
v 60.300 159.700 -1.300
v 60.300 160.300 -1.300
v 59.700 160.300 -1.300
v 59.700 159.700 0.900
v 60.300 159.700 0.900
v 60.300 160.300 0.900
v 59.700 160.300 0.900
v 59.700 169.700 -1.300
v 60.300 169.700 -1.300
v 60.300 170.300 -1.300
v 59.700 170.300 -1.300
v 59.700 169.700 0.900
v 60.300 169.700 0.900
v 60.300 170.300 0.900
v 59.700 170.300 0.900
v 59.700 179.700 -1.300
v 60.300 179.700 -1.300
v 60.300 180.300 -1.300
v 59.700 180.300 -1.300
v 59.700 179.700 0.900
v 60.300 179.700 0.900
v 60.300 180.300 0.900
v 59.700 180.300 0.900
v 97.500 125.000 0.500
v 102.500 125.000 0.500
v 102.500 185.000 0.500
v 97.500 185.000 0.500
v 97.500 125.000 0.900
v 102.500 125.000 0.900
v 102.500 185.000 0.900
v 97.500 185.000 0.900
v 99.700 129.700 -1.300
v 100.300 129.700 -1.300
v 100.300 130.300 -1.300
v 99.700 130.300 -1.300
v 99.700 129.700 0.900
v 100.300 129.700 0.900
v 100.300 130.300 0.900
v 99.700 130.300 0.900
v 99.700 139.700 -1.300
v 100.300 139.700 -1.300
v 100.300 140.300 -1.300
v 99.700 140.300 -1.300
v 99.700 139.700 0.900
v 100.300 139.700 0.900
v 100.300 140.300 0.900
v 99.700 140.300 0.900
v 99.700 149.700 -1.300
v 100.300 149.700 -1.300
v 100.300 150.300 -1.300
v 99.700 150.300 -1.300
v 99.700 149.700 0.900
v 100.300 149.700 0.900
v 100.300 150.300 0.900
v 99.700 150.300 0.900
v 99.700 159.700 -1.300
v 100.300 159.700 -1.300
v 100.300 160.300 -1.300
v 99.700 160.300 -1.300
v 99.700 159.700 0.900
v 100.300 159.700 0.900
v 100.300 160.300 0.900
v 99.700 160.300 0.900
v 99.700 169.700 -1.300
v 100.300 169.700 -1.300
v 100.300 170.300 -1.300
v 99.700 170.300 -1.300
v 99.700 169.700 0.900
v 100.300 169.700 0.900
v 100.300 170.300 0.900
v 99.700 170.300 0.900
v 99.700 179.700 -1.300
v 100.300 179.700 -1.300
v 100.300 180.300 -1.300
v 99.700 180.300 -1.300
v 99.700 179.700 0.900
v 100.300 179.700 0.900
v 100.300 180.300 0.900
v 99.700 180.300 0.900
v 137.500 125.000 0.500
v 142.500 125.000 0.500
v 142.500 185.000 0.500
v 137.500 185.000 0.500
v 137.500 125.000 0.900
v 142.500 125.000 0.900
v 142.500 185.000 0.900
v 137.500 185.000 0.900
v 139.700 129.700 -1.300
v 140.300 129.700 -1.300
v 140.300 130.300 -1.300
v 139.700 130.300 -1.300
v 139.700 129.700 0.900
v 140.300 129.700 0.900
v 140.300 130.300 0.900
v 139.700 130.300 0.900
v 139.700 139.700 -1.300
v 140.300 139.700 -1.300
v 140.300 140.300 -1.300
v 139.700 140.300 -1.300
v 139.700 139.700 0.900
v 140.300 139.700 0.900
v 140.300 140.300 0.900
v 139.700 140.300 0.900
v 139.700 149.700 -1.300
v 140.300 149.700 -1.300
v 140.300 150.300 -1.300
v 139.700 150.300 -1.300
v 139.700 149.700 0.900
v 140.300 149.700 0.900
v 140.300 150.300 0.900
v 139.700 150.300 0.900
v 139.700 159.700 -1.300
v 140.300 159.700 -1.300
v 140.300 160.300 -1.300
v 139.700 160.300 -1.300
v 139.700 159.700 0.900
v 140.300 159.700 0.900
v 140.300 160.300 0.900
v 139.700 160.300 0.900
v 139.700 169.700 -1.300
v 140.300 169.700 -1.300
v 140.300 170.300 -1.300
v 139.700 170.300 -1.300
v 139.700 169.700 0.900
v 140.300 169.700 0.900
v 140.300 170.300 0.900
v 139.700 170.300 0.900
v 139.700 179.700 -1.300
v 140.300 179.700 -1.300
v 140.300 180.300 -1.300
v 139.700 180.300 -1.300
v 139.700 179.700 0.900
v 140.300 179.700 0.900
v 140.300 180.300 0.900
v 139.700 180.300 0.900
v 68.000 155.000 -0.200
v 72.000 155.000 -0.200
v 72.000 165.000 -0.200
v 68.000 165.000 -0.200
v 68.000 155.000 1.400
v 72.000 155.000 1.400
v 72.000 165.000 1.400
v 68.000 165.000 1.400
v 68.700 164.500 0.300
v 71.300 164.500 0.300
v 71.300 167.500 0.300
v 68.700 167.500 0.300
v 68.700 164.500 1.500
v 71.300 164.500 1.500
v 71.300 167.500 1.500
v 68.700 167.500 1.500
v 68.700 157.000 1.100
v 71.300 157.000 1.100
v 71.300 161.000 1.100
v 68.700 161.000 1.100
v 68.700 157.000 2.900
v 71.300 157.000 2.900
v 71.300 161.000 2.900
v 68.700 161.000 2.900
v 69.875 160.875 1.950
v 70.125 160.875 1.950
v 70.125 161.125 1.950
v 69.875 161.125 1.950
v 69.875 160.875 6.450
v 70.125 160.875 6.450
v 70.125 161.125 6.450
v 69.875 161.125 6.450
v 110.000 145.000 -0.200
v 114.000 145.000 -0.200
v 114.000 155.000 -0.200
v 110.000 155.000 -0.200
v 110.000 145.000 1.400
v 114.000 145.000 1.400
v 114.000 155.000 1.400
v 110.000 155.000 1.400
v 110.700 154.500 0.300
v 113.300 154.500 0.300
v 113.300 157.500 0.300
v 110.700 157.500 0.300
v 110.700 154.500 1.500
v 113.300 154.500 1.500
v 113.300 157.500 1.500
v 110.700 157.500 1.500
v 110.700 147.000 1.100
v 113.300 147.000 1.100
v 113.300 151.000 1.100
v 110.700 151.000 1.100
v 110.700 147.000 2.900
v 113.300 147.000 2.900
v 113.300 151.000 2.900
v 110.700 151.000 2.900
v 111.875 150.875 1.950
v 112.125 150.875 1.950
v 112.125 151.125 1.950
v 111.875 151.125 1.950
v 111.875 150.875 6.450
v 112.125 150.875 6.450
v 112.125 151.125 6.450
v 111.875 151.125 6.450
v 148.000 160.000 -0.200
v 152.000 160.000 -0.200
v 152.000 170.000 -0.200
v 148.000 170.000 -0.200
v 148.000 160.000 1.400
v 152.000 160.000 1.400
v 152.000 170.000 1.400
v 148.000 170.000 1.400
v 148.700 169.500 0.300
v 151.300 169.500 0.300
v 151.300 172.500 0.300
v 148.700 172.500 0.300
v 148.700 169.500 1.500
v 151.300 169.500 1.500
v 151.300 172.500 1.500
v 148.700 172.500 1.500
v 148.700 162.000 1.100
v 151.300 162.000 1.100
v 151.300 166.000 1.100
v 148.700 166.000 1.100
v 148.700 162.000 2.900
v 151.300 162.000 2.900
v 151.300 166.000 2.900
v 148.700 166.000 2.900
v 149.875 165.875 1.950
v 150.125 165.875 1.950
v 150.125 166.125 1.950
v 149.875 166.125 1.950
v 149.875 165.875 6.450
v 150.125 165.875 6.450
v 150.125 166.125 6.450
v 149.875 166.125 6.450
v -120.125 109.875 0.000
v -119.875 109.875 0.000
v -119.875 110.125 0.000
v -120.125 110.125 0.000
v -120.125 109.875 2.400
v -119.875 109.875 2.400
v -119.875 110.125 2.400
v -120.125 110.125 2.400
v -121.700 108.300 2.450
v -118.300 108.300 2.450
v -118.300 111.700 2.450
v -121.700 111.700 2.450
v -121.700 108.300 2.950
v -118.300 108.300 2.950
v -118.300 111.700 2.950
v -121.700 111.700 2.950
v -121.000 109.000 2.850
v -119.000 109.000 2.850
v -119.000 111.000 2.850
v -121.000 111.000 2.850
v -121.000 109.000 3.350
v -119.000 109.000 3.350
v -119.000 111.000 3.350
v -121.000 111.000 3.350
v -100.125 107.875 0.000
v -99.875 107.875 0.000
v -99.875 108.125 0.000
v -100.125 108.125 0.000
v -100.125 107.875 2.400
v -99.875 107.875 2.400
v -99.875 108.125 2.400
v -100.125 108.125 2.400
v -101.700 106.300 2.450
v -98.300 106.300 2.450
v -98.300 109.700 2.450
v -101.700 109.700 2.450
v -101.700 106.300 2.950
v -98.300 106.300 2.950
v -98.300 109.700 2.950
v -101.700 109.700 2.950
v -101.000 107.000 2.850
v -99.000 107.000 2.850
v -99.000 109.000 2.850
v -101.000 109.000 2.850
v -101.000 107.000 3.350
v -99.000 107.000 3.350
v -99.000 109.000 3.350
v -101.000 109.000 3.350
v 179.875 109.875 0.000
v 180.125 109.875 0.000
v 180.125 110.125 0.000
v 179.875 110.125 0.000
v 179.875 109.875 2.400
v 180.125 109.875 2.400
v 180.125 110.125 2.400
v 179.875 110.125 2.400
v 178.300 108.300 2.450
v 181.700 108.300 2.450
v 181.700 111.700 2.450
v 178.300 111.700 2.450
v 178.300 108.300 2.950
v 181.700 108.300 2.950
v 181.700 111.700 2.950
v 178.300 111.700 2.950
v 179.000 109.000 2.850
v 181.000 109.000 2.850
v 181.000 111.000 2.850
v 179.000 111.000 2.850
v 179.000 109.000 3.350
v 181.000 109.000 3.350
v 181.000 111.000 3.350
v 179.000 111.000 3.350
v 199.875 107.875 0.000
v 200.125 107.875 0.000
v 200.125 108.125 0.000
v 199.875 108.125 0.000
v 199.875 107.875 2.400
v 200.125 107.875 2.400
v 200.125 108.125 2.400
v 199.875 108.125 2.400
v 198.300 106.300 2.450
v 201.700 106.300 2.450
v 201.700 109.700 2.450
v 198.300 109.700 2.450
v 198.300 106.300 2.950
v 201.700 106.300 2.950
v 201.700 109.700 2.950
v 198.300 109.700 2.950
v 199.000 107.000 2.850
v 201.000 107.000 2.850
v 201.000 109.000 2.850
v 199.000 109.000 2.850
v 199.000 107.000 3.350
v 201.000 107.000 3.350
v 201.000 109.000 3.350
v 199.000 109.000 3.350
v 190.000 210.000 5.250
v 310.000 210.000 5.250
v 310.000 220.000 5.250
v 190.000 220.000 5.250
v 190.000 210.000 6.750
v 310.000 210.000 6.750
v 310.000 220.000 6.750
v 190.000 220.000 6.750
v 190.000 210.250 6.400
v 310.000 210.250 6.400
v 310.000 210.750 6.400
v 190.000 210.750 6.400
v 190.000 210.250 8.000
v 310.000 210.250 8.000
v 310.000 210.750 8.000
v 190.000 210.750 8.000
v 190.000 219.250 6.400
v 310.000 219.250 6.400
v 310.000 219.750 6.400
v 190.000 219.750 6.400
v 190.000 219.250 8.000
v 310.000 219.250 8.000
v 310.000 219.750 8.000
v 190.000 219.750 8.000
v 208.500 213.500 1.000
v 211.500 213.500 1.000
v 211.500 216.500 1.000
v 208.500 216.500 1.000
v 208.500 213.500 27.000
v 211.500 213.500 27.000
v 211.500 216.500 27.000
v 208.500 216.500 27.000
v 200.215 214.850 5.515
v 200.480 214.850 5.656
v 200.480 215.150 5.656
v 200.215 215.150 5.515
v 195.520 214.850 14.344
v 195.785 214.850 14.485
v 195.785 215.150 14.485
v 195.520 215.150 14.344
v 188.215 214.850 3.515
v 188.480 214.850 3.656
v 188.480 215.150 3.656
v 188.215 215.150 3.515
v 183.520 214.850 12.344
v 183.785 214.850 12.485
v 183.785 215.150 12.485
v 183.520 215.150 12.344
v 219.520 214.850 5.656
v 219.785 214.850 5.515
v 219.785 215.150 5.515
v 219.520 215.150 5.656
v 224.215 214.850 14.485
v 224.480 214.850 14.344
v 224.480 215.150 14.344
v 224.215 215.150 14.485
v 231.520 214.850 3.656
v 231.785 214.850 3.515
v 231.785 215.150 3.515
v 231.520 215.150 3.656
v 236.215 214.850 12.485
v 236.480 214.850 12.344
v 236.480 215.150 12.344
v 236.215 215.150 12.485
v 288.500 213.500 1.000
v 291.500 213.500 1.000
v 291.500 216.500 1.000
v 288.500 216.500 1.000
v 288.500 213.500 27.000
v 291.500 213.500 27.000
v 291.500 216.500 27.000
v 288.500 216.500 27.000
v 280.215 214.850 5.515
v 280.480 214.850 5.656
v 280.480 215.150 5.656
v 280.215 215.150 5.515
v 275.520 214.850 14.344
v 275.785 214.850 14.485
v 275.785 215.150 14.485
v 275.520 215.150 14.344
v 268.215 214.850 3.515
v 268.480 214.850 3.656
v 268.480 215.150 3.656
v 268.215 215.150 3.515
v 263.520 214.850 12.344
v 263.785 214.850 12.485
v 263.785 215.150 12.485
v 263.520 215.150 12.344
v 299.520 214.850 5.656
v 299.785 214.850 5.515
v 299.785 215.150 5.515
v 299.520 215.150 5.656
v 304.215 214.850 14.485
v 304.480 214.850 14.344
v 304.480 215.150 14.344
v 304.215 215.150 14.485
v 311.520 214.850 3.656
v 311.785 214.850 3.515
v 311.785 215.150 3.515
v 311.520 215.150 3.656
v 316.215 214.850 12.485
v 316.480 214.850 12.344
v 316.480 215.150 12.344
v 316.215 215.150 12.485
v -188.000 -188.000 -0.025
v -132.000 -188.000 -0.025
v -132.000 -132.000 -0.025
v -188.000 -132.000 -0.025
v -188.000 -188.000 0.225
v -132.000 -188.000 0.225
v -132.000 -132.000 0.225
v -188.000 -132.000 0.225
v -188.000 -162.000 0.400
v -132.000 -162.000 0.400
v -132.000 -158.000 0.400
v -188.000 -158.000 0.400
v -188.000 -162.000 0.500
v -132.000 -162.000 0.500
v -132.000 -158.000 0.500
v -188.000 -158.000 0.500
v -162.000 -188.000 0.450
v -158.000 -188.000 0.450
v -158.000 -132.000 0.450
v -162.000 -132.000 0.450
v -162.000 -188.000 0.550
v -158.000 -188.000 0.550
v -158.000 -132.000 0.550
v -162.000 -132.000 0.550
v -164.000 -164.000 0.100
v -156.000 -164.000 0.100
v -156.000 -156.000 0.100
v -164.000 -156.000 0.100
v -164.000 -164.000 1.300
v -156.000 -164.000 1.300
v -156.000 -156.000 1.300
v -164.000 -156.000 1.300
v -163.500 -163.500 1.200
v -156.500 -163.500 1.200
v -156.500 -156.500 1.200
v -163.500 -156.500 1.200
v -163.500 -163.500 1.400
v -156.500 -163.500 1.400
v -156.500 -156.500 1.400
v -163.500 -156.500 1.400
v -160.600 -160.600 1.700
v -159.400 -160.600 1.700
v -159.400 -159.400 1.700
v -160.600 -159.400 1.700
v -160.600 -160.600 3.500
v -159.400 -160.600 3.500
v -159.400 -159.400 3.500
v -160.600 -159.400 3.500
v 90.000 -188.000 0.050
v 150.000 -188.000 0.050
v 150.000 -132.000 0.050
v 90.000 -132.000 0.050
v 90.000 -188.000 0.250
v 150.000 -188.000 0.250
v 150.000 -132.000 0.250
v 90.000 -132.000 0.250
v 94.800 -180.000 0.255
v 95.200 -180.000 0.255
v 95.200 -140.000 0.255
v 94.800 -140.000 0.255
v 94.800 -180.000 0.305
v 95.200 -180.000 0.305
v 95.200 -140.000 0.305
v 94.800 -140.000 0.305
v 102.800 -180.000 0.255
v 103.200 -180.000 0.255
v 103.200 -140.000 0.255
v 102.800 -140.000 0.255
v 102.800 -180.000 0.305
v 103.200 -180.000 0.305
v 103.200 -140.000 0.305
v 102.800 -140.000 0.305
v 110.800 -180.000 0.255
v 111.200 -180.000 0.255
v 111.200 -140.000 0.255
v 110.800 -140.000 0.255
v 110.800 -180.000 0.305
v 111.200 -180.000 0.305
v 111.200 -140.000 0.305
v 110.800 -140.000 0.305
v 118.800 -180.000 0.255
v 119.200 -180.000 0.255
v 119.200 -140.000 0.255
v 118.800 -140.000 0.255
v 118.800 -180.000 0.305
v 119.200 -180.000 0.305
v 119.200 -140.000 0.305
v 118.800 -140.000 0.305
v 126.800 -180.000 0.255
v 127.200 -180.000 0.255
v 127.200 -140.000 0.255
v 126.800 -140.000 0.255
v 126.800 -180.000 0.305
v 127.200 -180.000 0.305
v 127.200 -140.000 0.305
v 126.800 -140.000 0.305
v 134.800 -180.000 0.255
v 135.200 -180.000 0.255
v 135.200 -140.000 0.255
v 134.800 -140.000 0.255
v 134.800 -180.000 0.305
v 135.200 -180.000 0.305
v 135.200 -140.000 0.305
v 134.800 -140.000 0.305
v 142.800 -180.000 0.255
v 143.200 -180.000 0.255
v 143.200 -140.000 0.255
v 142.800 -140.000 0.255
v 142.800 -180.000 0.305
v 143.200 -180.000 0.305
v 143.200 -140.000 0.305
v 142.800 -140.000 0.305
v 96.700 -171.100 0.400
v 101.300 -171.100 0.400
v 101.300 -168.900 0.400
v 96.700 -168.900 0.400
v 96.700 -171.100 1.400
v 101.300 -171.100 1.400
v 101.300 -168.900 1.400
v 96.700 -168.900 1.400
v 97.800 -171.000 1.400
v 100.200 -171.000 1.400
v 100.200 -169.000 1.400
v 97.800 -169.000 1.400
v 97.800 -171.000 2.300
v 100.200 -171.000 2.300
v 100.200 -169.000 2.300
v 97.800 -169.000 2.300
v 97.050 -171.450 0.000
v 97.950 -171.450 0.000
v 97.950 -170.550 0.000
v 97.050 -170.550 0.000
v 97.050 -171.450 0.900
v 97.950 -171.450 0.900
v 97.950 -170.550 0.900
v 97.050 -170.550 0.900
v 100.050 -171.450 0.000
v 100.950 -171.450 0.000
v 100.950 -170.550 0.000
v 100.050 -170.550 0.000
v 100.050 -171.450 0.900
v 100.950 -171.450 0.900
v 100.950 -170.550 0.900
v 100.050 -170.550 0.900
v 97.050 -169.450 0.000
v 97.950 -169.450 0.000
v 97.950 -168.550 0.000
v 97.050 -168.550 0.000
v 97.050 -169.450 0.900
v 97.950 -169.450 0.900
v 97.950 -168.550 0.900
v 97.050 -168.550 0.900
v 100.050 -169.450 0.000
v 100.950 -169.450 0.000
v 100.950 -168.550 0.000
v 100.050 -168.550 0.000
v 100.050 -169.450 0.900
v 100.950 -169.450 0.900
v 100.950 -168.550 0.900
v 100.050 -168.550 0.900
v 104.700 -151.100 0.400
v 109.300 -151.100 0.400
v 109.300 -148.900 0.400
v 104.700 -148.900 0.400
v 104.700 -151.100 1.400
v 109.300 -151.100 1.400
v 109.300 -148.900 1.400
v 104.700 -148.900 1.400
v 105.800 -151.000 1.400
v 108.200 -151.000 1.400
v 108.200 -149.000 1.400
v 105.800 -149.000 1.400
v 105.800 -151.000 2.300
v 108.200 -151.000 2.300
v 108.200 -149.000 2.300
v 105.800 -149.000 2.300
v 105.050 -151.450 0.000
v 105.950 -151.450 0.000
v 105.950 -150.550 0.000
v 105.050 -150.550 0.000
v 105.050 -151.450 0.900
v 105.950 -151.450 0.900
v 105.950 -150.550 0.900
v 105.050 -150.550 0.900
v 108.050 -151.450 0.000
v 108.950 -151.450 0.000
v 108.950 -150.550 0.000
v 108.050 -150.550 0.000
v 108.050 -151.450 0.900
v 108.950 -151.450 0.900
v 108.950 -150.550 0.900
v 108.050 -150.550 0.900
v 105.050 -149.450 0.000
v 105.950 -149.450 0.000
v 105.950 -148.550 0.000
v 105.050 -148.550 0.000
v 105.050 -149.450 0.900
v 105.950 -149.450 0.900
v 105.950 -148.550 0.900
v 105.050 -148.550 0.900
v 108.050 -149.450 0.000
v 108.950 -149.450 0.000
v 108.950 -148.550 0.000
v 108.050 -148.550 0.000
v 108.050 -149.450 0.900
v 108.950 -149.450 0.900
v 108.950 -148.550 0.900
v 108.050 -148.550 0.900
v 124.100 -172.300 0.400
v 124.100 -167.700 0.400
v 121.900 -167.700 0.400
v 121.900 -172.300 0.400
v 124.100 -172.300 1.400
v 124.100 -167.700 1.400
v 121.900 -167.700 1.400
v 121.900 -172.300 1.400
v 124.000 -171.200 1.400
v 124.000 -168.800 1.400
v 122.000 -168.800 1.400
v 122.000 -171.200 1.400
v 124.000 -171.200 2.300
v 124.000 -168.800 2.300
v 122.000 -168.800 2.300
v 122.000 -171.200 2.300
v 123.550 -171.950 0.000
v 124.450 -171.950 0.000
v 124.450 -171.050 0.000
v 123.550 -171.050 0.000
v 123.550 -171.950 0.900
v 124.450 -171.950 0.900
v 124.450 -171.050 0.900
v 123.550 -171.050 0.900
v 123.550 -168.950 0.000
v 124.450 -168.950 0.000
v 124.450 -168.050 0.000
v 123.550 -168.050 0.000
v 123.550 -168.950 0.900
v 124.450 -168.950 0.900
v 124.450 -168.050 0.900
v 123.550 -168.050 0.900
v 121.550 -171.950 0.000
v 122.450 -171.950 0.000
v 122.450 -171.050 0.000
v 121.550 -171.050 0.000
v 121.550 -171.950 0.900
v 122.450 -171.950 0.900
v 122.450 -171.050 0.900
v 121.550 -171.050 0.900
v 121.550 -168.950 0.000
v 122.450 -168.950 0.000
v 122.450 -168.050 0.000
v 121.550 -168.050 0.000
v 121.550 -168.950 0.900
v 122.450 -168.950 0.900
v 122.450 -168.050 0.900
v 121.550 -168.050 0.900
v 132.100 -152.300 0.400
v 132.100 -147.700 0.400
v 129.900 -147.700 0.400
v 129.900 -152.300 0.400
v 132.100 -152.300 1.400
v 132.100 -147.700 1.400
v 129.900 -147.700 1.400
v 129.900 -152.300 1.400
v 132.000 -151.200 1.400
v 132.000 -148.800 1.400
v 130.000 -148.800 1.400
v 130.000 -151.200 1.400
v 132.000 -151.200 2.300
v 132.000 -148.800 2.300
v 130.000 -148.800 2.300
v 130.000 -151.200 2.300
v 131.550 -151.950 0.000
v 132.450 -151.950 0.000
v 132.450 -151.050 0.000
v 131.550 -151.050 0.000
v 131.550 -151.950 0.900
v 132.450 -151.950 0.900
v 132.450 -151.050 0.900
v 131.550 -151.050 0.900
v 131.550 -148.950 0.000
v 132.450 -148.950 0.000
v 132.450 -148.050 0.000
v 131.550 -148.050 0.000
v 131.550 -148.950 0.900
v 132.450 -148.950 0.900
v 132.450 -148.050 0.900
v 131.550 -148.050 0.900
v 129.550 -151.950 0.000
v 130.450 -151.950 0.000
v 130.450 -151.050 0.000
v 129.550 -151.050 0.000
v 129.550 -151.950 0.900
v 130.450 -151.950 0.900
v 130.450 -151.050 0.900
v 129.550 -151.050 0.900
v 129.550 -148.950 0.000
v 130.450 -148.950 0.000
v 130.450 -148.050 0.000
v 129.550 -148.050 0.000
v 129.550 -148.950 0.900
v 130.450 -148.950 0.900
v 130.450 -148.050 0.900
v 129.550 -148.050 0.900
v 136.700 -171.100 0.400
v 141.300 -171.100 0.400
v 141.300 -168.900 0.400
v 136.700 -168.900 0.400
v 136.700 -171.100 1.400
v 141.300 -171.100 1.400
v 141.300 -168.900 1.400
v 136.700 -168.900 1.400
v 137.800 -171.000 1.400
v 140.200 -171.000 1.400
v 140.200 -169.000 1.400
v 137.800 -169.000 1.400
v 137.800 -171.000 2.300
v 140.200 -171.000 2.300
v 140.200 -169.000 2.300
v 137.800 -169.000 2.300
v 137.050 -171.450 0.000
v 137.950 -171.450 0.000
v 137.950 -170.550 0.000
v 137.050 -170.550 0.000
v 137.050 -171.450 0.900
v 137.950 -171.450 0.900
v 137.950 -170.550 0.900
v 137.050 -170.550 0.900
v 140.050 -171.450 0.000
v 140.950 -171.450 0.000
v 140.950 -170.550 0.000
v 140.050 -170.550 0.000
v 140.050 -171.450 0.900
v 140.950 -171.450 0.900
v 140.950 -170.550 0.900
v 140.050 -170.550 0.900
v 137.050 -169.450 0.000
v 137.950 -169.450 0.000
v 137.950 -168.550 0.000
v 137.050 -168.550 0.000
v 137.050 -169.450 0.900
v 137.950 -169.450 0.900
v 137.950 -168.550 0.900
v 137.050 -168.550 0.900
v 140.050 -169.450 0.000
v 140.950 -169.450 0.000
v 140.950 -168.550 0.000
v 140.050 -168.550 0.000
v 140.050 -169.450 0.900
v 140.950 -169.450 0.900
v 140.950 -168.550 0.900
v 140.050 -168.550 0.900
v 144.700 -151.100 0.400
v 149.300 -151.100 0.400
v 149.300 -148.900 0.400
v 144.700 -148.900 0.400
v 144.700 -151.100 1.400
v 149.300 -151.100 1.400
v 149.300 -148.900 1.400
v 144.700 -148.900 1.400
v 145.800 -151.000 1.400
v 148.200 -151.000 1.400
v 148.200 -149.000 1.400
v 145.800 -149.000 1.400
v 145.800 -151.000 2.300
v 148.200 -151.000 2.300
v 148.200 -149.000 2.300
v 145.800 -149.000 2.300
v 145.050 -151.450 0.000
v 145.950 -151.450 0.000
v 145.950 -150.550 0.000
v 145.050 -150.550 0.000
v 145.050 -151.450 0.900
v 145.950 -151.450 0.900
v 145.950 -150.550 0.900
v 145.050 -150.550 0.900
v 148.050 -151.450 0.000
v 148.950 -151.450 0.000
v 148.950 -150.550 0.000
v 148.050 -150.550 0.000
v 148.050 -151.450 0.900
v 148.950 -151.450 0.900
v 148.950 -150.550 0.900
v 148.050 -150.550 0.900
v 145.050 -149.450 0.000
v 145.950 -149.450 0.000
v 145.950 -148.550 0.000
v 145.050 -148.550 0.000
v 145.050 -149.450 0.900
v 145.950 -149.450 0.900
v 145.950 -148.550 0.900
v 145.050 -148.550 0.900
v 148.050 -149.450 0.000
v 148.950 -149.450 0.000
v 148.950 -148.550 0.000
v 148.050 -148.550 0.000
v 148.050 -149.450 0.900
v 148.950 -149.450 0.900
v 148.950 -148.550 0.900
v 148.050 -148.550 0.900
v -208.175 -192.175 0.000
v -207.825 -192.175 0.000
v -207.825 -191.825 0.000
v -208.175 -191.825 0.000
v -208.175 -192.175 3.600
v -207.825 -192.175 3.600
v -207.825 -191.825 3.600
v -208.175 -191.825 3.600
v -208.400 -192.400 3.400
v -207.600 -192.400 3.400
v -207.600 -191.600 3.400
v -208.400 -191.600 3.400
v -208.400 -192.400 4.200
v -207.600 -192.400 4.200
v -207.600 -191.600 4.200
v -208.400 -191.600 4.200
v -192.175 -208.175 0.000
v -191.825 -208.175 0.000
v -191.825 -207.825 0.000
v -192.175 -207.825 0.000
v -192.175 -208.175 3.600
v -191.825 -208.175 3.600
v -191.825 -207.825 3.600
v -192.175 -207.825 3.600
v -192.400 -208.400 3.400
v -191.600 -208.400 3.400
v -191.600 -207.600 3.400
v -192.400 -207.600 3.400
v -192.400 -208.400 4.200
v -191.600 -208.400 4.200
v -191.600 -207.600 4.200
v -192.400 -207.600 4.200
v -128.175 -192.175 0.000
v -127.825 -192.175 0.000
v -127.825 -191.825 0.000
v -128.175 -191.825 0.000
v -128.175 -192.175 3.600
v -127.825 -192.175 3.600
v -127.825 -191.825 3.600
v -128.175 -191.825 3.600
v -128.400 -192.400 3.400
v -127.600 -192.400 3.400
v -127.600 -191.600 3.400
v -128.400 -191.600 3.400
v -128.400 -192.400 4.200
v -127.600 -192.400 4.200
v -127.600 -191.600 4.200
v -128.400 -191.600 4.200
v -112.175 -208.175 0.000
v -111.825 -208.175 0.000
v -111.825 -207.825 0.000
v -112.175 -207.825 0.000
v -112.175 -208.175 3.600
v -111.825 -208.175 3.600
v -111.825 -207.825 3.600
v -112.175 -207.825 3.600
v -112.400 -208.400 3.400
v -111.600 -208.400 3.400
v -111.600 -207.600 3.400
v -112.400 -207.600 3.400
v -112.400 -208.400 4.200
v -111.600 -208.400 4.200
v -111.600 -207.600 4.200
v -112.400 -207.600 4.200
v -48.175 -192.175 0.000
v -47.825 -192.175 0.000
v -47.825 -191.825 0.000
v -48.175 -191.825 0.000
v -48.175 -192.175 3.600
v -47.825 -192.175 3.600
v -47.825 -191.825 3.600
v -48.175 -191.825 3.600
v -48.400 -192.400 3.400
v -47.600 -192.400 3.400
v -47.600 -191.600 3.400
v -48.400 -191.600 3.400
v -48.400 -192.400 4.200
v -47.600 -192.400 4.200
v -47.600 -191.600 4.200
v -48.400 -191.600 4.200
v -32.175 -208.175 0.000
v -31.825 -208.175 0.000
v -31.825 -207.825 0.000
v -32.175 -207.825 0.000
v -32.175 -208.175 3.600
v -31.825 -208.175 3.600
v -31.825 -207.825 3.600
v -32.175 -207.825 3.600
v -32.400 -208.400 3.400
v -31.600 -208.400 3.400
v -31.600 -207.600 3.400
v -32.400 -207.600 3.400
v -32.400 -208.400 4.200
v -31.600 -208.400 4.200
v -31.600 -207.600 4.200
v -32.400 -207.600 4.200
v 31.825 -192.175 0.000
v 32.175 -192.175 0.000
v 32.175 -191.825 0.000
v 31.825 -191.825 0.000
v 31.825 -192.175 3.600
v 32.175 -192.175 3.600
v 32.175 -191.825 3.600
v 31.825 -191.825 3.600
v 31.600 -192.400 3.400
v 32.400 -192.400 3.400
v 32.400 -191.600 3.400
v 31.600 -191.600 3.400
v 31.600 -192.400 4.200
v 32.400 -192.400 4.200
v 32.400 -191.600 4.200
v 31.600 -191.600 4.200
v 47.825 -208.175 0.000
v 48.175 -208.175 0.000
v 48.175 -207.825 0.000
v 47.825 -207.825 0.000
v 47.825 -208.175 3.600
v 48.175 -208.175 3.600
v 48.175 -207.825 3.600
v 47.825 -207.825 3.600
v 47.600 -208.400 3.400
v 48.400 -208.400 3.400
v 48.400 -207.600 3.400
v 47.600 -207.600 3.400
v 47.600 -208.400 4.200
v 48.400 -208.400 4.200
v 48.400 -207.600 4.200
v 47.600 -207.600 4.200
v 111.825 -192.175 0.000
v 112.175 -192.175 0.000
v 112.175 -191.825 0.000
v 111.825 -191.825 0.000
v 111.825 -192.175 3.600
v 112.175 -192.175 3.600
v 112.175 -191.825 3.600
v 111.825 -191.825 3.600
v 111.600 -192.400 3.400
v 112.400 -192.400 3.400
v 112.400 -191.600 3.400
v 111.600 -191.600 3.400
v 111.600 -192.400 4.200
v 112.400 -192.400 4.200
v 112.400 -191.600 4.200
v 111.600 -191.600 4.200
v 127.825 -208.175 0.000
v 128.175 -208.175 0.000
v 128.175 -207.825 0.000
v 127.825 -207.825 0.000
v 127.825 -208.175 3.600
v 128.175 -208.175 3.600
v 128.175 -207.825 3.600
v 127.825 -207.825 3.600
v 127.600 -208.400 3.400
v 128.400 -208.400 3.400
v 128.400 -207.600 3.400
v 127.600 -207.600 3.400
v 127.600 -208.400 4.200
v 128.400 -208.400 4.200
v 128.400 -207.600 4.200
v 127.600 -207.600 4.200
v 191.825 -192.175 0.000
v 192.175 -192.175 0.000
v 192.175 -191.825 0.000
v 191.825 -191.825 0.000
v 191.825 -192.175 3.600
v 192.175 -192.175 3.600
v 192.175 -191.825 3.600
v 191.825 -191.825 3.600
v 191.600 -192.400 3.400
v 192.400 -192.400 3.400
v 192.400 -191.600 3.400
v 191.600 -191.600 3.400
v 191.600 -192.400 4.200
v 192.400 -192.400 4.200
v 192.400 -191.600 4.200
v 191.600 -191.600 4.200
v 207.825 -208.175 0.000
v 208.175 -208.175 0.000
v 208.175 -207.825 0.000
v 207.825 -207.825 0.000
v 207.825 -208.175 3.600
v 208.175 -208.175 3.600
v 208.175 -207.825 3.600
v 207.825 -207.825 3.600
v 207.600 -208.400 3.400
v 208.400 -208.400 3.400
v 208.400 -207.600 3.400
v 207.600 -207.600 3.400
v 207.600 -208.400 4.200
v 208.400 -208.400 4.200
v 208.400 -207.600 4.200
v 207.600 -207.600 4.200
v -208.175 -112.175 0.000
v -207.825 -112.175 0.000
v -207.825 -111.825 0.000
v -208.175 -111.825 0.000
v -208.175 -112.175 3.600
v -207.825 -112.175 3.600
v -207.825 -111.825 3.600
v -208.175 -111.825 3.600
v -208.400 -112.400 3.400
v -207.600 -112.400 3.400
v -207.600 -111.600 3.400
v -208.400 -111.600 3.400
v -208.400 -112.400 4.200
v -207.600 -112.400 4.200
v -207.600 -111.600 4.200
v -208.400 -111.600 4.200
v -192.175 -128.175 0.000
v -191.825 -128.175 0.000
v -191.825 -127.825 0.000
v -192.175 -127.825 0.000
v -192.175 -128.175 3.600
v -191.825 -128.175 3.600
v -191.825 -127.825 3.600
v -192.175 -127.825 3.600
v -192.400 -128.400 3.400
v -191.600 -128.400 3.400
v -191.600 -127.600 3.400
v -192.400 -127.600 3.400
v -192.400 -128.400 4.200
v -191.600 -128.400 4.200
v -191.600 -127.600 4.200
v -192.400 -127.600 4.200
v -128.175 -112.175 0.000
v -127.825 -112.175 0.000
v -127.825 -111.825 0.000
v -128.175 -111.825 0.000
v -128.175 -112.175 3.600
v -127.825 -112.175 3.600
v -127.825 -111.825 3.600
v -128.175 -111.825 3.600
v -128.400 -112.400 3.400
v -127.600 -112.400 3.400
v -127.600 -111.600 3.400
v -128.400 -111.600 3.400
v -128.400 -112.400 4.200
v -127.600 -112.400 4.200
v -127.600 -111.600 4.200
v -128.400 -111.600 4.200
v -112.175 -128.175 0.000
v -111.825 -128.175 0.000
v -111.825 -127.825 0.000
v -112.175 -127.825 0.000
v -112.175 -128.175 3.600
v -111.825 -128.175 3.600
v -111.825 -127.825 3.600
v -112.175 -127.825 3.600
v -112.400 -128.400 3.400
v -111.600 -128.400 3.400
v -111.600 -127.600 3.400
v -112.400 -127.600 3.400
v -112.400 -128.400 4.200
v -111.600 -128.400 4.200
v -111.600 -127.600 4.200
v -112.400 -127.600 4.200
v -48.175 -112.175 0.000
v -47.825 -112.175 0.000
v -47.825 -111.825 0.000
v -48.175 -111.825 0.000
v -48.175 -112.175 3.600
v -47.825 -112.175 3.600
v -47.825 -111.825 3.600
v -48.175 -111.825 3.600
v -48.400 -112.400 3.400
v -47.600 -112.400 3.400
v -47.600 -111.600 3.400
v -48.400 -111.600 3.400
v -48.400 -112.400 4.200
v -47.600 -112.400 4.200
v -47.600 -111.600 4.200
v -48.400 -111.600 4.200
v -32.175 -128.175 0.000
v -31.825 -128.175 0.000
v -31.825 -127.825 0.000
v -32.175 -127.825 0.000
v -32.175 -128.175 3.600
v -31.825 -128.175 3.600
v -31.825 -127.825 3.600
v -32.175 -127.825 3.600
v -32.400 -128.400 3.400
v -31.600 -128.400 3.400
v -31.600 -127.600 3.400
v -32.400 -127.600 3.400
v -32.400 -128.400 4.200
v -31.600 -128.400 4.200
v -31.600 -127.600 4.200
v -32.400 -127.600 4.200
v 31.825 -112.175 0.000
v 32.175 -112.175 0.000
v 32.175 -111.825 0.000
v 31.825 -111.825 0.000
v 31.825 -112.175 3.600
v 32.175 -112.175 3.600
v 32.175 -111.825 3.600
v 31.825 -111.825 3.600
v 31.600 -112.400 3.400
v 32.400 -112.400 3.400
v 32.400 -111.600 3.400
v 31.600 -111.600 3.400
v 31.600 -112.400 4.200
v 32.400 -112.400 4.200
v 32.400 -111.600 4.200
v 31.600 -111.600 4.200
v 47.825 -128.175 0.000
v 48.175 -128.175 0.000
v 48.175 -127.825 0.000
v 47.825 -127.825 0.000
v 47.825 -128.175 3.600
v 48.175 -128.175 3.600
v 48.175 -127.825 3.600
v 47.825 -127.825 3.600
v 47.600 -128.400 3.400
v 48.400 -128.400 3.400
v 48.400 -127.600 3.400
v 47.600 -127.600 3.400
v 47.600 -128.400 4.200
v 48.400 -128.400 4.200
v 48.400 -127.600 4.200
v 47.600 -127.600 4.200
v 111.825 -112.175 0.000
v 112.175 -112.175 0.000
v 112.175 -111.825 0.000
v 111.825 -111.825 0.000
v 111.825 -112.175 3.600
v 112.175 -112.175 3.600
v 112.175 -111.825 3.600
v 111.825 -111.825 3.600
v 111.600 -112.400 3.400
v 112.400 -112.400 3.400
v 112.400 -111.600 3.400
v 111.600 -111.600 3.400
v 111.600 -112.400 4.200
v 112.400 -112.400 4.200
v 112.400 -111.600 4.200
v 111.600 -111.600 4.200
v 127.825 -128.175 0.000
v 128.175 -128.175 0.000
v 128.175 -127.825 0.000
v 127.825 -127.825 0.000
v 127.825 -128.175 3.600
v 128.175 -128.175 3.600
v 128.175 -127.825 3.600
v 127.825 -127.825 3.600
v 127.600 -128.400 3.400
v 128.400 -128.400 3.400
v 128.400 -127.600 3.400
v 127.600 -127.600 3.400
v 127.600 -128.400 4.200
v 128.400 -128.400 4.200
v 128.400 -127.600 4.200
v 127.600 -127.600 4.200
v 191.825 -112.175 0.000
v 192.175 -112.175 0.000
v 192.175 -111.825 0.000
v 191.825 -111.825 0.000
v 191.825 -112.175 3.600
v 192.175 -112.175 3.600
v 192.175 -111.825 3.600
v 191.825 -111.825 3.600
v 191.600 -112.400 3.400
v 192.400 -112.400 3.400
v 192.400 -111.600 3.400
v 191.600 -111.600 3.400
v 191.600 -112.400 4.200
v 192.400 -112.400 4.200
v 192.400 -111.600 4.200
v 191.600 -111.600 4.200
v 207.825 -128.175 0.000
v 208.175 -128.175 0.000
v 208.175 -127.825 0.000
v 207.825 -127.825 0.000
v 207.825 -128.175 3.600
v 208.175 -128.175 3.600
v 208.175 -127.825 3.600
v 207.825 -127.825 3.600
v 207.600 -128.400 3.400
v 208.400 -128.400 3.400
v 208.400 -127.600 3.400
v 207.600 -127.600 3.400
v 207.600 -128.400 4.200
v 208.400 -128.400 4.200
v 208.400 -127.600 4.200
v 207.600 -127.600 4.200
v -208.175 -32.175 0.000
v -207.825 -32.175 0.000
v -207.825 -31.825 0.000
v -208.175 -31.825 0.000
v -208.175 -32.175 3.600
v -207.825 -32.175 3.600
v -207.825 -31.825 3.600
v -208.175 -31.825 3.600
v -208.400 -32.400 3.400
v -207.600 -32.400 3.400
v -207.600 -31.600 3.400
v -208.400 -31.600 3.400
v -208.400 -32.400 4.200
v -207.600 -32.400 4.200
v -207.600 -31.600 4.200
v -208.400 -31.600 4.200
v -192.175 -48.175 0.000
v -191.825 -48.175 0.000
v -191.825 -47.825 0.000
v -192.175 -47.825 0.000
v -192.175 -48.175 3.600
v -191.825 -48.175 3.600
v -191.825 -47.825 3.600
v -192.175 -47.825 3.600
v -192.400 -48.400 3.400
v -191.600 -48.400 3.400
v -191.600 -47.600 3.400
v -192.400 -47.600 3.400
v -192.400 -48.400 4.200
v -191.600 -48.400 4.200
v -191.600 -47.600 4.200
v -192.400 -47.600 4.200
v -128.175 -32.175 0.000
v -127.825 -32.175 0.000
v -127.825 -31.825 0.000
v -128.175 -31.825 0.000
v -128.175 -32.175 3.600
v -127.825 -32.175 3.600
v -127.825 -31.825 3.600
v -128.175 -31.825 3.600
v -128.400 -32.400 3.400
v -127.600 -32.400 3.400
v -127.600 -31.600 3.400
v -128.400 -31.600 3.400
v -128.400 -32.400 4.200
v -127.600 -32.400 4.200
v -127.600 -31.600 4.200
v -128.400 -31.600 4.200
v -112.175 -48.175 0.000
v -111.825 -48.175 0.000
v -111.825 -47.825 0.000
v -112.175 -47.825 0.000
v -112.175 -48.175 3.600
v -111.825 -48.175 3.600
v -111.825 -47.825 3.600
v -112.175 -47.825 3.600
v -112.400 -48.400 3.400
v -111.600 -48.400 3.400
v -111.600 -47.600 3.400
v -112.400 -47.600 3.400
v -112.400 -48.400 4.200
v -111.600 -48.400 4.200
v -111.600 -47.600 4.200
v -112.400 -47.600 4.200
v -48.175 -32.175 0.000
v -47.825 -32.175 0.000
v -47.825 -31.825 0.000
v -48.175 -31.825 0.000
v -48.175 -32.175 3.600
v -47.825 -32.175 3.600
v -47.825 -31.825 3.600
v -48.175 -31.825 3.600
v -48.400 -32.400 3.400
v -47.600 -32.400 3.400
v -47.600 -31.600 3.400
v -48.400 -31.600 3.400
v -48.400 -32.400 4.200
v -47.600 -32.400 4.200
v -47.600 -31.600 4.200
v -48.400 -31.600 4.200
v -32.175 -48.175 0.000
v -31.825 -48.175 0.000
v -31.825 -47.825 0.000
v -32.175 -47.825 0.000
v -32.175 -48.175 3.600
v -31.825 -48.175 3.600
v -31.825 -47.825 3.600
v -32.175 -47.825 3.600
v -32.400 -48.400 3.400
v -31.600 -48.400 3.400
v -31.600 -47.600 3.400
v -32.400 -47.600 3.400
v -32.400 -48.400 4.200
v -31.600 -48.400 4.200
v -31.600 -47.600 4.200
v -32.400 -47.600 4.200
v 31.825 -32.175 0.000
v 32.175 -32.175 0.000
v 32.175 -31.825 0.000
v 31.825 -31.825 0.000
v 31.825 -32.175 3.600
v 32.175 -32.175 3.600
v 32.175 -31.825 3.600
v 31.825 -31.825 3.600
v 31.600 -32.400 3.400
v 32.400 -32.400 3.400
v 32.400 -31.600 3.400
v 31.600 -31.600 3.400
v 31.600 -32.400 4.200
v 32.400 -32.400 4.200
v 32.400 -31.600 4.200
v 31.600 -31.600 4.200
v 47.825 -48.175 0.000
v 48.175 -48.175 0.000
v 48.175 -47.825 0.000
v 47.825 -47.825 0.000
v 47.825 -48.175 3.600
v 48.175 -48.175 3.600
v 48.175 -47.825 3.600
v 47.825 -47.825 3.600
v 47.600 -48.400 3.400
v 48.400 -48.400 3.400
v 48.400 -47.600 3.400
v 47.600 -47.600 3.400
v 47.600 -48.400 4.200
v 48.400 -48.400 4.200
v 48.400 -47.600 4.200
v 47.600 -47.600 4.200
v 111.825 -32.175 0.000
v 112.175 -32.175 0.000
v 112.175 -31.825 0.000
v 111.825 -31.825 0.000
v 111.825 -32.175 3.600
v 112.175 -32.175 3.600
v 112.175 -31.825 3.600
v 111.825 -31.825 3.600
v 111.600 -32.400 3.400
v 112.400 -32.400 3.400
v 112.400 -31.600 3.400
v 111.600 -31.600 3.400
v 111.600 -32.400 4.200
v 112.400 -32.400 4.200
v 112.400 -31.600 4.200
v 111.600 -31.600 4.200
v 127.825 -48.175 0.000
v 128.175 -48.175 0.000
v 128.175 -47.825 0.000
v 127.825 -47.825 0.000
v 127.825 -48.175 3.600
v 128.175 -48.175 3.600
v 128.175 -47.825 3.600
v 127.825 -47.825 3.600
v 127.600 -48.400 3.400
v 128.400 -48.400 3.400
v 128.400 -47.600 3.400
v 127.600 -47.600 3.400
v 127.600 -48.400 4.200
v 128.400 -48.400 4.200
v 128.400 -47.600 4.200
v 127.600 -47.600 4.200
v 191.825 -32.175 0.000
v 192.175 -32.175 0.000
v 192.175 -31.825 0.000
v 191.825 -31.825 0.000
v 191.825 -32.175 3.600
v 192.175 -32.175 3.600
v 192.175 -31.825 3.600
v 191.825 -31.825 3.600
v 191.600 -32.400 3.400
v 192.400 -32.400 3.400
v 192.400 -31.600 3.400
v 191.600 -31.600 3.400
v 191.600 -32.400 4.200
v 192.400 -32.400 4.200
v 192.400 -31.600 4.200
v 191.600 -31.600 4.200
v 207.825 -48.175 0.000
v 208.175 -48.175 0.000
v 208.175 -47.825 0.000
v 207.825 -47.825 0.000
v 207.825 -48.175 3.600
v 208.175 -48.175 3.600
v 208.175 -47.825 3.600
v 207.825 -47.825 3.600
v 207.600 -48.400 3.400
v 208.400 -48.400 3.400
v 208.400 -47.600 3.400
v 207.600 -47.600 3.400
v 207.600 -48.400 4.200
v 208.400 -48.400 4.200
v 208.400 -47.600 4.200
v 207.600 -47.600 4.200
v -208.175 47.825 0.000
v -207.825 47.825 0.000
v -207.825 48.175 0.000
v -208.175 48.175 0.000
v -208.175 47.825 3.600
v -207.825 47.825 3.600
v -207.825 48.175 3.600
v -208.175 48.175 3.600
v -208.400 47.600 3.400
v -207.600 47.600 3.400
v -207.600 48.400 3.400
v -208.400 48.400 3.400
v -208.400 47.600 4.200
v -207.600 47.600 4.200
v -207.600 48.400 4.200
v -208.400 48.400 4.200
v -192.175 31.825 0.000
v -191.825 31.825 0.000
v -191.825 32.175 0.000
v -192.175 32.175 0.000
v -192.175 31.825 3.600
v -191.825 31.825 3.600
v -191.825 32.175 3.600
v -192.175 32.175 3.600
v -192.400 31.600 3.400
v -191.600 31.600 3.400
v -191.600 32.400 3.400
v -192.400 32.400 3.400
v -192.400 31.600 4.200
v -191.600 31.600 4.200
v -191.600 32.400 4.200
v -192.400 32.400 4.200
v -128.175 47.825 0.000
v -127.825 47.825 0.000
v -127.825 48.175 0.000
v -128.175 48.175 0.000
v -128.175 47.825 3.600
v -127.825 47.825 3.600
v -127.825 48.175 3.600
v -128.175 48.175 3.600
v -128.400 47.600 3.400
v -127.600 47.600 3.400
v -127.600 48.400 3.400
v -128.400 48.400 3.400
v -128.400 47.600 4.200
v -127.600 47.600 4.200
v -127.600 48.400 4.200
v -128.400 48.400 4.200
v -112.175 31.825 0.000
v -111.825 31.825 0.000
v -111.825 32.175 0.000
v -112.175 32.175 0.000
v -112.175 31.825 3.600
v -111.825 31.825 3.600
v -111.825 32.175 3.600
v -112.175 32.175 3.600
v -112.400 31.600 3.400
v -111.600 31.600 3.400
v -111.600 32.400 3.400
v -112.400 32.400 3.400
v -112.400 31.600 4.200
v -111.600 31.600 4.200
v -111.600 32.400 4.200
v -112.400 32.400 4.200
v -48.175 47.825 0.000
v -47.825 47.825 0.000
v -47.825 48.175 0.000
v -48.175 48.175 0.000
v -48.175 47.825 3.600
v -47.825 47.825 3.600
v -47.825 48.175 3.600
v -48.175 48.175 3.600
v -48.400 47.600 3.400
v -47.600 47.600 3.400
v -47.600 48.400 3.400
v -48.400 48.400 3.400
v -48.400 47.600 4.200
v -47.600 47.600 4.200
v -47.600 48.400 4.200
v -48.400 48.400 4.200
v -32.175 31.825 0.000
v -31.825 31.825 0.000
v -31.825 32.175 0.000
v -32.175 32.175 0.000
v -32.175 31.825 3.600
v -31.825 31.825 3.600
v -31.825 32.175 3.600
v -32.175 32.175 3.600
v -32.400 31.600 3.400
v -31.600 31.600 3.400
v -31.600 32.400 3.400
v -32.400 32.400 3.400
v -32.400 31.600 4.200
v -31.600 31.600 4.200
v -31.600 32.400 4.200
v -32.400 32.400 4.200
v 31.825 47.825 0.000
v 32.175 47.825 0.000
v 32.175 48.175 0.000
v 31.825 48.175 0.000
v 31.825 47.825 3.600
v 32.175 47.825 3.600
v 32.175 48.175 3.600
v 31.825 48.175 3.600
v 31.600 47.600 3.400
v 32.400 47.600 3.400
v 32.400 48.400 3.400
v 31.600 48.400 3.400
v 31.600 47.600 4.200
v 32.400 47.600 4.200
v 32.400 48.400 4.200
v 31.600 48.400 4.200
v 47.825 31.825 0.000
v 48.175 31.825 0.000
v 48.175 32.175 0.000
v 47.825 32.175 0.000
v 47.825 31.825 3.600
v 48.175 31.825 3.600
v 48.175 32.175 3.600
v 47.825 32.175 3.600
v 47.600 31.600 3.400
v 48.400 31.600 3.400
v 48.400 32.400 3.400
v 47.600 32.400 3.400
v 47.600 31.600 4.200
v 48.400 31.600 4.200
v 48.400 32.400 4.200
v 47.600 32.400 4.200
v 111.825 47.825 0.000
v 112.175 47.825 0.000
v 112.175 48.175 0.000
v 111.825 48.175 0.000
v 111.825 47.825 3.600
v 112.175 47.825 3.600
v 112.175 48.175 3.600
v 111.825 48.175 3.600
v 111.600 47.600 3.400
v 112.400 47.600 3.400
v 112.400 48.400 3.400
v 111.600 48.400 3.400
v 111.600 47.600 4.200
v 112.400 47.600 4.200
v 112.400 48.400 4.200
v 111.600 48.400 4.200
v 127.825 31.825 0.000
v 128.175 31.825 0.000
v 128.175 32.175 0.000
v 127.825 32.175 0.000
v 127.825 31.825 3.600
v 128.175 31.825 3.600
v 128.175 32.175 3.600
v 127.825 32.175 3.600
v 127.600 31.600 3.400
v 128.400 31.600 3.400
v 128.400 32.400 3.400
v 127.600 32.400 3.400
v 127.600 31.600 4.200
v 128.400 31.600 4.200
v 128.400 32.400 4.200
v 127.600 32.400 4.200
v 191.825 47.825 0.000
v 192.175 47.825 0.000
v 192.175 48.175 0.000
v 191.825 48.175 0.000
v 191.825 47.825 3.600
v 192.175 47.825 3.600
v 192.175 48.175 3.600
v 191.825 48.175 3.600
v 191.600 47.600 3.400
v 192.400 47.600 3.400
v 192.400 48.400 3.400
v 191.600 48.400 3.400
v 191.600 47.600 4.200
v 192.400 47.600 4.200
v 192.400 48.400 4.200
v 191.600 48.400 4.200
v 207.825 31.825 0.000
v 208.175 31.825 0.000
v 208.175 32.175 0.000
v 207.825 32.175 0.000
v 207.825 31.825 3.600
v 208.175 31.825 3.600
v 208.175 32.175 3.600
v 207.825 32.175 3.600
v 207.600 31.600 3.400
v 208.400 31.600 3.400
v 208.400 32.400 3.400
v 207.600 32.400 3.400
v 207.600 31.600 4.200
v 208.400 31.600 4.200
v 208.400 32.400 4.200
v 207.600 32.400 4.200
v -20.250 95.750 0.400
v -19.750 95.750 0.400
v -19.750 96.250 0.400
v -20.250 96.250 0.400
v -20.250 95.750 1.400
v -19.750 95.750 1.400
v -19.750 96.250 1.400
v -20.250 96.250 1.400
v -16.250 95.750 0.400
v -15.750 95.750 0.400
v -15.750 96.250 0.400
v -16.250 96.250 0.400
v -16.250 95.750 1.400
v -15.750 95.750 1.400
v -15.750 96.250 1.400
v -16.250 96.250 1.400
v -12.250 95.750 0.400
v -11.750 95.750 0.400
v -11.750 96.250 0.400
v -12.250 96.250 0.400
v -12.250 95.750 1.400
v -11.750 95.750 1.400
v -11.750 96.250 1.400
v -12.250 96.250 1.400
v -8.250 95.750 0.400
v -7.750 95.750 0.400
v -7.750 96.250 0.400
v -8.250 96.250 0.400
v -8.250 95.750 1.400
v -7.750 95.750 1.400
v -7.750 96.250 1.400
v -8.250 96.250 1.400
v -4.250 95.750 0.400
v -3.750 95.750 0.400
v -3.750 96.250 0.400
v -4.250 96.250 0.400
v -4.250 95.750 1.400
v -3.750 95.750 1.400
v -3.750 96.250 1.400
v -4.250 96.250 1.400
v -0.250 95.750 0.400
v 0.250 95.750 0.400
v 0.250 96.250 0.400
v -0.250 96.250 0.400
v -0.250 95.750 1.400
v 0.250 95.750 1.400
v 0.250 96.250 1.400
v -0.250 96.250 1.400
v 3.750 95.750 0.400
v 4.250 95.750 0.400
v 4.250 96.250 0.400
v 3.750 96.250 0.400
v 3.750 95.750 1.400
v 4.250 95.750 1.400
v 4.250 96.250 1.400
v 3.750 96.250 1.400
v 7.750 95.750 0.400
v 8.250 95.750 0.400
v 8.250 96.250 0.400
v 7.750 96.250 0.400
v 7.750 95.750 1.400
v 8.250 95.750 1.400
v 8.250 96.250 1.400
v 7.750 96.250 1.400
v 11.750 95.750 0.400
v 12.250 95.750 0.400
v 12.250 96.250 0.400
v 11.750 96.250 0.400
v 11.750 95.750 1.400
v 12.250 95.750 1.400
v 12.250 96.250 1.400
v 11.750 96.250 1.400
v 15.750 95.750 0.400
v 16.250 95.750 0.400
v 16.250 96.250 0.400
v 15.750 96.250 0.400
v 15.750 95.750 1.400
v 16.250 95.750 1.400
v 16.250 96.250 1.400
v 15.750 96.250 1.400
v 19.750 95.750 0.400
v 20.250 95.750 0.400
v 20.250 96.250 0.400
v 19.750 96.250 0.400
v 19.750 95.750 1.400
v 20.250 95.750 1.400
v 20.250 96.250 1.400
v 19.750 96.250 1.400
v 23.750 95.750 0.400
v 24.250 95.750 0.400
v 24.250 96.250 0.400
v 23.750 96.250 0.400
v 23.750 95.750 1.400
v 24.250 95.750 1.400
v 24.250 96.250 1.400
v 23.750 96.250 1.400
v -209.450 59.550 0.000
v -208.550 59.550 0.000
v -208.550 60.450 0.000
v -209.450 60.450 0.000
v -209.450 59.550 2.400
v -208.550 59.550 2.400
v -208.550 60.450 2.400
v -209.450 60.450 2.400
v -210.700 58.300 2.200
v -207.300 58.300 2.200
v -207.300 61.700 2.200
v -210.700 61.700 2.200
v -210.700 58.300 4.200
v -207.300 58.300 4.200
v -207.300 61.700 4.200
v -210.700 61.700 4.200
v -191.450 -100.450 0.000
v -190.550 -100.450 0.000
v -190.550 -99.550 0.000
v -191.450 -99.550 0.000
v -191.450 -100.450 2.400
v -190.550 -100.450 2.400
v -190.550 -99.550 2.400
v -191.450 -99.550 2.400
v -192.700 -101.700 2.200
v -189.300 -101.700 2.200
v -189.300 -98.300 2.200
v -192.700 -98.300 2.200
v -192.700 -101.700 4.200
v -189.300 -101.700 4.200
v -189.300 -98.300 4.200
v -192.700 -98.300 4.200
v -129.450 59.550 0.000
v -128.550 59.550 0.000
v -128.550 60.450 0.000
v -129.450 60.450 0.000
v -129.450 59.550 2.400
v -128.550 59.550 2.400
v -128.550 60.450 2.400
v -129.450 60.450 2.400
v -130.700 58.300 2.200
v -127.300 58.300 2.200
v -127.300 61.700 2.200
v -130.700 61.700 2.200
v -130.700 58.300 4.200
v -127.300 58.300 4.200
v -127.300 61.700 4.200
v -130.700 61.700 4.200
v -111.450 -100.450 0.000
v -110.550 -100.450 0.000
v -110.550 -99.550 0.000
v -111.450 -99.550 0.000
v -111.450 -100.450 2.400
v -110.550 -100.450 2.400
v -110.550 -99.550 2.400
v -111.450 -99.550 2.400
v -112.700 -101.700 2.200
v -109.300 -101.700 2.200
v -109.300 -98.300 2.200
v -112.700 -98.300 2.200
v -112.700 -101.700 4.200
v -109.300 -101.700 4.200
v -109.300 -98.300 4.200
v -112.700 -98.300 4.200
v -49.450 59.550 0.000
v -48.550 59.550 0.000
v -48.550 60.450 0.000
v -49.450 60.450 0.000
v -49.450 59.550 2.400
v -48.550 59.550 2.400
v -48.550 60.450 2.400
v -49.450 60.450 2.400
v -50.700 58.300 2.200
v -47.300 58.300 2.200
v -47.300 61.700 2.200
v -50.700 61.700 2.200
v -50.700 58.300 4.200
v -47.300 58.300 4.200
v -47.300 61.700 4.200
v -50.700 61.700 4.200
v -31.450 -100.450 0.000
v -30.550 -100.450 0.000
v -30.550 -99.550 0.000
v -31.450 -99.550 0.000
v -31.450 -100.450 2.400
v -30.550 -100.450 2.400
v -30.550 -99.550 2.400
v -31.450 -99.550 2.400
v -32.700 -101.700 2.200
v -29.300 -101.700 2.200
v -29.300 -98.300 2.200
v -32.700 -98.300 2.200
v -32.700 -101.700 4.200
v -29.300 -101.700 4.200
v -29.300 -98.300 4.200
v -32.700 -98.300 4.200
v 30.550 59.550 0.000
v 31.450 59.550 0.000
v 31.450 60.450 0.000
v 30.550 60.450 0.000
v 30.550 59.550 2.400
v 31.450 59.550 2.400
v 31.450 60.450 2.400
v 30.550 60.450 2.400
v 29.300 58.300 2.200
v 32.700 58.300 2.200
v 32.700 61.700 2.200
v 29.300 61.700 2.200
v 29.300 58.300 4.200
v 32.700 58.300 4.200
v 32.700 61.700 4.200
v 29.300 61.700 4.200
v 48.550 -100.450 0.000
v 49.450 -100.450 0.000
v 49.450 -99.550 0.000
v 48.550 -99.550 0.000
v 48.550 -100.450 2.400
v 49.450 -100.450 2.400
v 49.450 -99.550 2.400
v 48.550 -99.550 2.400
v 47.300 -101.700 2.200
v 50.700 -101.700 2.200
v 50.700 -98.300 2.200
v 47.300 -98.300 2.200
v 47.300 -101.700 4.200
v 50.700 -101.700 4.200
v 50.700 -98.300 4.200
v 47.300 -98.300 4.200
v 110.550 59.550 0.000
v 111.450 59.550 0.000
v 111.450 60.450 0.000
v 110.550 60.450 0.000
v 110.550 59.550 2.400
v 111.450 59.550 2.400
v 111.450 60.450 2.400
v 110.550 60.450 2.400
v 109.300 58.300 2.200
v 112.700 58.300 2.200
v 112.700 61.700 2.200
v 109.300 61.700 2.200
v 109.300 58.300 4.200
v 112.700 58.300 4.200
v 112.700 61.700 4.200
v 109.300 61.700 4.200
v 128.550 -100.450 0.000
v 129.450 -100.450 0.000
v 129.450 -99.550 0.000
v 128.550 -99.550 0.000
v 128.550 -100.450 2.400
v 129.450 -100.450 2.400
v 129.450 -99.550 2.400
v 128.550 -99.550 2.400
v 127.300 -101.700 2.200
v 130.700 -101.700 2.200
v 130.700 -98.300 2.200
v 127.300 -98.300 2.200
v 127.300 -101.700 4.200
v 130.700 -101.700 4.200
v 130.700 -98.300 4.200
v 127.300 -98.300 4.200
v 190.550 59.550 0.000
v 191.450 59.550 0.000
v 191.450 60.450 0.000
v 190.550 60.450 0.000
v 190.550 59.550 2.400
v 191.450 59.550 2.400
v 191.450 60.450 2.400
v 190.550 60.450 2.400
v 189.300 58.300 2.200
v 192.700 58.300 2.200
v 192.700 61.700 2.200
v 189.300 61.700 2.200
v 189.300 58.300 4.200
v 192.700 58.300 4.200
v 192.700 61.700 4.200
v 189.300 61.700 4.200
v 208.550 -100.450 0.000
v 209.450 -100.450 0.000
v 209.450 -99.550 0.000
v 208.550 -99.550 0.000
v 208.550 -100.450 2.400
v 209.450 -100.450 2.400
v 209.450 -99.550 2.400
v 208.550 -99.550 2.400
v 207.300 -101.700 2.200
v 210.700 -101.700 2.200
v 210.700 -98.300 2.200
v 207.300 -98.300 2.200
v 207.300 -101.700 4.200
v 210.700 -101.700 4.200
v 210.700 -98.300 4.200
v 207.300 -98.300 4.200
v -60.450 -191.450 0.000
v -59.550 -191.450 0.000
v -59.550 -190.550 0.000
v -60.450 -190.550 0.000
v -60.450 -191.450 2.400
v -59.550 -191.450 2.400
v -59.550 -190.550 2.400
v -60.450 -190.550 2.400
v -61.700 -192.700 2.200
v -58.300 -192.700 2.200
v -58.300 -189.300 2.200
v -61.700 -189.300 2.200
v -61.700 -192.700 4.200
v -58.300 -192.700 4.200
v -58.300 -189.300 4.200
v -61.700 -189.300 4.200
v 59.550 -209.450 0.000
v 60.450 -209.450 0.000
v 60.450 -208.550 0.000
v 59.550 -208.550 0.000
v 59.550 -209.450 2.400
v 60.450 -209.450 2.400
v 60.450 -208.550 2.400
v 59.550 -208.550 2.400
v 58.300 -210.700 2.200
v 61.700 -210.700 2.200
v 61.700 -207.300 2.200
v 58.300 -207.300 2.200
v 58.300 -210.700 4.200
v 61.700 -210.700 4.200
v 61.700 -207.300 4.200
v 58.300 -207.300 4.200
v -60.450 -111.450 0.000
v -59.550 -111.450 0.000
v -59.550 -110.550 0.000
v -60.450 -110.550 0.000
v -60.450 -111.450 2.400
v -59.550 -111.450 2.400
v -59.550 -110.550 2.400
v -60.450 -110.550 2.400
v -61.700 -112.700 2.200
v -58.300 -112.700 2.200
v -58.300 -109.300 2.200
v -61.700 -109.300 2.200
v -61.700 -112.700 4.200
v -58.300 -112.700 4.200
v -58.300 -109.300 4.200
v -61.700 -109.300 4.200
v 59.550 -129.450 0.000
v 60.450 -129.450 0.000
v 60.450 -128.550 0.000
v 59.550 -128.550 0.000
v 59.550 -129.450 2.400
v 60.450 -129.450 2.400
v 60.450 -128.550 2.400
v 59.550 -128.550 2.400
v 58.300 -130.700 2.200
v 61.700 -130.700 2.200
v 61.700 -127.300 2.200
v 58.300 -127.300 2.200
v 58.300 -130.700 4.200
v 61.700 -130.700 4.200
v 61.700 -127.300 4.200
v 58.300 -127.300 4.200
v -60.450 -31.450 0.000
v -59.550 -31.450 0.000
v -59.550 -30.550 0.000
v -60.450 -30.550 0.000
v -60.450 -31.450 2.400
v -59.550 -31.450 2.400
v -59.550 -30.550 2.400
v -60.450 -30.550 2.400
v -61.700 -32.700 2.200
v -58.300 -32.700 2.200
v -58.300 -29.300 2.200
v -61.700 -29.300 2.200
v -61.700 -32.700 4.200
v -58.300 -32.700 4.200
v -58.300 -29.300 4.200
v -61.700 -29.300 4.200
v 59.550 -49.450 0.000
v 60.450 -49.450 0.000
v 60.450 -48.550 0.000
v 59.550 -48.550 0.000
v 59.550 -49.450 2.400
v 60.450 -49.450 2.400
v 60.450 -48.550 2.400
v 59.550 -48.550 2.400
v 58.300 -50.700 2.200
v 61.700 -50.700 2.200
v 61.700 -47.300 2.200
v 58.300 -47.300 2.200
v 58.300 -50.700 4.200
v 61.700 -50.700 4.200
v 61.700 -47.300 4.200
v 58.300 -47.300 4.200
v -60.450 48.550 0.000
v -59.550 48.550 0.000
v -59.550 49.450 0.000
v -60.450 49.450 0.000
v -60.450 48.550 2.400
v -59.550 48.550 2.400
v -59.550 49.450 2.400
v -60.450 49.450 2.400
v -61.700 47.300 2.200
v -58.300 47.300 2.200
v -58.300 50.700 2.200
v -61.700 50.700 2.200
v -61.700 47.300 4.200
v -58.300 47.300 4.200
v -58.300 50.700 4.200
v -61.700 50.700 4.200
v 59.550 30.550 0.000
v 60.450 30.550 0.000
v 60.450 31.450 0.000
v 59.550 31.450 0.000
v 59.550 30.550 2.400
v 60.450 30.550 2.400
v 60.450 31.450 2.400
v 59.550 31.450 2.400
v 58.300 29.300 2.200
v 61.700 29.300 2.200
v 61.700 32.700 2.200
v 58.300 32.700 2.200
v 58.300 29.300 4.200
v 61.700 29.300 4.200
v 61.700 32.700 4.200
v 58.300 32.700 4.200
v -160.720 -160.720 0.000
v -159.280 -160.720 0.000
v -159.280 -159.280 0.000
v -160.720 -159.280 0.000
v -160.720 -160.720 4.800
v -159.280 -160.720 4.800
v -159.280 -159.280 4.800
v -160.720 -159.280 4.800
v -163.600 -163.600 4.560
v -156.400 -163.600 4.560
v -156.400 -156.400 4.560
v -163.600 -156.400 4.560
v -163.600 -163.600 7.440
v -156.400 -163.600 7.440
v -156.400 -156.400 7.440
v -163.600 -156.400 7.440
v -150.600 -170.600 0.000
v -149.400 -170.600 0.000
v -149.400 -169.400 0.000
v -150.600 -169.400 0.000
v -150.600 -170.600 4.000
v -149.400 -170.600 4.000
v -149.400 -169.400 4.000
v -150.600 -169.400 4.000
v -153.000 -173.000 3.800
v -147.000 -173.000 3.800
v -147.000 -167.000 3.800
v -153.000 -167.000 3.800
v -153.000 -173.000 6.200
v -147.000 -173.000 6.200
v -147.000 -167.000 6.200
v -153.000 -167.000 6.200
v -170.660 -150.660 0.000
v -169.340 -150.660 0.000
v -169.340 -149.340 0.000
v -170.660 -149.340 0.000
v -170.660 -150.660 4.400
v -169.340 -150.660 4.400
v -169.340 -149.340 4.400
v -170.660 -149.340 4.400
v -173.300 -153.300 4.180
v -166.700 -153.300 4.180
v -166.700 -146.700 4.180
v -173.300 -146.700 4.180
v -173.300 -153.300 6.820
v -166.700 -153.300 6.820
v -166.700 -146.700 6.820
v -173.300 -146.700 6.820
v 119.280 119.280 0.000
v 120.720 119.280 0.000
v 120.720 120.720 0.000
v 119.280 120.720 0.000
v 119.280 119.280 4.800
v 120.720 119.280 4.800
v 120.720 120.720 4.800
v 119.280 120.720 4.800
v 116.400 116.400 4.560
v 123.600 116.400 4.560
v 123.600 123.600 4.560
v 116.400 123.600 4.560
v 116.400 116.400 7.440
v 123.600 116.400 7.440
v 123.600 123.600 7.440
v 116.400 123.600 7.440
vt 0 0
vt 150 0
vt 150 108
vt 0 108
vt 0 0
vt 150 0
vt 150 108
vt 0 108
vt 0 0
vt 150 0
vt 150 1
vt 0 1
vt 0 0
vt 108 0
vt 108 1
vt 0 1
vt 0 0
vt 150 0
vt 150 1
vt 0 1
vt 0 0
vt 108 0
vt 108 1
vt 0 1
vt 0 0
vt 30 0
vt 30 2
vt 0 2
vt 0 0
vt 30 0
vt 30 2
vt 0 2
vt 0 0
vt 30 0
vt 30 1
vt 0 1
vt 0 0
vt 2 0
vt 2 1
vt 0 1
vt 0 0
vt 30 0
vt 30 1
vt 0 1
vt 0 0
vt 2 0
vt 2 1
vt 0 1
vt 0 0
vt 30 0
vt 30 1
vt 0 1
vt 0 0
vt 30 0
vt 30 1
vt 0 1
vt 0 0
vt 30 0
vt 30 1
vt 0 1
vt 0 0
vt 1 0
vt 1 1
vt 0 1
vt 0 0
vt 30 0
vt 30 1
vt 0 1
vt 0 0
vt 1 0
vt 1 1
vt 0 1
vt 0 0
vt 30 0
vt 30 1
vt 0 1
vt 0 0
vt 30 0
vt 30 1
vt 0 1
vt 0 0
vt 30 0
vt 30 1
vt 0 1
vt 0 0
vt 1 0
vt 1 1
vt 0 1
vt 0 0
vt 30 0
vt 30 1
vt 0 1
vt 0 0
vt 1 0
vt 1 1
vt 0 1
vt 0 0
vt 15 0
vt 15 14
vt 0 14
vt 0 0
vt 15 0
vt 15 14
vt 0 14
vt 0 0
vt 15 0
vt 15 1
vt 0 1
vt 0 0
vt 14 0
vt 14 1
vt 0 1
vt 0 0
vt 15 0
vt 15 1
vt 0 1
vt 0 0
vt 14 0
vt 14 1
vt 0 1
vt 0 0
vt 150 0
vt 150 48
vt 0 48
vt 0 0
vt 150 0
vt 150 48
vt 0 48
vt 0 0
vt 150 0
vt 150 1
vt 0 1
vt 0 0
vt 48 0
vt 48 1
vt 0 1
vt 0 0
vt 150 0
vt 150 1
vt 0 1
vt 0 0
vt 48 0
vt 48 1
vt 0 1
vt 0 0
vt 2 0
vt 2 2
vt 0 2
vt 0 0
vt 2 0
vt 2 2
vt 0 2
vt 0 0
vt 2 0
vt 2 1
vt 0 1
vt 0 0
vt 2 0
vt 2 1
vt 0 1
vt 0 0
vt 2 0
vt 2 1
vt 0 1
vt 0 0
vt 2 0
vt 2 1
vt 0 1
vt 0 0
vt 150 0
vt 150 6
vt 0 6
vt 0 0
vt 150 0
vt 150 6
vt 0 6
vt 0 0
vt 150 0
vt 150 1
vt 0 1
vt 0 0
vt 6 0
vt 6 1
vt 0 1
vt 0 0
vt 150 0
vt 150 1
vt 0 1
vt 0 0
vt 6 0
vt 6 1
vt 0 1
vt 0 0
vt 150 0
vt 150 1
vt 0 1
vt 0 0
vt 150 0
vt 150 1
vt 0 1
vt 0 0
vt 150 0
vt 150 1
vt 0 1
vt 0 0
vt 1 0
vt 1 1
vt 0 1
vt 0 0
vt 150 0
vt 150 1
vt 0 1
vt 0 0
vt 1 0
vt 1 1
vt 0 1
vt 0 0
vt 4 0
vt 4 1
vt 0 1
vt 0 0
vt 4 0
vt 4 1
vt 0 1
vt 0 0
vt 4 0
vt 4 1
vt 0 1
vt 0 0
vt 1 0
vt 1 1
vt 0 1
vt 0 0
vt 4 0
vt 4 1
vt 0 1
vt 0 0
vt 1 0
vt 1 1
vt 0 1
vt 0 0
vt 3 0
vt 3 1
vt 0 1
vt 0 0
vt 3 0
vt 3 1
vt 0 1
vt 0 0
vt 3 0
vt 3 1
vt 0 1
vt 0 0
vt 1 0
vt 1 1
vt 0 1
vt 0 0
vt 3 0
vt 3 1
vt 0 1
vt 0 0
vt 1 0
vt 1 1
vt 0 1
vt 0 0
vt 3 0
vt 3 1
vt 0 1
vt 0 0
vt 3 0
vt 3 1
vt 0 1
vt 0 0
vt 3 0
vt 3 1
vt 0 1
vt 0 0
vt 1 0
vt 1 1
vt 0 1
vt 0 0
vt 3 0
vt 3 1
vt 0 1
vt 0 0
vt 1 0
vt 1 1
vt 0 1
vt 0 0
vt 3 0
vt 3 1
vt 0 1
vt 0 0
vt 3 0
vt 3 1
vt 0 1
vt 0 0
vt 3 0
vt 3 1
vt 0 1
vt 0 0
vt 1 0
vt 1 1
vt 0 1
vt 0 0
vt 3 0
vt 3 1
vt 0 1
vt 0 0
vt 1 0
vt 1 1
vt 0 1
vt 0 0
vt 2 0
vt 2 1
vt 0 1
vt 0 0
vt 2 0
vt 2 1
vt 0 1
vt 0 0
vt 2 0
vt 2 1
vt 0 1
vt 0 0
vt 1 0
vt 1 1
vt 0 1
vt 0 0
vt 2 0
vt 2 1
vt 0 1
vt 0 0
vt 1 0
vt 1 1
vt 0 1
vt 0 0
vt 3 0
vt 3 1
vt 0 1
vt 0 0
vt 3 0
vt 3 1
vt 0 1
vt 0 0
vt 3 0
vt 3 1
vt 0 1
vt 0 0
vt 1 0
vt 1 1
vt 0 1
vt 0 0
vt 3 0
vt 3 1
vt 0 1
vt 0 0
vt 1 0
vt 1 1
vt 0 1
vt 0 0
vt 2 0
vt 2 1
vt 0 1
vt 0 0
vt 2 0
vt 2 1
vt 0 1
vt 0 0
vt 2 0
vt 2 1
vt 0 1
vt 0 0
vt 1 0
vt 1 1
vt 0 1
vt 0 0
vt 2 0
vt 2 1
vt 0 1
vt 0 0
vt 1 0
vt 1 1
vt 0 1
vt 0 0
vt 2 0
vt 2 1
vt 0 1
vt 0 0
vt 2 0
vt 2 1
vt 0 1
vt 0 0
vt 2 0
vt 2 1
vt 0 1
vt 0 0
vt 1 0
vt 1 1
vt 0 1
vt 0 0
vt 2 0
vt 2 1
vt 0 1
vt 0 0
vt 1 0
vt 1 1
vt 0 1
vt 0 0
vt 2 0
vt 2 1
vt 0 1
vt 0 0
vt 2 0
vt 2 1
vt 0 1
vt 0 0
vt 2 0
vt 2 1
vt 0 1
vt 0 0
vt 1 0
vt 1 1
vt 0 1
vt 0 0
vt 2 0
vt 2 1
vt 0 1
vt 0 0
vt 1 0
vt 1 1
vt 0 1
vt 0 0
vt 3 0
vt 3 1
vt 0 1
vt 0 0
vt 3 0
vt 3 1
vt 0 1
vt 0 0
vt 3 0
vt 3 1
vt 0 1
vt 0 0
vt 1 0
vt 1 1
vt 0 1
vt 0 0
vt 3 0
vt 3 1
vt 0 1
vt 0 0
vt 1 0
vt 1 1
vt 0 1
vt 0 0
vt 2 0
vt 2 1
vt 0 1
vt 0 0
vt 2 0
vt 2 1
vt 0 1
vt 0 0
vt 2 0
vt 2 1
vt 0 1
vt 0 0
vt 1 0
vt 1 1
vt 0 1
vt 0 0
vt 2 0
vt 2 1
vt 0 1
vt 0 0
vt 1 0
vt 1 1
vt 0 1
vt 0 0
vt 2 0
vt 2 1
vt 0 1
vt 0 0
vt 2 0
vt 2 1
vt 0 1
vt 0 0
vt 2 0
vt 2 1
vt 0 1
vt 0 0
vt 1 0
vt 1 1
vt 0 1
vt 0 0
vt 2 0
vt 2 1
vt 0 1
vt 0 0
vt 1 0
vt 1 1
vt 0 1
vt 0 0
vt 2 0
vt 2 1
vt 0 1
vt 0 0
vt 2 0
vt 2 1
vt 0 1
vt 0 0
vt 2 0
vt 2 1
vt 0 1
vt 0 0
vt 1 0
vt 1 1
vt 0 1
vt 0 0
vt 2 0
vt 2 1
vt 0 1
vt 0 0
vt 1 0
vt 1 1
vt 0 1
vt 0 0
vt 2 0
vt 2 1
vt 0 1
vt 0 0
vt 2 0
vt 2 1
vt 0 1
vt 0 0
vt 2 0
vt 2 1
vt 0 1
vt 0 0
vt 1 0
vt 1 1
vt 0 1
vt 0 0
vt 2 0
vt 2 1
vt 0 1
vt 0 0
vt 1 0
vt 1 1
vt 0 1
vt 0 0
vt 2 0
vt 2 1
vt 0 1
vt 0 0
vt 2 0
vt 2 1
vt 0 1
vt 0 0
vt 2 0
vt 2 1
vt 0 1
vt 0 0
vt 1 0
vt 1 1
vt 0 1
vt 0 0
vt 2 0
vt 2 1
vt 0 1
vt 0 0
vt 1 0
vt 1 1
vt 0 1
vt 0 0
vt 2 0
vt 2 1
vt 0 1
vt 0 0
vt 2 0
vt 2 1
vt 0 1
vt 0 0
vt 2 0
vt 2 1
vt 0 1
vt 0 0
vt 1 0
vt 1 1
vt 0 1
vt 0 0
vt 2 0
vt 2 1
vt 0 1
vt 0 0
vt 1 0
vt 1 1
vt 0 1
vt 0 0
vt 2 0
vt 2 1
vt 0 1
vt 0 0
vt 2 0
vt 2 1
vt 0 1
vt 0 0
vt 2 0
vt 2 1
vt 0 1
vt 0 0
vt 1 0
vt 1 1
vt 0 1
vt 0 0
vt 2 0
vt 2 1
vt 0 1
vt 0 0
vt 1 0
vt 1 1
vt 0 1
vt 0 0
vt 2 0
vt 2 1
vt 0 1
vt 0 0
vt 2 0
vt 2 1
vt 0 1
vt 0 0
vt 2 0
vt 2 1
vt 0 1
vt 0 0
vt 1 0
vt 1 1
vt 0 1
vt 0 0
vt 2 0
vt 2 1
vt 0 1
vt 0 0
vt 1 0
vt 1 1
vt 0 1
vt 0 0
vt 2 0
vt 2 1
vt 0 1
vt 0 0
vt 2 0
vt 2 1
vt 0 1
vt 0 0
vt 2 0
vt 2 1
vt 0 1
vt 0 0
vt 1 0
vt 1 1
vt 0 1
vt 0 0
vt 2 0
vt 2 1
vt 0 1
vt 0 0
vt 1 0
vt 1 1
vt 0 1
vt 0 0
vt 5 0
vt 5 3
vt 0 3
vt 0 0
vt 5 0
vt 5 3
vt 0 3
vt 0 0
vt 5 0
vt 5 1
vt 0 1
vt 0 0
vt 3 0
vt 3 1
vt 0 1
vt 0 0
vt 5 0
vt 5 1
vt 0 1
vt 0 0
vt 3 0
vt 3 1
vt 0 1
vt 0 0
vt 5 0
vt 5 3
vt 0 3
vt 0 0
vt 5 0
vt 5 3
vt 0 3
vt 0 0
vt 5 0
vt 5 1
vt 0 1
vt 0 0
vt 3 0
vt 3 1
vt 0 1
vt 0 0
vt 5 0
vt 5 1
vt 0 1
vt 0 0
vt 3 0
vt 3 1
vt 0 1
vt 0 0
vt 5 0
vt 5 3
vt 0 3
vt 0 0
vt 5 0
vt 5 3
vt 0 3
vt 0 0
vt 5 0
vt 5 1
vt 0 1
vt 0 0
vt 3 0
vt 3 1
vt 0 1
vt 0 0
vt 5 0
vt 5 1
vt 0 1
vt 0 0
vt 3 0
vt 3 1
vt 0 1
vt 0 0
vt 5 0
vt 5 3
vt 0 3
vt 0 0
vt 5 0
vt 5 3
vt 0 3
vt 0 0
vt 5 0
vt 5 1
vt 0 1
vt 0 0
vt 3 0
vt 3 1
vt 0 1
vt 0 0
vt 5 0
vt 5 1
vt 0 1
vt 0 0
vt 3 0
vt 3 1
vt 0 1
vt 0 0
vt 5 0
vt 5 3
vt 0 3
vt 0 0
vt 5 0
vt 5 3
vt 0 3
vt 0 0
vt 5 0
vt 5 1
vt 0 1
vt 0 0
vt 3 0
vt 3 1
vt 0 1
vt 0 0
vt 5 0
vt 5 1
vt 0 1
vt 0 0
vt 3 0
vt 3 1
vt 0 1
vt 0 0
vt 5 0
vt 5 3
vt 0 3
vt 0 0
vt 5 0
vt 5 3
vt 0 3
vt 0 0
vt 5 0
vt 5 1
vt 0 1
vt 0 0
vt 3 0
vt 3 1
vt 0 1
vt 0 0
vt 5 0
vt 5 1
vt 0 1
vt 0 0
vt 3 0
vt 3 1
vt 0 1
vt 0 0
vt 14 0
vt 14 1
vt 0 1
vt 0 0
vt 14 0
vt 14 1
vt 0 1
vt 0 0
vt 14 0
vt 14 1
vt 0 1
vt 0 0
vt 1 0
vt 1 1
vt 0 1
vt 0 0
vt 14 0
vt 14 1
vt 0 1
vt 0 0
vt 1 0
vt 1 1
vt 0 1
vt 0 0
vt 1 0
vt 1 14
vt 0 14
vt 0 0
vt 1 0
vt 1 14
vt 0 14
vt 0 0
vt 1 0
vt 1 1
vt 0 1
vt 0 0
vt 14 0
vt 14 1
vt 0 1
vt 0 0
vt 1 0
vt 1 1
vt 0 1
vt 0 0
vt 14 0
vt 14 1
vt 0 1
vt 0 0
vt 2 0
vt 2 2
vt 0 2
vt 0 0
vt 2 0
vt 2 2
vt 0 2
vt 0 0
vt 2 0
vt 2 1
vt 0 1
vt 0 0
vt 2 0
vt 2 1
vt 0 1
vt 0 0
vt 2 0
vt 2 1
vt 0 1
vt 0 0
vt 2 0
vt 2 1
vt 0 1
vt 0 0
vt 1 0
vt 1 1
vt 0 1
vt 0 0
vt 1 0
vt 1 1
vt 0 1
vt 0 0
vt 1 0
vt 1 1
vt 0 1
vt 0 0
vt 1 0
vt 1 1
vt 0 1
vt 0 0
vt 1 0
vt 1 1
vt 0 1
vt 0 0
vt 1 0
vt 1 1
vt 0 1
vt 0 0
vt 150 0
vt 150 4
vt 0 4
vt 0 0
vt 150 0
vt 150 4
vt 0 4
vt 0 0
vt 150 0
vt 150 4
vt 0 4
vt 0 0
vt 150 0
vt 150 4
vt 0 4
vt 0 0
vt 150 0
vt 150 4
vt 0 4
vt 0 0
vt 150 0
vt 150 4
vt 0 4
vt 0 0
vt 6 0
vt 6 18
vt 0 18
vt 0 0
vt 6 0
vt 6 18
vt 0 18
vt 0 0
vt 6 0
vt 6 1
vt 0 1
vt 0 0
vt 18 0
vt 18 1
vt 0 1
vt 0 0
vt 6 0
vt 6 1
vt 0 1
vt 0 0
vt 18 0
vt 18 1
vt 0 1
vt 0 0
vt 1 0
vt 1 18
vt 0 18
vt 0 0
vt 1 0
vt 1 18
vt 0 18
vt 0 0
vt 1 0
vt 1 1
vt 0 1
vt 0 0
vt 18 0
vt 18 1
vt 0 1
vt 0 0
vt 1 0
vt 1 1
vt 0 1
vt 0 0
vt 18 0
vt 18 1
vt 0 1
vt 0 0
vt 1 0
vt 1 18
vt 0 18
vt 0 0
vt 1 0
vt 1 18
vt 0 18
vt 0 0
vt 1 0
vt 1 1
vt 0 1
vt 0 0
vt 18 0
vt 18 1
vt 0 1
vt 0 0
vt 1 0
vt 1 1
vt 0 1
vt 0 0
vt 18 0
vt 18 1
vt 0 1
vt 0 0
vt 1 0
vt 1 1
vt 0 1
vt 0 0
vt 1 0
vt 1 1
vt 0 1
vt 0 0
vt 1 0
vt 1 1
vt 0 1
vt 0 0
vt 1 0
vt 1 1
vt 0 1
vt 0 0
vt 1 0
vt 1 1
vt 0 1
vt 0 0
vt 1 0
vt 1 1
vt 0 1
vt 0 0
vt 1 0
vt 1 15
vt 0 15
vt 0 0
vt 1 0
vt 1 15
vt 0 15
vt 0 0
vt 1 0
vt 1 1
vt 0 1
vt 0 0
vt 15 0
vt 15 1
vt 0 1
vt 0 0
vt 1 0
vt 1 1
vt 0 1
vt 0 0
vt 15 0
vt 15 1
vt 0 1
vt 0 0
vt 1 0
vt 1 15
vt 0 15
vt 0 0
vt 1 0
vt 1 15
vt 0 15
vt 0 0
vt 1 0
vt 1 1
vt 0 1
vt 0 0
vt 15 0
vt 15 1
vt 0 1
vt 0 0
vt 1 0
vt 1 1
vt 0 1
vt 0 0
vt 15 0
vt 15 1
vt 0 1
vt 0 0
vt 1 0
vt 1 15
vt 0 15
vt 0 0
vt 1 0
vt 1 15
vt 0 15
vt 0 0
vt 1 0
vt 1 1
vt 0 1
vt 0 0
vt 15 0
vt 15 1
vt 0 1
vt 0 0
vt 1 0
vt 1 1
vt 0 1
vt 0 0
vt 15 0
vt 15 1
vt 0 1
vt 0 0
vt 150 0
vt 150 1
vt 0 1
vt 0 0
vt 150 0
vt 150 1
vt 0 1
vt 0 0
vt 150 0
vt 150 1
vt 0 1
vt 0 0
vt 150 0
vt 150 1
vt 0 1
vt 0 0
vt 150 0
vt 150 1
vt 0 1
vt 0 0
vt 150 0
vt 150 1
vt 0 1
vt 0 0
vt 150 0
vt 150 1
vt 0 1
vt 0 0
vt 150 0
vt 150 1
vt 0 1
vt 0 0
vt 150 0
vt 150 1
vt 0 1
vt 0 0
vt 150 0
vt 150 1
vt 0 1
vt 0 0
vt 150 0
vt 150 1
vt 0 1
vt 0 0
vt 150 0
vt 150 1
vt 0 1
vt 0 0
vt 150 0
vt 150 1
vt 0 1
vt 0 0
vt 150 0
vt 150 1
vt 0 1
vt 0 0
vt 150 0
vt 150 1
vt 0 1
vt 0 0
vt 150 0
vt 150 1
vt 0 1
vt 0 0
vt 150 0
vt 150 1
vt 0 1
vt 0 0
vt 150 0
vt 150 1
vt 0 1
vt 0 0
vt 150 0
vt 150 1
vt 0 1
vt 0 0
vt 150 0
vt 150 1
vt 0 1
vt 0 0
vt 150 0
vt 150 1
vt 0 1
vt 0 0
vt 150 0
vt 150 1
vt 0 1
vt 0 0
vt 150 0
vt 150 1
vt 0 1
vt 0 0
vt 150 0
vt 150 1
vt 0 1
vt 0 0
vt 1 0
vt 1 108
vt 0 108
vt 0 0
vt 1 0
vt 1 108
vt 0 108
vt 0 0
vt 1 0
vt 1 108
vt 0 108
vt 0 0
vt 1 0
vt 1 108
vt 0 108
vt 0 0
vt 1 0
vt 1 108
vt 0 108
vt 0 0
vt 1 0
vt 1 108
vt 0 108
vt 0 0
vt 1 0
vt 1 108
vt 0 108
vt 0 0
vt 1 0
vt 1 108
vt 0 108
vt 0 0
vt 1 0
vt 1 108
vt 0 108
vt 0 0
vt 1 0
vt 1 108
vt 0 108
vt 0 0
vt 1 0
vt 1 108
vt 0 108
vt 0 0
vt 1 0
vt 1 108
vt 0 108
vt 0 0
vt 1 0
vt 1 108
vt 0 108
vt 0 0
vt 1 0
vt 1 108
vt 0 108
vt 0 0
vt 1 0
vt 1 108
vt 0 108
vt 0 0
vt 1 0
vt 1 108
vt 0 108
vt 0 0
vt 1 0
vt 1 108
vt 0 108
vt 0 0
vt 1 0
vt 1 108
vt 0 108
vt 0 0
vt 1 0
vt 1 108
vt 0 108
vt 0 0
vt 1 0
vt 1 108
vt 0 108
vt 0 0
vt 1 0
vt 1 108
vt 0 108
vt 0 0
vt 1 0
vt 1 108
vt 0 108
vt 0 0
vt 1 0
vt 1 108
vt 0 108
vt 0 0
vt 1 0
vt 1 108
vt 0 108
vt 0 0
vt 1 0
vt 1 108
vt 0 108
vt 0 0
vt 1 0
vt 1 108
vt 0 108
vt 0 0
vt 1 0
vt 1 108
vt 0 108
vt 0 0
vt 1 0
vt 1 108
vt 0 108
vt 0 0
vt 1 0
vt 1 108
vt 0 108
vt 0 0
vt 1 0
vt 1 108
vt 0 108
vt 0 0
vt 1 0
vt 1 108
vt 0 108
vt 0 0
vt 1 0
vt 1 108
vt 0 108
vt 0 0
vt 1 0
vt 1 108
vt 0 108
vt 0 0
vt 1 0
vt 1 108
vt 0 108
vt 0 0
vt 1 0
vt 1 108
vt 0 108
vt 0 0
vt 1 0
vt 1 108
vt 0 108
vt 0 0
vt 3 0
vt 3 3
vt 0 3
vt 0 0
vt 3 0
vt 3 3
vt 0 3
vt 0 0
vt 3 0
vt 3 1
vt 0 1
vt 0 0
vt 3 0
vt 3 1
vt 0 1
vt 0 0
vt 3 0
vt 3 1
vt 0 1
vt 0 0
vt 3 0
vt 3 1
vt 0 1
vt 0 0
vt 1 0
vt 1 2
vt 0 2
vt 0 0
vt 1 0
vt 1 2
vt 0 2
vt 0 0
vt 1 0
vt 1 1
vt 0 1
vt 0 0
vt 2 0
vt 2 1
vt 0 1
vt 0 0
vt 1 0
vt 1 1
vt 0 1
vt 0 0
vt 2 0
vt 2 1
vt 0 1
vt 0 0
vt 1 0
vt 1 2
vt 0 2
vt 0 0
vt 1 0
vt 1 2
vt 0 2
vt 0 0
vt 1 0
vt 1 1
vt 0 1
vt 0 0
vt 2 0
vt 2 1
vt 0 1
vt 0 0
vt 1 0
vt 1 1
vt 0 1
vt 0 0
vt 2 0
vt 2 1
vt 0 1
vt 0 0
vt 1 0
vt 1 2
vt 0 2
vt 0 0
vt 1 0
vt 1 2
vt 0 2
vt 0 0
vt 1 0
vt 1 1
vt 0 1
vt 0 0
vt 2 0
vt 2 1
vt 0 1
vt 0 0
vt 1 0
vt 1 1
vt 0 1
vt 0 0
vt 2 0
vt 2 1
vt 0 1
vt 0 0
vt 1 0
vt 1 2
vt 0 2
vt 0 0
vt 1 0
vt 1 2
vt 0 2
vt 0 0
vt 1 0
vt 1 1
vt 0 1
vt 0 0
vt 2 0
vt 2 1
vt 0 1
vt 0 0
vt 1 0
vt 1 1
vt 0 1
vt 0 0
vt 2 0
vt 2 1
vt 0 1
vt 0 0
vt 1 0
vt 1 2
vt 0 2
vt 0 0
vt 1 0
vt 1 2
vt 0 2
vt 0 0
vt 1 0
vt 1 1
vt 0 1
vt 0 0
vt 2 0
vt 2 1
vt 0 1
vt 0 0
vt 1 0
vt 1 1
vt 0 1
vt 0 0
vt 2 0
vt 2 1
vt 0 1
vt 0 0
vt 1 0
vt 1 2
vt 0 2
vt 0 0
vt 1 0
vt 1 2
vt 0 2
vt 0 0
vt 1 0
vt 1 1
vt 0 1
vt 0 0
vt 2 0
vt 2 1
vt 0 1
vt 0 0
vt 1 0
vt 1 1
vt 0 1
vt 0 0
vt 2 0
vt 2 1
vt 0 1
vt 0 0
vt 1 0
vt 1 2
vt 0 2
vt 0 0
vt 1 0
vt 1 2
vt 0 2
vt 0 0
vt 1 0
vt 1 1
vt 0 1
vt 0 0
vt 2 0
vt 2 1
vt 0 1
vt 0 0
vt 1 0
vt 1 1
vt 0 1
vt 0 0
vt 2 0
vt 2 1
vt 0 1
vt 0 0
vt 1 0
vt 1 2
vt 0 2
vt 0 0
vt 1 0
vt 1 2
vt 0 2
vt 0 0
vt 1 0
vt 1 1
vt 0 1
vt 0 0
vt 2 0
vt 2 1
vt 0 1
vt 0 0
vt 1 0
vt 1 1
vt 0 1
vt 0 0
vt 2 0
vt 2 1
vt 0 1
vt 0 0
vt 1 0
vt 1 2
vt 0 2
vt 0 0
vt 1 0
vt 1 2
vt 0 2
vt 0 0
vt 1 0
vt 1 1
vt 0 1
vt 0 0
vt 2 0
vt 2 1
vt 0 1
vt 0 0
vt 1 0
vt 1 1
vt 0 1
vt 0 0
vt 2 0
vt 2 1
vt 0 1
vt 0 0
vt 1 0
vt 1 2
vt 0 2
vt 0 0
vt 1 0
vt 1 2
vt 0 2
vt 0 0
vt 1 0
vt 1 1
vt 0 1
vt 0 0
vt 2 0
vt 2 1
vt 0 1
vt 0 0
vt 1 0
vt 1 1
vt 0 1
vt 0 0
vt 2 0
vt 2 1
vt 0 1
vt 0 0
vt 1 0
vt 1 2
vt 0 2
vt 0 0
vt 1 0
vt 1 2
vt 0 2
vt 0 0
vt 1 0
vt 1 1
vt 0 1
vt 0 0
vt 2 0
vt 2 1
vt 0 1
vt 0 0
vt 1 0
vt 1 1
vt 0 1
vt 0 0
vt 2 0
vt 2 1
vt 0 1
vt 0 0
vt 1 0
vt 1 2
vt 0 2
vt 0 0
vt 1 0
vt 1 2
vt 0 2
vt 0 0
vt 1 0
vt 1 1
vt 0 1
vt 0 0
vt 2 0
vt 2 1
vt 0 1
vt 0 0
vt 1 0
vt 1 1
vt 0 1
vt 0 0
vt 2 0
vt 2 1
vt 0 1
vt 0 0
vt 1 0
vt 1 2
vt 0 2
vt 0 0
vt 1 0
vt 1 2
vt 0 2
vt 0 0
vt 1 0
vt 1 1
vt 0 1
vt 0 0
vt 2 0
vt 2 1
vt 0 1
vt 0 0
vt 1 0
vt 1 1
vt 0 1
vt 0 0
vt 2 0
vt 2 1
vt 0 1
vt 0 0
vt 1 0
vt 1 2
vt 0 2
vt 0 0
vt 1 0
vt 1 2
vt 0 2
vt 0 0
vt 1 0
vt 1 1
vt 0 1
vt 0 0
vt 2 0
vt 2 1
vt 0 1
vt 0 0
vt 1 0
vt 1 1
vt 0 1
vt 0 0
vt 2 0
vt 2 1
vt 0 1
vt 0 0
vt 1 0
vt 1 2
vt 0 2
vt 0 0
vt 1 0
vt 1 2
vt 0 2
vt 0 0
vt 1 0
vt 1 1
vt 0 1
vt 0 0
vt 2 0
vt 2 1
vt 0 1
vt 0 0
vt 1 0
vt 1 1
vt 0 1
vt 0 0
vt 2 0
vt 2 1
vt 0 1
vt 0 0
vt 1 0
vt 1 2
vt 0 2
vt 0 0
vt 1 0
vt 1 2
vt 0 2
vt 0 0
vt 1 0
vt 1 1
vt 0 1
vt 0 0
vt 2 0
vt 2 1
vt 0 1
vt 0 0
vt 1 0
vt 1 1
vt 0 1
vt 0 0
vt 2 0
vt 2 1
vt 0 1
vt 0 0
vt 1 0
vt 1 2
vt 0 2
vt 0 0
vt 1 0
vt 1 2
vt 0 2
vt 0 0
vt 1 0
vt 1 1
vt 0 1
vt 0 0
vt 2 0
vt 2 1
vt 0 1
vt 0 0
vt 1 0
vt 1 1
vt 0 1
vt 0 0
vt 2 0
vt 2 1
vt 0 1
vt 0 0
vt 1 0
vt 1 2
vt 0 2
vt 0 0
vt 1 0
vt 1 2
vt 0 2
vt 0 0
vt 1 0
vt 1 1
vt 0 1
vt 0 0
vt 2 0
vt 2 1
vt 0 1
vt 0 0
vt 1 0
vt 1 1
vt 0 1
vt 0 0
vt 2 0
vt 2 1
vt 0 1
vt 0 0
vt 1 0
vt 1 2
vt 0 2
vt 0 0
vt 1 0
vt 1 2
vt 0 2
vt 0 0
vt 1 0
vt 1 1
vt 0 1
vt 0 0
vt 2 0
vt 2 1
vt 0 1
vt 0 0
vt 1 0
vt 1 1
vt 0 1
vt 0 0
vt 2 0
vt 2 1
vt 0 1
vt 0 0
vt 1 0
vt 1 2
vt 0 2
vt 0 0
vt 1 0
vt 1 2
vt 0 2
vt 0 0
vt 1 0
vt 1 1
vt 0 1
vt 0 0
vt 2 0
vt 2 1
vt 0 1
vt 0 0
vt 1 0
vt 1 1
vt 0 1
vt 0 0
vt 2 0
vt 2 1
vt 0 1
vt 0 0
vt 1 0
vt 1 1
vt 0 1
vt 0 0
vt 1 0
vt 1 1
vt 0 1
vt 0 0
vt 1 0
vt 1 1
vt 0 1
vt 0 0
vt 1 0
vt 1 1
vt 0 1
vt 0 0
vt 1 0
vt 1 1
vt 0 1
vt 0 0
vt 1 0
vt 1 1
vt 0 1
vt 0 0
vt 1 0
vt 1 1
vt 0 1
vt 0 0
vt 1 0
vt 1 1
vt 0 1
vt 0 0
vt 1 0
vt 1 1
vt 0 1
vt 0 0
vt 1 0
vt 1 1
vt 0 1
vt 0 0
vt 1 0
vt 1 1
vt 0 1
vt 0 0
vt 1 0
vt 1 1
vt 0 1
vt 0 0
vt 1 0
vt 1 1
vt 0 1
vt 0 0
vt 1 0
vt 1 1
vt 0 1
vt 0 0
vt 1 0
vt 1 1
vt 0 1
vt 0 0
vt 1 0
vt 1 1
vt 0 1
vt 0 0
vt 1 0
vt 1 1
vt 0 1
vt 0 0
vt 1 0
vt 1 1
vt 0 1
vt 0 0
vt 1 0
vt 1 1
vt 0 1
vt 0 0
vt 1 0
vt 1 1
vt 0 1
vt 0 0
vt 1 0
vt 1 1
vt 0 1
vt 0 0
vt 1 0
vt 1 1
vt 0 1
vt 0 0
vt 1 0
vt 1 1
vt 0 1
vt 0 0
vt 1 0
vt 1 1
vt 0 1
vt 0 0
vt 1 0
vt 1 1
vt 0 1
vt 0 0
vt 1 0
vt 1 1
vt 0 1
vt 0 0
vt 1 0
vt 1 1
vt 0 1
vt 0 0
vt 1 0
vt 1 1
vt 0 1
vt 0 0
vt 1 0
vt 1 1
vt 0 1
vt 0 0
vt 1 0
vt 1 1
vt 0 1
vt 0 0
vt 1 0
vt 1 1
vt 0 1
vt 0 0
vt 1 0
vt 1 1
vt 0 1
vt 0 0
vt 1 0
vt 1 1
vt 0 1
vt 0 0
vt 1 0
vt 1 1
vt 0 1
vt 0 0
vt 1 0
vt 1 1
vt 0 1
vt 0 0
vt 1 0
vt 1 1
vt 0 1
vt 0 0
vt 1 0
vt 1 1
vt 0 1
vt 0 0
vt 1 0
vt 1 1
vt 0 1
vt 0 0
vt 1 0
vt 1 1
vt 0 1
vt 0 0
vt 1 0
vt 1 1
vt 0 1
vt 0 0
vt 1 0
vt 1 1
vt 0 1
vt 0 0
vt 1 0
vt 1 1
vt 0 1
vt 0 0
vt 1 0
vt 1 1
vt 0 1
vt 0 0
vt 1 0
vt 1 1
vt 0 1
vt 0 0
vt 1 0
vt 1 1
vt 0 1
vt 0 0
vt 1 0
vt 1 1
vt 0 1
vt 0 0
vt 1 0
vt 1 1
vt 0 1
vt 0 0
vt 1 0
vt 1 1
vt 0 1
vt 0 0
vt 1 0
vt 1 1
vt 0 1
vt 0 0
vt 1 0
vt 1 1
vt 0 1
vt 0 0
vt 1 0
vt 1 1
vt 0 1
vt 0 0
vt 1 0
vt 1 1
vt 0 1
vt 0 0
vt 1 0
vt 1 1
vt 0 1
vt 0 0
vt 1 0
vt 1 1
vt 0 1
vt 0 0
vt 1 0
vt 1 1
vt 0 1
vt 0 0
vt 1 0
vt 1 1
vt 0 1
vt 0 0
vt 1 0
vt 1 1
vt 0 1
vt 0 0
vt 1 0
vt 1 1
vt 0 1
vt 0 0
vt 1 0
vt 1 1
vt 0 1
vt 0 0
vt 1 0
vt 1 1
vt 0 1
vt 0 0
vt 1 0
vt 1 1
vt 0 1
vt 0 0
vt 1 0
vt 1 1
vt 0 1
vt 0 0
vt 1 0
vt 1 1
vt 0 1
vt 0 0
vt 1 0
vt 1 1
vt 0 1
vt 0 0
vt 1 0
vt 1 1
vt 0 1
vt 0 0
vt 1 0
vt 1 1
vt 0 1
vt 0 0
vt 1 0
vt 1 1
vt 0 1
vt 0 0
vt 1 0
vt 1 1
vt 0 1
vt 0 0
vt 1 0
vt 1 1
vt 0 1
vt 0 0
vt 1 0
vt 1 1
vt 0 1
vt 0 0
vt 1 0
vt 1 1
vt 0 1
vt 0 0
vt 1 0
vt 1 1
vt 0 1
vt 0 0
vt 1 0
vt 1 1
vt 0 1
vt 0 0
vt 1 0
vt 1 1
vt 0 1
vt 0 0
vt 1 0
vt 1 1
vt 0 1
vt 0 0
vt 1 0
vt 1 1
vt 0 1
vt 0 0
vt 1 0
vt 1 1
vt 0 1
vt 0 0
vt 1 0
vt 1 1
vt 0 1
vt 0 0
vt 1 0
vt 1 1
vt 0 1
vt 0 0
vt 1 0
vt 1 1
vt 0 1
vt 0 0
vt 1 0
vt 1 1
vt 0 1
vt 0 0
vt 1 0
vt 1 1
vt 0 1
vt 0 0
vt 1 0
vt 1 1
vt 0 1
vt 0 0
vt 1 0
vt 1 1
vt 0 1
vt 0 0
vt 1 0
vt 1 1
vt 0 1
vt 0 0
vt 1 0
vt 1 1
vt 0 1
vt 0 0
vt 1 0
vt 1 1
vt 0 1
vt 0 0
vt 1 0
vt 1 1
vt 0 1
vt 0 0
vt 1 0
vt 1 1
vt 0 1
vt 0 0
vt 1 0
vt 1 1
vt 0 1
vt 0 0
vt 1 0
vt 1 1
vt 0 1
vt 0 0
vt 1 0
vt 1 1
vt 0 1
vt 0 0
vt 1 0
vt 1 1
vt 0 1
vt 0 0
vt 1 0
vt 1 1
vt 0 1
vt 0 0
vt 1 0
vt 1 1
vt 0 1
vt 0 0
vt 1 0
vt 1 1
vt 0 1
vt 0 0
vt 1 0
vt 1 1
vt 0 1
vt 0 0
vt 1 0
vt 1 1
vt 0 1
vt 0 0
vt 1 0
vt 1 1
vt 0 1
vt 0 0
vt 1 0
vt 1 1
vt 0 1
vt 0 0
vt 1 0
vt 1 1
vt 0 1
vt 0 0
vt 1 0
vt 1 1
vt 0 1
vt 0 0
vt 1 0
vt 1 1
vt 0 1
vt 0 0
vt 1 0
vt 1 1
vt 0 1
vt 0 0
vt 1 0
vt 1 1
vt 0 1
vt 0 0
vt 1 0
vt 1 1
vt 0 1
vt 0 0
vt 1 0
vt 1 1
vt 0 1
vt 0 0
vt 1 0
vt 1 1
vt 0 1
vt 0 0
vt 1 0
vt 1 1
vt 0 1
vt 0 0
vt 1 0
vt 1 1
vt 0 1
vt 0 0
vt 1 0
vt 1 1
vt 0 1
vt 0 0
vt 1 0
vt 1 1
vt 0 1
vt 0 0
vt 1 0
vt 1 1
vt 0 1
vt 0 0
vt 1 0
vt 1 1
vt 0 1
vt 0 0
vt 1 0
vt 1 1
vt 0 1
vt 0 0
vt 1 0
vt 1 1
vt 0 1
vt 0 0
vt 1 0
vt 1 1
vt 0 1
vt 0 0
vt 1 0
vt 1 1
vt 0 1
vt 0 0
vt 1 0
vt 1 1
vt 0 1
vt 0 0
vt 1 0
vt 1 1
vt 0 1
vt 0 0
vt 1 0
vt 1 1
vt 0 1
vt 0 0
vt 1 0
vt 1 1
vt 0 1
vt 0 0
vt 1 0
vt 1 1
vt 0 1
vt 0 0
vt 1 0
vt 1 1
vt 0 1
vt 0 0
vt 1 0
vt 1 1
vt 0 1
vt 0 0
vt 1 0
vt 1 1
vt 0 1
vt 0 0
vt 1 0
vt 1 1
vt 0 1
vt 0 0
vt 1 0
vt 1 1
vt 0 1
vt 0 0
vt 1 0
vt 1 1
vt 0 1
vt 0 0
vt 1 0
vt 1 1
vt 0 1
vt 0 0
vt 1 0
vt 1 1
vt 0 1
vt 0 0
vt 1 0
vt 1 1
vt 0 1
vt 0 0
vt 1 0
vt 1 1
vt 0 1
vt 0 0
vt 1 0
vt 1 1
vt 0 1
vt 0 0
vt 1 0
vt 1 1
vt 0 1
vt 0 0
vt 1 0
vt 1 1
vt 0 1
vt 0 0
vt 1 0
vt 1 1
vt 0 1
vt 0 0
vt 1 0
vt 1 1
vt 0 1
vt 0 0
vt 1 0
vt 1 1
vt 0 1
vt 0 0
vt 1 0
vt 1 1
vt 0 1
vt 0 0
vt 1 0
vt 1 1
vt 0 1
vt 0 0
vt 1 0
vt 1 1
vt 0 1
vt 0 0
vt 1 0
vt 1 1
vt 0 1
vt 0 0
vt 1 0
vt 1 1
vt 0 1
vt 0 0
vt 1 0
vt 1 1
vt 0 1
vt 0 0
vt 1 0
vt 1 1
vt 0 1
vt 0 0
vt 1 0
vt 1 1
vt 0 1
vt 0 0
vt 1 0
vt 1 1
vt 0 1
vt 0 0
vt 1 0
vt 1 1
vt 0 1
vt 0 0
vt 1 0
vt 1 1
vt 0 1
vt 0 0
vt 1 0
vt 1 1
vt 0 1
vt 0 0
vt 1 0
vt 1 1
vt 0 1
vt 0 0
vt 1 0
vt 1 1
vt 0 1
vt 0 0
vt 1 0
vt 1 1
vt 0 1
vt 0 0
vt 1 0
vt 1 1
vt 0 1
vt 0 0
vt 1 0
vt 1 1
vt 0 1
vt 0 0
vt 1 0
vt 1 1
vt 0 1
vt 0 0
vt 1 0
vt 1 1
vt 0 1
vt 0 0
vt 1 0
vt 1 1
vt 0 1
vt 0 0
vt 1 0
vt 1 1
vt 0 1
vt 0 0
vt 1 0
vt 1 1
vt 0 1
vt 0 0
vt 1 0
vt 1 1
vt 0 1
vt 0 0
vt 1 0
vt 1 1
vt 0 1
vt 0 0
vt 1 0
vt 1 1
vt 0 1
vt 0 0
vt 1 0
vt 1 1
vt 0 1
vt 0 0
vt 1 0
vt 1 1
vt 0 1
vt 0 0
vt 1 0
vt 1 1
vt 0 1
vt 0 0
vt 1 0
vt 1 1
vt 0 1
vt 0 0
vt 1 0
vt 1 1
vt 0 1
vt 0 0
vt 1 0
vt 1 1
vt 0 1
vt 0 0
vt 1 0
vt 1 1
vt 0 1
vt 0 0
vt 1 0
vt 1 1
vt 0 1
vt 0 0
vt 1 0
vt 1 1
vt 0 1
vt 0 0
vt 1 0
vt 1 1
vt 0 1
vt 0 0
vt 1 0
vt 1 1
vt 0 1
vt 0 0
vt 1 0
vt 1 1
vt 0 1
vt 0 0
vt 1 0
vt 1 1
vt 0 1
vt 0 0
vt 1 0
vt 1 1
vt 0 1
vt 0 0
vt 1 0
vt 1 1
vt 0 1
vt 0 0
vt 1 0
vt 1 1
vt 0 1
vt 0 0
vt 1 0
vt 1 1
vt 0 1
vt 0 0
vt 1 0
vt 1 1
vt 0 1
vt 0 0
vt 1 0
vt 1 1
vt 0 1
vt 0 0
vt 1 0
vt 1 1
vt 0 1
vt 0 0
vt 1 0
vt 1 1
vt 0 1
vt 0 0
vt 1 0
vt 1 1
vt 0 1
vt 0 0
vt 1 0
vt 1 1
vt 0 1
vt 0 0
vt 1 0
vt 1 1
vt 0 1
vt 0 0
vt 1 0
vt 1 1
vt 0 1
vt 0 0
vt 1 0
vt 1 1
vt 0 1
vt 0 0
vt 1 0
vt 1 1
vt 0 1
vt 0 0
vt 1 0
vt 1 1
vt 0 1
vt 0 0
vt 1 0
vt 1 1
vt 0 1
vt 0 0
vt 1 0
vt 1 1
vt 0 1
vt 0 0
vt 1 0
vt 1 1
vt 0 1
vt 0 0
vt 1 0
vt 1 1
vt 0 1
vt 0 0
vt 1 0
vt 1 1
vt 0 1
vt 0 0
vt 1 0
vt 1 1
vt 0 1
vt 0 0
vt 1 0
vt 1 1
vt 0 1
vt 0 0
vt 1 0
vt 1 1
vt 0 1
vt 0 0
vt 1 0
vt 1 1
vt 0 1
vt 0 0
vt 1 0
vt 1 1
vt 0 1
vt 0 0
vt 1 0
vt 1 1
vt 0 1
vt 0 0
vt 1 0
vt 1 1
vt 0 1
vt 0 0
vt 1 0
vt 1 1
vt 0 1
vt 0 0
vt 1 0
vt 1 1
vt 0 1
vt 0 0
vt 1 0
vt 1 2
vt 0 2
vt 0 0
vt 1 0
vt 1 2
vt 0 2
vt 0 0
vt 1 0
vt 1 2
vt 0 2
vt 0 0
vt 1 0
vt 1 2
vt 0 2
vt 0 0
vt 1 0
vt 1 1
vt 0 1
vt 0 0
vt 1 0
vt 1 1
vt 0 1
vt 0 0
vt 1 0
vt 1 2
vt 0 2
vt 0 0
vt 1 0
vt 1 2
vt 0 2
vt 0 0
vt 1 0
vt 1 2
vt 0 2
vt 0 0
vt 1 0
vt 1 2
vt 0 2
vt 0 0
vt 1 0
vt 1 1
vt 0 1
vt 0 0
vt 1 0
vt 1 1
vt 0 1
vt 0 0
vt 1 0
vt 1 2
vt 0 2
vt 0 0
vt 1 0
vt 1 2
vt 0 2
vt 0 0
vt 1 0
vt 1 2
vt 0 2
vt 0 0
vt 1 0
vt 1 2
vt 0 2
vt 0 0
vt 1 0
vt 1 1
vt 0 1
vt 0 0
vt 1 0
vt 1 1
vt 0 1
vt 0 0
vt 1 0
vt 1 2
vt 0 2
vt 0 0
vt 1 0
vt 1 2
vt 0 2
vt 0 0
vt 1 0
vt 1 2
vt 0 2
vt 0 0
vt 1 0
vt 1 2
vt 0 2
vt 0 0
vt 1 0
vt 1 1
vt 0 1
vt 0 0
vt 1 0
vt 1 1
vt 0 1
vt 0 0
vt 1 0
vt 1 2
vt 0 2
vt 0 0
vt 1 0
vt 1 2
vt 0 2
vt 0 0
vt 1 0
vt 1 2
vt 0 2
vt 0 0
vt 1 0
vt 1 2
vt 0 2
vt 0 0
vt 1 0
vt 1 1
vt 0 1
vt 0 0
vt 1 0
vt 1 1
vt 0 1
vt 0 0
vt 1 0
vt 1 2
vt 0 2
vt 0 0
vt 1 0
vt 1 2
vt 0 2
vt 0 0
vt 1 0
vt 1 2
vt 0 2
vt 0 0
vt 1 0
vt 1 2
vt 0 2
vt 0 0
vt 1 0
vt 1 1
vt 0 1
vt 0 0
vt 1 0
vt 1 1
vt 0 1
vt 0 0
vt 1 0
vt 1 2
vt 0 2
vt 0 0
vt 1 0
vt 1 2
vt 0 2
vt 0 0
vt 1 0
vt 1 2
vt 0 2
vt 0 0
vt 1 0
vt 1 2
vt 0 2
vt 0 0
vt 1 0
vt 1 1
vt 0 1
vt 0 0
vt 1 0
vt 1 1
vt 0 1
vt 0 0
vt 1 0
vt 1 2
vt 0 2
vt 0 0
vt 1 0
vt 1 2
vt 0 2
vt 0 0
vt 1 0
vt 1 2
vt 0 2
vt 0 0
vt 1 0
vt 1 2
vt 0 2
vt 0 0
vt 1 0
vt 1 10
vt 0 10
vt 0 0
vt 1 0
vt 1 10
vt 0 10
vt 0 0
vt 1 0
vt 1 1
vt 0 1
vt 0 0
vt 10 0
vt 10 1
vt 0 1
vt 0 0
vt 1 0
vt 1 1
vt 0 1
vt 0 0
vt 10 0
vt 10 1
vt 0 1
vt 0 0
vt 1 0
vt 1 10
vt 0 10
vt 0 0
vt 1 0
vt 1 10
vt 0 10
vt 0 0
vt 1 0
vt 1 1
vt 0 1
vt 0 0
vt 10 0
vt 10 1
vt 0 1
vt 0 0
vt 1 0
vt 1 1
vt 0 1
vt 0 0
vt 10 0
vt 10 1
vt 0 1
vt 0 0
vt 1 0
vt 1 10
vt 0 10
vt 0 0
vt 1 0
vt 1 10
vt 0 10
vt 0 0
vt 1 0
vt 1 1
vt 0 1
vt 0 0
vt 10 0
vt 10 1
vt 0 1
vt 0 0
vt 1 0
vt 1 1
vt 0 1
vt 0 0
vt 10 0
vt 10 1
vt 0 1
vt 0 0
vt 1 0
vt 1 10
vt 0 10
vt 0 0
vt 1 0
vt 1 10
vt 0 10
vt 0 0
vt 1 0
vt 1 1
vt 0 1
vt 0 0
vt 10 0
vt 10 1
vt 0 1
vt 0 0
vt 1 0
vt 1 1
vt 0 1
vt 0 0
vt 10 0
vt 10 1
vt 0 1
vt 0 0
vt 1 0
vt 1 10
vt 0 10
vt 0 0
vt 1 0
vt 1 10
vt 0 10
vt 0 0
vt 1 0
vt 1 1
vt 0 1
vt 0 0
vt 10 0
vt 10 1
vt 0 1
vt 0 0
vt 1 0
vt 1 1
vt 0 1
vt 0 0
vt 10 0
vt 10 1
vt 0 1
vt 0 0
vt 1 0
vt 1 10
vt 0 10
vt 0 0
vt 1 0
vt 1 10
vt 0 10
vt 0 0
vt 1 0
vt 1 1
vt 0 1
vt 0 0
vt 10 0
vt 10 1
vt 0 1
vt 0 0
vt 1 0
vt 1 1
vt 0 1
vt 0 0
vt 10 0
vt 10 1
vt 0 1
vt 0 0
vt 1 0
vt 1 10
vt 0 10
vt 0 0
vt 1 0
vt 1 10
vt 0 10
vt 0 0
vt 1 0
vt 1 1
vt 0 1
vt 0 0
vt 10 0
vt 10 1
vt 0 1
vt 0 0
vt 1 0
vt 1 1
vt 0 1
vt 0 0
vt 10 0
vt 10 1
vt 0 1
vt 0 0
vt 1 0
vt 1 1
vt 0 1
vt 0 0
vt 1 0
vt 1 1
vt 0 1
vt 0 0
vt 1 0
vt 1 1
vt 0 1
vt 0 0
vt 1 0
vt 1 1
vt 0 1
vt 0 0
vt 1 0
vt 1 1
vt 0 1
vt 0 0
vt 1 0
vt 1 1
vt 0 1
vt 0 0
vt 7 0
vt 7 6
vt 0 6
vt 0 0
vt 7 0
vt 7 6
vt 0 6
vt 0 0
vt 7 0
vt 7 1
vt 0 1
vt 0 0
vt 6 0
vt 6 1
vt 0 1
vt 0 0
vt 7 0
vt 7 1
vt 0 1
vt 0 0
vt 6 0
vt 6 1
vt 0 1
vt 0 0
vt 6 0
vt 6 5
vt 0 5
vt 0 0
vt 6 0
vt 6 5
vt 0 5
vt 0 0
vt 6 0
vt 6 1
vt 0 1
vt 0 0
vt 5 0
vt 5 1
vt 0 1
vt 0 0
vt 6 0
vt 6 1
vt 0 1
vt 0 0
vt 5 0
vt 5 1
vt 0 1
vt 0 0
vt 5 0
vt 5 6
vt 0 6
vt 0 0
vt 5 0
vt 5 6
vt 0 6
vt 0 0
vt 5 0
vt 5 1
vt 0 1
vt 0 0
vt 6 0
vt 6 1
vt 0 1
vt 0 0
vt 5 0
vt 5 1
vt 0 1
vt 0 0
vt 6 0
vt 6 1
vt 0 1
vt 0 0
vt 6 0
vt 6 5
vt 0 5
vt 0 0
vt 6 0
vt 6 5
vt 0 5
vt 0 0
vt 6 0
vt 6 1
vt 0 1
vt 0 0
vt 5 0
vt 5 1
vt 0 1
vt 0 0
vt 6 0
vt 6 1
vt 0 1
vt 0 0
vt 5 0
vt 5 1
vt 0 1
vt 0 0
vt 5 0
vt 5 6
vt 0 6
vt 0 0
vt 5 0
vt 5 6
vt 0 6
vt 0 0
vt 5 0
vt 5 1
vt 0 1
vt 0 0
vt 6 0
vt 6 1
vt 0 1
vt 0 0
vt 5 0
vt 5 1
vt 0 1
vt 0 0
vt 6 0
vt 6 1
vt 0 1
vt 0 0
vt 5 0
vt 5 5
vt 0 5
vt 0 0
vt 5 0
vt 5 5
vt 0 5
vt 0 0
vt 5 0
vt 5 1
vt 0 1
vt 0 0
vt 5 0
vt 5 1
vt 0 1
vt 0 0
vt 5 0
vt 5 1
vt 0 1
vt 0 0
vt 5 0
vt 5 1
vt 0 1
vt 0 0
vt 4 0
vt 4 4
vt 0 4
vt 0 0
vt 4 0
vt 4 4
vt 0 4
vt 0 0
vt 4 0
vt 4 1
vt 0 1
vt 0 0
vt 4 0
vt 4 1
vt 0 1
vt 0 0
vt 4 0
vt 4 1
vt 0 1
vt 0 0
vt 4 0
vt 4 1
vt 0 1
vt 0 0
vt 5 0
vt 5 5
vt 0 5
vt 0 0
vt 5 0
vt 5 5
vt 0 5
vt 0 0
vt 5 0
vt 5 1
vt 0 1
vt 0 0
vt 5 0
vt 5 1
vt 0 1
vt 0 0
vt 5 0
vt 5 1
vt 0 1
vt 0 0
vt 5 0
vt 5 1
vt 0 1
vt 0 0
vt 4 0
vt 4 4
vt 0 4
vt 0 0
vt 4 0
vt 4 4
vt 0 4
vt 0 0
vt 4 0
vt 4 1
vt 0 1
vt 0 0
vt 4 0
vt 4 1
vt 0 1
vt 0 0
vt 4 0
vt 4 1
vt 0 1
vt 0 0
vt 4 0
vt 4 1
vt 0 1
vt 0 0
vt 5 0
vt 5 4
vt 0 4
vt 0 0
vt 5 0
vt 5 4
vt 0 4
vt 0 0
vt 5 0
vt 5 1
vt 0 1
vt 0 0
vt 4 0
vt 4 1
vt 0 1
vt 0 0
vt 5 0
vt 5 1
vt 0 1
vt 0 0
vt 4 0
vt 4 1
vt 0 1
vt 0 0
vt 5 0
vt 5 4
vt 0 4
vt 0 0
vt 5 0
vt 5 4
vt 0 4
vt 0 0
vt 5 0
vt 5 1
vt 0 1
vt 0 0
vt 4 0
vt 4 1
vt 0 1
vt 0 0
vt 5 0
vt 5 1
vt 0 1
vt 0 0
vt 4 0
vt 4 1
vt 0 1
vt 0 0
vt 4 0
vt 4 5
vt 0 5
vt 0 0
vt 4 0
vt 4 5
vt 0 5
vt 0 0
vt 4 0
vt 4 1
vt 0 1
vt 0 0
vt 5 0
vt 5 1
vt 0 1
vt 0 0
vt 4 0
vt 4 1
vt 0 1
vt 0 0
vt 5 0
vt 5 1
vt 0 1
vt 0 0
vt 5 0
vt 5 4
vt 0 4
vt 0 0
vt 5 0
vt 5 4
vt 0 4
vt 0 0
vt 5 0
vt 5 1
vt 0 1
vt 0 0
vt 4 0
vt 4 1
vt 0 1
vt 0 0
vt 5 0
vt 5 1
vt 0 1
vt 0 0
vt 4 0
vt 4 1
vt 0 1
vt 0 0
vt 4 0
vt 4 4
vt 0 4
vt 0 0
vt 4 0
vt 4 4
vt 0 4
vt 0 0
vt 4 0
vt 4 1
vt 0 1
vt 0 0
vt 4 0
vt 4 1
vt 0 1
vt 0 0
vt 4 0
vt 4 1
vt 0 1
vt 0 0
vt 4 0
vt 4 1
vt 0 1
vt 0 0
vt 5 0
vt 5 5
vt 0 5
vt 0 0
vt 5 0
vt 5 5
vt 0 5
vt 0 0
vt 5 0
vt 5 1
vt 0 1
vt 0 0
vt 5 0
vt 5 1
vt 0 1
vt 0 0
vt 5 0
vt 5 1
vt 0 1
vt 0 0
vt 5 0
vt 5 1
vt 0 1
vt 0 0
vt 4 0
vt 4 4
vt 0 4
vt 0 0
vt 4 0
vt 4 4
vt 0 4
vt 0 0
vt 4 0
vt 4 1
vt 0 1
vt 0 0
vt 4 0
vt 4 1
vt 0 1
vt 0 0
vt 4 0
vt 4 1
vt 0 1
vt 0 0
vt 4 0
vt 4 1
vt 0 1
vt 0 0
vt 5 0
vt 5 4
vt 0 4
vt 0 0
vt 5 0
vt 5 4
vt 0 4
vt 0 0
vt 5 0
vt 5 1
vt 0 1
vt 0 0
vt 4 0
vt 4 1
vt 0 1
vt 0 0
vt 5 0
vt 5 1
vt 0 1
vt 0 0
vt 4 0
vt 4 1
vt 0 1
vt 0 0
vt 4 0
vt 4 4
vt 0 4
vt 0 0
vt 4 0
vt 4 4
vt 0 4
vt 0 0
vt 4 0
vt 4 1
vt 0 1
vt 0 0
vt 4 0
vt 4 1
vt 0 1
vt 0 0
vt 4 0
vt 4 1
vt 0 1
vt 0 0
vt 4 0
vt 4 1
vt 0 1
vt 0 0
vt 4 0
vt 4 4
vt 0 4
vt 0 0
vt 4 0
vt 4 4
vt 0 4
vt 0 0
vt 4 0
vt 4 1
vt 0 1
vt 0 0
vt 4 0
vt 4 1
vt 0 1
vt 0 0
vt 4 0
vt 4 1
vt 0 1
vt 0 0
vt 4 0
vt 4 1
vt 0 1
vt 0 0
vt 4 0
vt 4 1
vt 0 1
vt 0 0
vt 4 0
vt 4 1
vt 0 1
vt 0 0
vt 4 0
vt 4 1
vt 0 1
vt 0 0
vt 1 0
vt 1 1
vt 0 1
vt 0 0
vt 4 0
vt 4 1
vt 0 1
vt 0 0
vt 1 0
vt 1 1
vt 0 1
vt 0 0
vt 4 0
vt 4 1
vt 0 1
vt 0 0
vt 4 0
vt 4 1
vt 0 1
vt 0 0
vt 4 0
vt 4 1
vt 0 1
vt 0 0
vt 1 0
vt 1 1
vt 0 1
vt 0 0
vt 4 0
vt 4 1
vt 0 1
vt 0 0
vt 1 0
vt 1 1
vt 0 1
vt 0 0
vt 4 0
vt 4 1
vt 0 1
vt 0 0
vt 4 0
vt 4 1
vt 0 1
vt 0 0
vt 4 0
vt 4 1
vt 0 1
vt 0 0
vt 1 0
vt 1 1
vt 0 1
vt 0 0
vt 4 0
vt 4 1
vt 0 1
vt 0 0
vt 1 0
vt 1 1
vt 0 1
vt 0 0
vt 4 0
vt 4 1
vt 0 1
vt 0 0
vt 4 0
vt 4 1
vt 0 1
vt 0 0
vt 4 0
vt 4 1
vt 0 1
vt 0 0
vt 1 0
vt 1 1
vt 0 1
vt 0 0
vt 4 0
vt 4 1
vt 0 1
vt 0 0
vt 1 0
vt 1 1
vt 0 1
vt 0 0
vt 4 0
vt 4 1
vt 0 1
vt 0 0
vt 4 0
vt 4 1
vt 0 1
vt 0 0
vt 4 0
vt 4 1
vt 0 1
vt 0 0
vt 1 0
vt 1 1
vt 0 1
vt 0 0
vt 4 0
vt 4 1
vt 0 1
vt 0 0
vt 1 0
vt 1 1
vt 0 1
vt 0 0
vt 4 0
vt 4 1
vt 0 1
vt 0 0
vt 4 0
vt 4 1
vt 0 1
vt 0 0
vt 4 0
vt 4 1
vt 0 1
vt 0 0
vt 1 0
vt 1 1
vt 0 1
vt 0 0
vt 4 0
vt 4 1
vt 0 1
vt 0 0
vt 1 0
vt 1 1
vt 0 1
vt 0 0
vt 1 0
vt 1 1
vt 0 1
vt 0 0
vt 1 0
vt 1 1
vt 0 1
vt 0 0
vt 1 0
vt 1 1
vt 0 1
vt 0 0
vt 1 0
vt 1 1
vt 0 1
vt 0 0
vt 1 0
vt 1 1
vt 0 1
vt 0 0
vt 1 0
vt 1 1
vt 0 1
vt 0 0
vt 1 0
vt 1 1
vt 0 1
vt 0 0
vt 1 0
vt 1 1
vt 0 1
vt 0 0
vt 1 0
vt 1 1
vt 0 1
vt 0 0
vt 1 0
vt 1 1
vt 0 1
vt 0 0
vt 1 0
vt 1 1
vt 0 1
vt 0 0
vt 1 0
vt 1 1
vt 0 1
vt 0 0
vt 1 0
vt 1 1
vt 0 1
vt 0 0
vt 1 0
vt 1 1
vt 0 1
vt 0 0
vt 1 0
vt 1 1
vt 0 1
vt 0 0
vt 1 0
vt 1 1
vt 0 1
vt 0 0
vt 1 0
vt 1 1
vt 0 1
vt 0 0
vt 1 0
vt 1 1
vt 0 1
vt 0 0
vt 1 0
vt 1 1
vt 0 1
vt 0 0
vt 1 0
vt 1 1
vt 0 1
vt 0 0
vt 1 0
vt 1 1
vt 0 1
vt 0 0
vt 1 0
vt 1 1
vt 0 1
vt 0 0
vt 1 0
vt 1 1
vt 0 1
vt 0 0
vt 1 0
vt 1 1
vt 0 1
vt 0 0
vt 1 0
vt 1 1
vt 0 1
vt 0 0
vt 1 0
vt 1 1
vt 0 1
vt 0 0
vt 1 0
vt 1 1
vt 0 1
vt 0 0
vt 1 0
vt 1 1
vt 0 1
vt 0 0
vt 1 0
vt 1 1
vt 0 1
vt 0 0
vt 1 0
vt 1 1
vt 0 1
vt 0 0
vt 1 0
vt 1 1
vt 0 1
vt 0 0
vt 1 0
vt 1 1
vt 0 1
vt 0 0
vt 1 0
vt 1 1
vt 0 1
vt 0 0
vt 1 0
vt 1 1
vt 0 1
vt 0 0
vt 1 0
vt 1 1
vt 0 1
vt 0 0
vt 1 0
vt 1 1
vt 0 1
vt 0 0
vt 8 0
vt 8 6
vt 0 6
vt 0 0
vt 8 0
vt 8 6
vt 0 6
vt 0 0
vt 8 0
vt 8 8
vt 0 8
vt 0 0
vt 6 0
vt 6 8
vt 0 8
vt 0 0
vt 8 0
vt 8 8
vt 0 8
vt 0 0
vt 6 0
vt 6 8
vt 0 8
vt 0 0
vt 6 0
vt 6 5
vt 0 5
vt 0 0
vt 6 0
vt 6 5
vt 0 5
vt 0 0
vt 6 0
vt 6 8
vt 0 8
vt 0 0
vt 5 0
vt 5 8
vt 0 8
vt 0 0
vt 6 0
vt 6 8
vt 0 8
vt 0 0
vt 5 0
vt 5 8
vt 0 8
vt 0 0
vt 5 0
vt 5 5
vt 0 5
vt 0 0
vt 5 0
vt 5 5
vt 0 5
vt 0 0
vt 5 0
vt 5 6
vt 0 6
vt 0 0
vt 5 0
vt 5 6
vt 0 6
vt 0 0
vt 5 0
vt 5 6
vt 0 6
vt 0 0
vt 5 0
vt 5 6
vt 0 6
vt 0 0
vt 4 0
vt 4 4
vt 0 4
vt 0 0
vt 4 0
vt 4 4
vt 0 4
vt 0 0
vt 4 0
vt 4 5
vt 0 5
vt 0 0
vt 4 0
vt 4 5
vt 0 5
vt 0 0
vt 4 0
vt 4 5
vt 0 5
vt 0 0
vt 4 0
vt 4 5
vt 0 5
vt 0 0
vt 6 0
vt 6 5
vt 0 5
vt 0 0
vt 6 0
vt 6 5
vt 0 5
vt 0 0
vt 6 0
vt 6 6
vt 0 6
vt 0 0
vt 5 0
vt 5 6
vt 0 6
vt 0 0
vt 6 0
vt 6 6
vt 0 6
vt 0 0
vt 5 0
vt 5 6
vt 0 6
vt 0 0
vt 5 0
vt 5 4
vt 0 4
vt 0 0
vt 5 0
vt 5 4
vt 0 4
vt 0 0
vt 5 0
vt 5 5
vt 0 5
vt 0 0
vt 4 0
vt 4 5
vt 0 5
vt 0 0
vt 5 0
vt 5 5
vt 0 5
vt 0 0
vt 4 0
vt 4 5
vt 0 5
vt 0 0
vt 4 0
vt 4 4
vt 0 4
vt 0 0
vt 4 0
vt 4 4
vt 0 4
vt 0 0
vt 4 0
vt 4 4
vt 0 4
vt 0 0
vt 4 0
vt 4 4
vt 0 4
vt 0 0
vt 4 0
vt 4 4
vt 0 4
vt 0 0
vt 4 0
vt 4 4
vt 0 4
vt 0 0
vt 5 0
vt 5 5
vt 0 5
vt 0 0
vt 5 0
vt 5 5
vt 0 5
vt 0 0
vt 5 0
vt 5 4
vt 0 4
vt 0 0
vt 5 0
vt 5 4
vt 0 4
vt 0 0
vt 5 0
vt 5 4
vt 0 4
vt 0 0
vt 5 0
vt 5 4
vt 0 4
vt 0 0
vt 4 0
vt 4 4
vt 0 4
vt 0 0
vt 4 0
vt 4 4
vt 0 4
vt 0 0
vt 4 0
vt 4 4
vt 0 4
vt 0 0
vt 4 0
vt 4 4
vt 0 4
vt 0 0
vt 4 0
vt 4 4
vt 0 4
vt 0 0
vt 4 0
vt 4 4
vt 0 4
vt 0 0
vt 4 0
vt 4 4
vt 0 4
vt 0 0
vt 4 0
vt 4 4
vt 0 4
vt 0 0
vt 4 0
vt 4 4
vt 0 4
vt 0 0
vt 4 0
vt 4 4
vt 0 4
vt 0 0
vt 4 0
vt 4 4
vt 0 4
vt 0 0
vt 4 0
vt 4 4
vt 0 4
vt 0 0
vt 5 0
vt 5 4
vt 0 4
vt 0 0
vt 5 0
vt 5 4
vt 0 4
vt 0 0
vt 5 0
vt 5 3
vt 0 3
vt 0 0
vt 4 0
vt 4 3
vt 0 3
vt 0 0
vt 5 0
vt 5 3
vt 0 3
vt 0 0
vt 4 0
vt 4 3
vt 0 3
vt 0 0
vt 4 0
vt 4 4
vt 0 4
vt 0 0
vt 4 0
vt 4 4
vt 0 4
vt 0 0
vt 4 0
vt 4 5
vt 0 5
vt 0 0
vt 4 0
vt 4 5
vt 0 5
vt 0 0
vt 4 0
vt 4 5
vt 0 5
vt 0 0
vt 4 0
vt 4 5
vt 0 5
vt 0 0
vt 4 0
vt 4 4
vt 0 4
vt 0 0
vt 4 0
vt 4 4
vt 0 4
vt 0 0
vt 4 0
vt 4 4
vt 0 4
vt 0 0
vt 4 0
vt 4 4
vt 0 4
vt 0 0
vt 4 0
vt 4 4
vt 0 4
vt 0 0
vt 4 0
vt 4 4
vt 0 4
vt 0 0
vt 4 0
vt 4 4
vt 0 4
vt 0 0
vt 4 0
vt 4 4
vt 0 4
vt 0 0
vt 4 0
vt 4 4
vt 0 4
vt 0 0
vt 4 0
vt 4 4
vt 0 4
vt 0 0
vt 4 0
vt 4 4
vt 0 4
vt 0 0
vt 4 0
vt 4 4
vt 0 4
vt 0 0
vt 5 0
vt 5 4
vt 0 4
vt 0 0
vt 5 0
vt 5 4
vt 0 4
vt 0 0
vt 5 0
vt 5 3
vt 0 3
vt 0 0
vt 4 0
vt 4 3
vt 0 3
vt 0 0
vt 5 0
vt 5 3
vt 0 3
vt 0 0
vt 4 0
vt 4 3
vt 0 3
vt 0 0
vt 4 0
vt 4 4
vt 0 4
vt 0 0
vt 4 0
vt 4 4
vt 0 4
vt 0 0
vt 4 0
vt 4 5
vt 0 5
vt 0 0
vt 4 0
vt 4 5
vt 0 5
vt 0 0
vt 4 0
vt 4 5
vt 0 5
vt 0 0
vt 4 0
vt 4 5
vt 0 5
vt 0 0
vt 4 0
vt 4 4
vt 0 4
vt 0 0
vt 4 0
vt 4 4
vt 0 4
vt 0 0
vt 4 0
vt 4 1
vt 0 1
vt 0 0
vt 4 0
vt 4 1
vt 0 1
vt 0 0
vt 4 0
vt 4 1
vt 0 1
vt 0 0
vt 4 0
vt 4 1
vt 0 1
vt 0 0
vt 4 0
vt 4 4
vt 0 4
vt 0 0
vt 4 0
vt 4 4
vt 0 4
vt 0 0
vt 4 0
vt 4 1
vt 0 1
vt 0 0
vt 4 0
vt 4 1
vt 0 1
vt 0 0
vt 4 0
vt 4 1
vt 0 1
vt 0 0
vt 4 0
vt 4 1
vt 0 1
vt 0 0
vt 1 0
vt 1 1
vt 0 1
vt 0 0
vt 1 0
vt 1 1
vt 0 1
vt 0 0
vt 1 0
vt 1 1
vt 0 1
vt 0 0
vt 1 0
vt 1 1
vt 0 1
vt 0 0
vt 1 0
vt 1 1
vt 0 1
vt 0 0
vt 1 0
vt 1 1
vt 0 1
vt 0 0
vt 1 0
vt 1 1
vt 0 1
vt 0 0
vt 1 0
vt 1 1
vt 0 1
vt 0 0
vt 1 0
vt 1 1
vt 0 1
vt 0 0
vt 1 0
vt 1 1
vt 0 1
vt 0 0
vt 1 0
vt 1 1
vt 0 1
vt 0 0
vt 1 0
vt 1 1
vt 0 1
vt 0 0
vt 4 0
vt 4 4
vt 0 4
vt 0 0
vt 4 0
vt 4 4
vt 0 4
vt 0 0
vt 4 0
vt 4 1
vt 0 1
vt 0 0
vt 4 0
vt 4 1
vt 0 1
vt 0 0
vt 4 0
vt 4 1
vt 0 1
vt 0 0
vt 4 0
vt 4 1
vt 0 1
vt 0 0
vt 1 0
vt 1 1
vt 0 1
vt 0 0
vt 1 0
vt 1 1
vt 0 1
vt 0 0
vt 1 0
vt 1 1
vt 0 1
vt 0 0
vt 1 0
vt 1 1
vt 0 1
vt 0 0
vt 1 0
vt 1 1
vt 0 1
vt 0 0
vt 1 0
vt 1 1
vt 0 1
vt 0 0
vt 1 0
vt 1 1
vt 0 1
vt 0 0
vt 1 0
vt 1 1
vt 0 1
vt 0 0
vt 1 0
vt 1 1
vt 0 1
vt 0 0
vt 1 0
vt 1 1
vt 0 1
vt 0 0
vt 1 0
vt 1 1
vt 0 1
vt 0 0
vt 1 0
vt 1 1
vt 0 1
vt 0 0
vt 4 0
vt 4 3
vt 0 3
vt 0 0
vt 4 0
vt 4 3
vt 0 3
vt 0 0
vt 4 0
vt 4 1
vt 0 1
vt 0 0
vt 3 0
vt 3 1
vt 0 1
vt 0 0
vt 4 0
vt 4 1
vt 0 1
vt 0 0
vt 3 0
vt 3 1
vt 0 1
vt 0 0
vt 1 0
vt 1 1
vt 0 1
vt 0 0
vt 1 0
vt 1 1
vt 0 1
vt 0 0
vt 1 0
vt 1 1
vt 0 1
vt 0 0
vt 1 0
vt 1 1
vt 0 1
vt 0 0
vt 1 0
vt 1 1
vt 0 1
vt 0 0
vt 1 0
vt 1 1
vt 0 1
vt 0 0
vt 1 0
vt 1 1
vt 0 1
vt 0 0
vt 1 0
vt 1 1
vt 0 1
vt 0 0
vt 1 0
vt 1 1
vt 0 1
vt 0 0
vt 1 0
vt 1 1
vt 0 1
vt 0 0
vt 1 0
vt 1 1
vt 0 1
vt 0 0
vt 1 0
vt 1 1
vt 0 1
vt 0 0
vt 4 0
vt 4 5
vt 0 5
vt 0 0
vt 4 0
vt 4 5
vt 0 5
vt 0 0
vt 4 0
vt 4 1
vt 0 1
vt 0 0
vt 5 0
vt 5 1
vt 0 1
vt 0 0
vt 4 0
vt 4 1
vt 0 1
vt 0 0
vt 5 0
vt 5 1
vt 0 1
vt 0 0
vt 1 0
vt 1 1
vt 0 1
vt 0 0
vt 1 0
vt 1 1
vt 0 1
vt 0 0
vt 1 0
vt 1 1
vt 0 1
vt 0 0
vt 1 0
vt 1 1
vt 0 1
vt 0 0
vt 1 0
vt 1 1
vt 0 1
vt 0 0
vt 1 0
vt 1 1
vt 0 1
vt 0 0
vt 1 0
vt 1 1
vt 0 1
vt 0 0
vt 1 0
vt 1 1
vt 0 1
vt 0 0
vt 1 0
vt 1 1
vt 0 1
vt 0 0
vt 1 0
vt 1 1
vt 0 1
vt 0 0
vt 1 0
vt 1 1
vt 0 1
vt 0 0
vt 1 0
vt 1 1
vt 0 1
vt 0 0
vt 4 0
vt 4 4
vt 0 4
vt 0 0
vt 4 0
vt 4 4
vt 0 4
vt 0 0
vt 4 0
vt 4 1
vt 0 1
vt 0 0
vt 4 0
vt 4 1
vt 0 1
vt 0 0
vt 4 0
vt 4 1
vt 0 1
vt 0 0
vt 4 0
vt 4 1
vt 0 1
vt 0 0
vt 1 0
vt 1 1
vt 0 1
vt 0 0
vt 1 0
vt 1 1
vt 0 1
vt 0 0
vt 1 0
vt 1 1
vt 0 1
vt 0 0
vt 1 0
vt 1 1
vt 0 1
vt 0 0
vt 1 0
vt 1 1
vt 0 1
vt 0 0
vt 1 0
vt 1 1
vt 0 1
vt 0 0
vt 1 0
vt 1 1
vt 0 1
vt 0 0
vt 1 0
vt 1 1
vt 0 1
vt 0 0
vt 1 0
vt 1 1
vt 0 1
vt 0 0
vt 1 0
vt 1 1
vt 0 1
vt 0 0
vt 1 0
vt 1 1
vt 0 1
vt 0 0
vt 1 0
vt 1 1
vt 0 1
vt 0 0
vt 4 0
vt 4 4
vt 0 4
vt 0 0
vt 4 0
vt 4 4
vt 0 4
vt 0 0
vt 4 0
vt 4 1
vt 0 1
vt 0 0
vt 4 0
vt 4 1
vt 0 1
vt 0 0
vt 4 0
vt 4 1
vt 0 1
vt 0 0
vt 4 0
vt 4 1
vt 0 1
vt 0 0
vt 1 0
vt 1 1
vt 0 1
vt 0 0
vt 1 0
vt 1 1
vt 0 1
vt 0 0
vt 1 0
vt 1 1
vt 0 1
vt 0 0
vt 1 0
vt 1 1
vt 0 1
vt 0 0
vt 1 0
vt 1 1
vt 0 1
vt 0 0
vt 1 0
vt 1 1
vt 0 1
vt 0 0
vt 1 0
vt 1 1
vt 0 1
vt 0 0
vt 1 0
vt 1 1
vt 0 1
vt 0 0
vt 1 0
vt 1 1
vt 0 1
vt 0 0
vt 1 0
vt 1 1
vt 0 1
vt 0 0
vt 1 0
vt 1 1
vt 0 1
vt 0 0
vt 1 0
vt 1 1
vt 0 1
vt 0 0
vt 3 0
vt 3 3
vt 0 3
vt 0 0
vt 3 0
vt 3 3
vt 0 3
vt 0 0
vt 3 0
vt 3 1
vt 0 1
vt 0 0
vt 3 0
vt 3 1
vt 0 1
vt 0 0
vt 3 0
vt 3 1
vt 0 1
vt 0 0
vt 3 0
vt 3 1
vt 0 1
vt 0 0
vt 1 0
vt 1 1
vt 0 1
vt 0 0
vt 1 0
vt 1 1
vt 0 1
vt 0 0
vt 1 0
vt 1 1
vt 0 1
vt 0 0
vt 1 0
vt 1 1
vt 0 1
vt 0 0
vt 1 0
vt 1 1
vt 0 1
vt 0 0
vt 1 0
vt 1 1
vt 0 1
vt 0 0
vt 1 0
vt 1 1
vt 0 1
vt 0 0
vt 1 0
vt 1 1
vt 0 1
vt 0 0
vt 1 0
vt 1 1
vt 0 1
vt 0 0
vt 1 0
vt 1 1
vt 0 1
vt 0 0
vt 1 0
vt 1 1
vt 0 1
vt 0 0
vt 1 0
vt 1 1
vt 0 1
vt 0 0
vt 4 0
vt 4 3
vt 0 3
vt 0 0
vt 4 0
vt 4 3
vt 0 3
vt 0 0
vt 4 0
vt 4 1
vt 0 1
vt 0 0
vt 3 0
vt 3 1
vt 0 1
vt 0 0
vt 4 0
vt 4 1
vt 0 1
vt 0 0
vt 3 0
vt 3 1
vt 0 1
vt 0 0
vt 1 0
vt 1 1
vt 0 1
vt 0 0
vt 1 0
vt 1 1
vt 0 1
vt 0 0
vt 1 0
vt 1 1
vt 0 1
vt 0 0
vt 1 0
vt 1 1
vt 0 1
vt 0 0
vt 1 0
vt 1 1
vt 0 1
vt 0 0
vt 1 0
vt 1 1
vt 0 1
vt 0 0
vt 1 0
vt 1 1
vt 0 1
vt 0 0
vt 1 0
vt 1 1
vt 0 1
vt 0 0
vt 1 0
vt 1 1
vt 0 1
vt 0 0
vt 1 0
vt 1 1
vt 0 1
vt 0 0
vt 1 0
vt 1 1
vt 0 1
vt 0 0
vt 1 0
vt 1 1
vt 0 1
vt 0 0
vt 4 0
vt 4 3
vt 0 3
vt 0 0
vt 4 0
vt 4 3
vt 0 3
vt 0 0
vt 4 0
vt 4 1
vt 0 1
vt 0 0
vt 3 0
vt 3 1
vt 0 1
vt 0 0
vt 4 0
vt 4 1
vt 0 1
vt 0 0
vt 3 0
vt 3 1
vt 0 1
vt 0 0
vt 1 0
vt 1 1
vt 0 1
vt 0 0
vt 1 0
vt 1 1
vt 0 1
vt 0 0
vt 1 0
vt 1 1
vt 0 1
vt 0 0
vt 1 0
vt 1 1
vt 0 1
vt 0 0
vt 1 0
vt 1 1
vt 0 1
vt 0 0
vt 1 0
vt 1 1
vt 0 1
vt 0 0
vt 1 0
vt 1 1
vt 0 1
vt 0 0
vt 1 0
vt 1 1
vt 0 1
vt 0 0
vt 1 0
vt 1 1
vt 0 1
vt 0 0
vt 1 0
vt 1 1
vt 0 1
vt 0 0
vt 1 0
vt 1 1
vt 0 1
vt 0 0
vt 1 0
vt 1 1
vt 0 1
vt 0 0
vt 4 0
vt 4 4
vt 0 4
vt 0 0
vt 4 0
vt 4 4
vt 0 4
vt 0 0
vt 4 0
vt 4 1
vt 0 1
vt 0 0
vt 4 0
vt 4 1
vt 0 1
vt 0 0
vt 4 0
vt 4 1
vt 0 1
vt 0 0
vt 4 0
vt 4 1
vt 0 1
vt 0 0
vt 1 0
vt 1 1
vt 0 1
vt 0 0
vt 1 0
vt 1 1
vt 0 1
vt 0 0
vt 1 0
vt 1 1
vt 0 1
vt 0 0
vt 1 0
vt 1 1
vt 0 1
vt 0 0
vt 1 0
vt 1 1
vt 0 1
vt 0 0
vt 1 0
vt 1 1
vt 0 1
vt 0 0
vt 1 0
vt 1 1
vt 0 1
vt 0 0
vt 1 0
vt 1 1
vt 0 1
vt 0 0
vt 1 0
vt 1 1
vt 0 1
vt 0 0
vt 1 0
vt 1 1
vt 0 1
vt 0 0
vt 1 0
vt 1 1
vt 0 1
vt 0 0
vt 1 0
vt 1 1
vt 0 1
vt 0 0
vt 4 0
vt 4 4
vt 0 4
vt 0 0
vt 4 0
vt 4 4
vt 0 4
vt 0 0
vt 4 0
vt 4 1
vt 0 1
vt 0 0
vt 4 0
vt 4 1
vt 0 1
vt 0 0
vt 4 0
vt 4 1
vt 0 1
vt 0 0
vt 4 0
vt 4 1
vt 0 1
vt 0 0
vt 1 0
vt 1 1
vt 0 1
vt 0 0
vt 1 0
vt 1 1
vt 0 1
vt 0 0
vt 1 0
vt 1 1
vt 0 1
vt 0 0
vt 1 0
vt 1 1
vt 0 1
vt 0 0
vt 1 0
vt 1 1
vt 0 1
vt 0 0
vt 1 0
vt 1 1
vt 0 1
vt 0 0
vt 1 0
vt 1 1
vt 0 1
vt 0 0
vt 1 0
vt 1 1
vt 0 1
vt 0 0
vt 1 0
vt 1 1
vt 0 1
vt 0 0
vt 1 0
vt 1 1
vt 0 1
vt 0 0
vt 1 0
vt 1 1
vt 0 1
vt 0 0
vt 1 0
vt 1 1
vt 0 1
vt 0 0
vt 4 0
vt 4 4
vt 0 4
vt 0 0
vt 4 0
vt 4 4
vt 0 4
vt 0 0
vt 4 0
vt 4 1
vt 0 1
vt 0 0
vt 4 0
vt 4 1
vt 0 1
vt 0 0
vt 4 0
vt 4 1
vt 0 1
vt 0 0
vt 4 0
vt 4 1
vt 0 1
vt 0 0
vt 1 0
vt 1 1
vt 0 1
vt 0 0
vt 1 0
vt 1 1
vt 0 1
vt 0 0
vt 1 0
vt 1 1
vt 0 1
vt 0 0
vt 1 0
vt 1 1
vt 0 1
vt 0 0
vt 1 0
vt 1 1
vt 0 1
vt 0 0
vt 1 0
vt 1 1
vt 0 1
vt 0 0
vt 1 0
vt 1 1
vt 0 1
vt 0 0
vt 1 0
vt 1 1
vt 0 1
vt 0 0
vt 1 0
vt 1 1
vt 0 1
vt 0 0
vt 1 0
vt 1 1
vt 0 1
vt 0 0
vt 1 0
vt 1 1
vt 0 1
vt 0 0
vt 1 0
vt 1 1
vt 0 1
vt 0 0
vt 4 0
vt 4 4
vt 0 4
vt 0 0
vt 4 0
vt 4 4
vt 0 4
vt 0 0
vt 4 0
vt 4 1
vt 0 1
vt 0 0
vt 4 0
vt 4 1
vt 0 1
vt 0 0
vt 4 0
vt 4 1
vt 0 1
vt 0 0
vt 4 0
vt 4 1
vt 0 1
vt 0 0
vt 1 0
vt 1 1
vt 0 1
vt 0 0
vt 1 0
vt 1 1
vt 0 1
vt 0 0
vt 1 0
vt 1 1
vt 0 1
vt 0 0
vt 1 0
vt 1 1
vt 0 1
vt 0 0
vt 1 0
vt 1 1
vt 0 1
vt 0 0
vt 1 0
vt 1 1
vt 0 1
vt 0 0
vt 1 0
vt 1 1
vt 0 1
vt 0 0
vt 1 0
vt 1 1
vt 0 1
vt 0 0
vt 1 0
vt 1 1
vt 0 1
vt 0 0
vt 1 0
vt 1 1
vt 0 1
vt 0 0
vt 1 0
vt 1 1
vt 0 1
vt 0 0
vt 1 0
vt 1 1
vt 0 1
vt 0 0
vt 4 0
vt 4 4
vt 0 4
vt 0 0
vt 4 0
vt 4 4
vt 0 4
vt 0 0
vt 4 0
vt 4 1
vt 0 1
vt 0 0
vt 4 0
vt 4 1
vt 0 1
vt 0 0
vt 4 0
vt 4 1
vt 0 1
vt 0 0
vt 4 0
vt 4 1
vt 0 1
vt 0 0
vt 1 0
vt 1 1
vt 0 1
vt 0 0
vt 1 0
vt 1 1
vt 0 1
vt 0 0
vt 1 0
vt 1 1
vt 0 1
vt 0 0
vt 1 0
vt 1 1
vt 0 1
vt 0 0
vt 1 0
vt 1 1
vt 0 1
vt 0 0
vt 1 0
vt 1 1
vt 0 1
vt 0 0
vt 1 0
vt 1 1
vt 0 1
vt 0 0
vt 1 0
vt 1 1
vt 0 1
vt 0 0
vt 1 0
vt 1 1
vt 0 1
vt 0 0
vt 1 0
vt 1 1
vt 0 1
vt 0 0
vt 1 0
vt 1 1
vt 0 1
vt 0 0
vt 1 0
vt 1 1
vt 0 1
vt 0 0
vt 4 0
vt 4 4
vt 0 4
vt 0 0
vt 4 0
vt 4 4
vt 0 4
vt 0 0
vt 4 0
vt 4 1
vt 0 1
vt 0 0
vt 4 0
vt 4 1
vt 0 1
vt 0 0
vt 4 0
vt 4 1
vt 0 1
vt 0 0
vt 4 0
vt 4 1
vt 0 1
vt 0 0
vt 1 0
vt 1 1
vt 0 1
vt 0 0
vt 1 0
vt 1 1
vt 0 1
vt 0 0
vt 1 0
vt 1 1
vt 0 1
vt 0 0
vt 1 0
vt 1 1
vt 0 1
vt 0 0
vt 1 0
vt 1 1
vt 0 1
vt 0 0
vt 1 0
vt 1 1
vt 0 1
vt 0 0
vt 1 0
vt 1 1
vt 0 1
vt 0 0
vt 1 0
vt 1 1
vt 0 1
vt 0 0
vt 1 0
vt 1 1
vt 0 1
vt 0 0
vt 1 0
vt 1 1
vt 0 1
vt 0 0
vt 1 0
vt 1 1
vt 0 1
vt 0 0
vt 1 0
vt 1 1
vt 0 1
vt 0 0
vt 4 0
vt 4 4
vt 0 4
vt 0 0
vt 4 0
vt 4 4
vt 0 4
vt 0 0
vt 4 0
vt 4 1
vt 0 1
vt 0 0
vt 4 0
vt 4 1
vt 0 1
vt 0 0
vt 4 0
vt 4 1
vt 0 1
vt 0 0
vt 4 0
vt 4 1
vt 0 1
vt 0 0
vt 1 0
vt 1 1
vt 0 1
vt 0 0
vt 1 0
vt 1 1
vt 0 1
vt 0 0
vt 1 0
vt 1 1
vt 0 1
vt 0 0
vt 1 0
vt 1 1
vt 0 1
vt 0 0
vt 1 0
vt 1 1
vt 0 1
vt 0 0
vt 1 0
vt 1 1
vt 0 1
vt 0 0
vt 1 0
vt 1 1
vt 0 1
vt 0 0
vt 1 0
vt 1 1
vt 0 1
vt 0 0
vt 1 0
vt 1 1
vt 0 1
vt 0 0
vt 1 0
vt 1 1
vt 0 1
vt 0 0
vt 1 0
vt 1 1
vt 0 1
vt 0 0
vt 1 0
vt 1 1
vt 0 1
vt 0 0
vt 4 0
vt 4 4
vt 0 4
vt 0 0
vt 4 0
vt 4 4
vt 0 4
vt 0 0
vt 4 0
vt 4 1
vt 0 1
vt 0 0
vt 4 0
vt 4 1
vt 0 1
vt 0 0
vt 4 0
vt 4 1
vt 0 1
vt 0 0
vt 4 0
vt 4 1
vt 0 1
vt 0 0
vt 1 0
vt 1 1
vt 0 1
vt 0 0
vt 1 0
vt 1 1
vt 0 1
vt 0 0
vt 1 0
vt 1 1
vt 0 1
vt 0 0
vt 1 0
vt 1 1
vt 0 1
vt 0 0
vt 1 0
vt 1 1
vt 0 1
vt 0 0
vt 1 0
vt 1 1
vt 0 1
vt 0 0
vt 1 0
vt 1 1
vt 0 1
vt 0 0
vt 1 0
vt 1 1
vt 0 1
vt 0 0
vt 1 0
vt 1 1
vt 0 1
vt 0 0
vt 1 0
vt 1 1
vt 0 1
vt 0 0
vt 1 0
vt 1 1
vt 0 1
vt 0 0
vt 1 0
vt 1 1
vt 0 1
vt 0 0
vt 3 0
vt 3 3
vt 0 3
vt 0 0
vt 3 0
vt 3 3
vt 0 3
vt 0 0
vt 3 0
vt 3 1
vt 0 1
vt 0 0
vt 3 0
vt 3 1
vt 0 1
vt 0 0
vt 3 0
vt 3 1
vt 0 1
vt 0 0
vt 3 0
vt 3 1
vt 0 1
vt 0 0
vt 1 0
vt 1 1
vt 0 1
vt 0 0
vt 1 0
vt 1 1
vt 0 1
vt 0 0
vt 1 0
vt 1 1
vt 0 1
vt 0 0
vt 1 0
vt 1 1
vt 0 1
vt 0 0
vt 1 0
vt 1 1
vt 0 1
vt 0 0
vt 1 0
vt 1 1
vt 0 1
vt 0 0
vt 1 0
vt 1 1
vt 0 1
vt 0 0
vt 1 0
vt 1 1
vt 0 1
vt 0 0
vt 1 0
vt 1 1
vt 0 1
vt 0 0
vt 1 0
vt 1 1
vt 0 1
vt 0 0
vt 1 0
vt 1 1
vt 0 1
vt 0 0
vt 1 0
vt 1 1
vt 0 1
vt 0 0
vt 2 0
vt 2 1
vt 0 1
vt 0 0
vt 2 0
vt 2 1
vt 0 1
vt 0 0
vt 2 0
vt 2 1
vt 0 1
vt 0 0
vt 1 0
vt 1 1
vt 0 1
vt 0 0
vt 2 0
vt 2 1
vt 0 1
vt 0 0
vt 1 0
vt 1 1
vt 0 1
vt 0 0
vt 1 0
vt 1 1
vt 0 1
vt 0 0
vt 1 0
vt 1 1
vt 0 1
vt 0 0
vt 1 0
vt 1 1
vt 0 1
vt 0 0
vt 1 0
vt 1 1
vt 0 1
vt 0 0
vt 1 0
vt 1 1
vt 0 1
vt 0 0
vt 1 0
vt 1 1
vt 0 1
vt 0 0
vt 1 0
vt 1 1
vt 0 1
vt 0 0
vt 1 0
vt 1 1
vt 0 1
vt 0 0
vt 1 0
vt 1 1
vt 0 1
vt 0 0
vt 1 0
vt 1 1
vt 0 1
vt 0 0
vt 1 0
vt 1 1
vt 0 1
vt 0 0
vt 1 0
vt 1 1
vt 0 1
vt 0 0
vt 1 0
vt 1 1
vt 0 1
vt 0 0
vt 1 0
vt 1 1
vt 0 1
vt 0 0
vt 1 0
vt 1 1
vt 0 1
vt 0 0
vt 1 0
vt 1 1
vt 0 1
vt 0 0
vt 1 0
vt 1 1
vt 0 1
vt 0 0
vt 1 0
vt 1 1
vt 0 1
vt 0 0
vt 1 0
vt 1 1
vt 0 1
vt 0 0
vt 1 0
vt 1 1
vt 0 1
vt 0 0
vt 1 0
vt 1 1
vt 0 1
vt 0 0
vt 1 0
vt 1 1
vt 0 1
vt 0 0
vt 1 0
vt 1 1
vt 0 1
vt 0 0
vt 1 0
vt 1 1
vt 0 1
vt 0 0
vt 1 0
vt 1 1
vt 0 1
vt 0 0
vt 1 0
vt 1 1
vt 0 1
vt 0 0
vt 1 0
vt 1 1
vt 0 1
vt 0 0
vt 1 0
vt 1 1
vt 0 1
vt 0 0
vt 1 0
vt 1 1
vt 0 1
vt 0 0
vt 1 0
vt 1 1
vt 0 1
vt 0 0
vt 1 0
vt 1 1
vt 0 1
vt 0 0
vt 1 0
vt 1 1
vt 0 1
vt 0 0
vt 1 0
vt 1 1
vt 0 1
vt 0 0
vt 1 0
vt 1 1
vt 0 1
vt 0 0
vt 1 0
vt 1 1
vt 0 1
vt 0 0
vt 1 0
vt 1 1
vt 0 1
vt 0 0
vt 1 0
vt 1 1
vt 0 1
vt 0 0
vt 1 0
vt 1 1
vt 0 1
vt 0 0
vt 1 0
vt 1 1
vt 0 1
vt 0 0
vt 1 0
vt 1 1
vt 0 1
vt 0 0
vt 1 0
vt 1 1
vt 0 1
vt 0 0
vt 1 0
vt 1 1
vt 0 1
vt 0 0
vt 1 0
vt 1 1
vt 0 1
vt 0 0
vt 1 0
vt 1 1
vt 0 1
vt 0 0
vt 1 0
vt 1 1
vt 0 1
vt 0 0
vt 1 0
vt 1 1
vt 0 1
vt 0 0
vt 1 0
vt 1 1
vt 0 1
vt 0 0
vt 1 0
vt 1 1
vt 0 1
vt 0 0
vt 1 0
vt 1 1
vt 0 1
vt 0 0
vt 1 0
vt 1 1
vt 0 1
vt 0 0
vt 1 0
vt 1 1
vt 0 1
vt 0 0
vt 1 0
vt 1 1
vt 0 1
vt 0 0
vt 1 0
vt 1 1
vt 0 1
vt 0 0
vt 1 0
vt 1 1
vt 0 1
vt 0 0
vt 1 0
vt 1 1
vt 0 1
vt 0 0
vt 1 0
vt 1 1
vt 0 1
vt 0 0
vt 1 0
vt 1 1
vt 0 1
vt 0 0
vt 1 0
vt 1 1
vt 0 1
vt 0 0
vt 1 0
vt 1 1
vt 0 1
vt 0 0
vt 1 0
vt 1 1
vt 0 1
vt 0 0
vt 1 0
vt 1 1
vt 0 1
vt 0 0
vt 1 0
vt 1 1
vt 0 1
vt 0 0
vt 1 0
vt 1 1
vt 0 1
vt 0 0
vt 1 0
vt 1 1
vt 0 1
vt 0 0
vt 1 0
vt 1 1
vt 0 1
vt 0 0
vt 1 0
vt 1 1
vt 0 1
vt 0 0
vt 1 0
vt 1 1
vt 0 1
vt 0 0
vt 1 0
vt 1 1
vt 0 1
vt 0 0
vt 1 0
vt 1 1
vt 0 1
vt 0 0
vt 1 0
vt 1 1
vt 0 1
vt 0 0
vt 1 0
vt 1 1
vt 0 1
vt 0 0
vt 1 0
vt 1 1
vt 0 1
vt 0 0
vt 1 0
vt 1 1
vt 0 1
vt 0 0
vt 1 0
vt 1 1
vt 0 1
vt 0 0
vt 1 0
vt 1 1
vt 0 1
vt 0 0
vt 1 0
vt 1 1
vt 0 1
vt 0 0
vt 1 0
vt 1 1
vt 0 1
vt 0 0
vt 1 0
vt 1 1
vt 0 1
vt 0 0
vt 1 0
vt 1 1
vt 0 1
vt 0 0
vt 1 0
vt 1 1
vt 0 1
vt 0 0
vt 1 0
vt 1 1
vt 0 1
vt 0 0
vt 1 0
vt 1 1
vt 0 1
vt 0 0
vt 1 0
vt 1 1
vt 0 1
vt 0 0
vt 1 0
vt 1 1
vt 0 1
vt 0 0
vt 1 0
vt 1 1
vt 0 1
vt 0 0
vt 1 0
vt 1 1
vt 0 1
vt 0 0
vt 1 0
vt 1 1
vt 0 1
vt 0 0
vt 1 0
vt 1 1
vt 0 1
vt 0 0
vt 1 0
vt 1 1
vt 0 1
vt 0 0
vt 1 0
vt 1 1
vt 0 1
vt 0 0
vt 6 0
vt 6 6
vt 0 6
vt 0 0
vt 6 0
vt 6 6
vt 0 6
vt 0 0
vt 6 0
vt 6 7
vt 0 7
vt 0 0
vt 6 0
vt 6 7
vt 0 7
vt 0 0
vt 6 0
vt 6 7
vt 0 7
vt 0 0
vt 6 0
vt 6 7
vt 0 7
vt 0 0
vt 5 0
vt 5 5
vt 0 5
vt 0 0
vt 5 0
vt 5 5
vt 0 5
vt 0 0
vt 5 0
vt 5 6
vt 0 6
vt 0 0
vt 5 0
vt 5 6
vt 0 6
vt 0 0
vt 5 0
vt 5 6
vt 0 6
vt 0 0
vt 5 0
vt 5 6
vt 0 6
vt 0 0
vt 4 0
vt 4 4
vt 0 4
vt 0 0
vt 4 0
vt 4 4
vt 0 4
vt 0 0
vt 4 0
vt 4 5
vt 0 5
vt 0 0
vt 4 0
vt 4 5
vt 0 5
vt 0 0
vt 4 0
vt 4 5
vt 0 5
vt 0 0
vt 4 0
vt 4 5
vt 0 5
vt 0 0
vt 5 0
vt 5 6
vt 0 6
vt 0 0
vt 5 0
vt 5 6
vt 0 6
vt 0 0
vt 5 0
vt 5 6
vt 0 6
vt 0 0
vt 6 0
vt 6 6
vt 0 6
vt 0 0
vt 5 0
vt 5 6
vt 0 6
vt 0 0
vt 6 0
vt 6 6
vt 0 6
vt 0 0
vt 4 0
vt 4 5
vt 0 5
vt 0 0
vt 4 0
vt 4 5
vt 0 5
vt 0 0
vt 4 0
vt 4 5
vt 0 5
vt 0 0
vt 5 0
vt 5 5
vt 0 5
vt 0 0
vt 4 0
vt 4 5
vt 0 5
vt 0 0
vt 5 0
vt 5 5
vt 0 5
vt 0 0
vt 6 0
vt 6 5
vt 0 5
vt 0 0
vt 6 0
vt 6 5
vt 0 5
vt 0 0
vt 6 0
vt 6 4
vt 0 4
vt 0 0
vt 5 0
vt 5 4
vt 0 4
vt 0 0
vt 6 0
vt 6 4
vt 0 4
vt 0 0
vt 5 0
vt 5 4
vt 0 4
vt 0 0
vt 5 0
vt 5 4
vt 0 4
vt 0 0
vt 5 0
vt 5 4
vt 0 4
vt 0 0
vt 5 0
vt 5 4
vt 0 4
vt 0 0
vt 4 0
vt 4 4
vt 0 4
vt 0 0
vt 5 0
vt 5 4
vt 0 4
vt 0 0
vt 4 0
vt 4 4
vt 0 4
vt 0 0
vt 4 0
vt 4 4
vt 0 4
vt 0 0
vt 4 0
vt 4 4
vt 0 4
vt 0 0
vt 4 0
vt 4 3
vt 0 3
vt 0 0
vt 4 0
vt 4 3
vt 0 3
vt 0 0
vt 4 0
vt 4 3
vt 0 3
vt 0 0
vt 4 0
vt 4 3
vt 0 3
vt 0 0
vt 4 0
vt 4 3
vt 0 3
vt 0 0
vt 4 0
vt 4 3
vt 0 3
vt 0 0
vt 4 0
vt 4 4
vt 0 4
vt 0 0
vt 3 0
vt 3 4
vt 0 4
vt 0 0
vt 4 0
vt 4 4
vt 0 4
vt 0 0
vt 3 0
vt 3 4
vt 0 4
vt 0 0
vt 4 0
vt 4 5
vt 0 5
vt 0 0
vt 4 0
vt 4 5
vt 0 5
vt 0 0
vt 4 0
vt 4 4
vt 0 4
vt 0 0
vt 5 0
vt 5 4
vt 0 4
vt 0 0
vt 4 0
vt 4 4
vt 0 4
vt 0 0
vt 5 0
vt 5 4
vt 0 4
vt 0 0
vt 4 0
vt 4 4
vt 0 4
vt 0 0
vt 4 0
vt 4 4
vt 0 4
vt 0 0
vt 4 0
vt 4 4
vt 0 4
vt 0 0
vt 4 0
vt 4 4
vt 0 4
vt 0 0
vt 4 0
vt 4 4
vt 0 4
vt 0 0
vt 4 0
vt 4 4
vt 0 4
vt 0 0
vt 5 0
vt 5 5
vt 0 5
vt 0 0
vt 5 0
vt 5 5
vt 0 5
vt 0 0
vt 5 0
vt 5 4
vt 0 4
vt 0 0
vt 5 0
vt 5 4
vt 0 4
vt 0 0
vt 5 0
vt 5 4
vt 0 4
vt 0 0
vt 5 0
vt 5 4
vt 0 4
vt 0 0
vt 4 0
vt 4 4
vt 0 4
vt 0 0
vt 4 0
vt 4 4
vt 0 4
vt 0 0
vt 4 0
vt 4 5
vt 0 5
vt 0 0
vt 4 0
vt 4 5
vt 0 5
vt 0 0
vt 4 0
vt 4 5
vt 0 5
vt 0 0
vt 4 0
vt 4 5
vt 0 5
vt 0 0
vt 4 0
vt 4 4
vt 0 4
vt 0 0
vt 4 0
vt 4 4
vt 0 4
vt 0 0
vt 4 0
vt 4 3
vt 0 3
vt 0 0
vt 4 0
vt 4 3
vt 0 3
vt 0 0
vt 4 0
vt 4 3
vt 0 3
vt 0 0
vt 4 0
vt 4 3
vt 0 3
vt 0 0
vt 4 0
vt 4 4
vt 0 4
vt 0 0
vt 4 0
vt 4 4
vt 0 4
vt 0 0
vt 4 0
vt 4 5
vt 0 5
vt 0 0
vt 4 0
vt 4 5
vt 0 5
vt 0 0
vt 4 0
vt 4 5
vt 0 5
vt 0 0
vt 4 0
vt 4 5
vt 0 5
vt 0 0
vt 1 0
vt 1 1
vt 0 1
vt 0 0
vt 1 0
vt 1 1
vt 0 1
vt 0 0
vt 1 0
vt 1 2
vt 0 2
vt 0 0
vt 1 0
vt 1 2
vt 0 2
vt 0 0
vt 1 0
vt 1 2
vt 0 2
vt 0 0
vt 1 0
vt 1 2
vt 0 2
vt 0 0
vt 1 0
vt 1 1
vt 0 1
vt 0 0
vt 1 0
vt 1 1
vt 0 1
vt 0 0
vt 1 0
vt 1 2
vt 0 2
vt 0 0
vt 1 0
vt 1 2
vt 0 2
vt 0 0
vt 1 0
vt 1 2
vt 0 2
vt 0 0
vt 1 0
vt 1 2
vt 0 2
vt 0 0
vt 1 0
vt 1 1
vt 0 1
vt 0 0
vt 1 0
vt 1 1
vt 0 1
vt 0 0
vt 1 0
vt 1 2
vt 0 2
vt 0 0
vt 1 0
vt 1 2
vt 0 2
vt 0 0
vt 1 0
vt 1 2
vt 0 2
vt 0 0
vt 1 0
vt 1 2
vt 0 2
vt 0 0
vt 1 0
vt 1 1
vt 0 1
vt 0 0
vt 1 0
vt 1 1
vt 0 1
vt 0 0
vt 1 0
vt 1 2
vt 0 2
vt 0 0
vt 1 0
vt 1 2
vt 0 2
vt 0 0
vt 1 0
vt 1 2
vt 0 2
vt 0 0
vt 1 0
vt 1 2
vt 0 2
vt 0 0
vt 1 0
vt 1 1
vt 0 1
vt 0 0
vt 1 0
vt 1 1
vt 0 1
vt 0 0
vt 1 0
vt 1 2
vt 0 2
vt 0 0
vt 1 0
vt 1 2
vt 0 2
vt 0 0
vt 1 0
vt 1 2
vt 0 2
vt 0 0
vt 1 0
vt 1 2
vt 0 2
vt 0 0
vt 1 0
vt 1 1
vt 0 1
vt 0 0
vt 1 0
vt 1 1
vt 0 1
vt 0 0
vt 1 0
vt 1 2
vt 0 2
vt 0 0
vt 1 0
vt 1 2
vt 0 2
vt 0 0
vt 1 0
vt 1 2
vt 0 2
vt 0 0
vt 1 0
vt 1 2
vt 0 2
vt 0 0
vt 1 0
vt 1 1
vt 0 1
vt 0 0
vt 1 0
vt 1 1
vt 0 1
vt 0 0
vt 1 0
vt 1 2
vt 0 2
vt 0 0
vt 1 0
vt 1 2
vt 0 2
vt 0 0
vt 1 0
vt 1 2
vt 0 2
vt 0 0
vt 1 0
vt 1 2
vt 0 2
vt 0 0
vt 1 0
vt 1 1
vt 0 1
vt 0 0
vt 1 0
vt 1 1
vt 0 1
vt 0 0
vt 1 0
vt 1 2
vt 0 2
vt 0 0
vt 1 0
vt 1 2
vt 0 2
vt 0 0
vt 1 0
vt 1 2
vt 0 2
vt 0 0
vt 1 0
vt 1 2
vt 0 2
vt 0 0
vt 1 0
vt 1 1
vt 0 1
vt 0 0
vt 1 0
vt 1 1
vt 0 1
vt 0 0
vt 1 0
vt 1 2
vt 0 2
vt 0 0
vt 1 0
vt 1 2
vt 0 2
vt 0 0
vt 1 0
vt 1 2
vt 0 2
vt 0 0
vt 1 0
vt 1 2
vt 0 2
vt 0 0
vt 1 0
vt 1 1
vt 0 1
vt 0 0
vt 1 0
vt 1 1
vt 0 1
vt 0 0
vt 1 0
vt 1 2
vt 0 2
vt 0 0
vt 1 0
vt 1 2
vt 0 2
vt 0 0
vt 1 0
vt 1 2
vt 0 2
vt 0 0
vt 1 0
vt 1 2
vt 0 2
vt 0 0
vt 1 0
vt 1 1
vt 0 1
vt 0 0
vt 1 0
vt 1 1
vt 0 1
vt 0 0
vt 1 0
vt 1 2
vt 0 2
vt 0 0
vt 1 0
vt 1 2
vt 0 2
vt 0 0
vt 1 0
vt 1 2
vt 0 2
vt 0 0
vt 1 0
vt 1 2
vt 0 2
vt 0 0
vt 1 0
vt 1 1
vt 0 1
vt 0 0
vt 1 0
vt 1 1
vt 0 1
vt 0 0
vt 1 0
vt 1 2
vt 0 2
vt 0 0
vt 1 0
vt 1 2
vt 0 2
vt 0 0
vt 1 0
vt 1 2
vt 0 2
vt 0 0
vt 1 0
vt 1 2
vt 0 2
vt 0 0
vt 1 0
vt 1 1
vt 0 1
vt 0 0
vt 1 0
vt 1 1
vt 0 1
vt 0 0
vt 1 0
vt 1 6
vt 0 6
vt 0 0
vt 1 0
vt 1 6
vt 0 6
vt 0 0
vt 1 0
vt 1 6
vt 0 6
vt 0 0
vt 1 0
vt 1 6
vt 0 6
vt 0 0
vt 4 0
vt 4 2
vt 0 2
vt 0 0
vt 4 0
vt 4 2
vt 0 2
vt 0 0
vt 4 0
vt 4 1
vt 0 1
vt 0 0
vt 2 0
vt 2 1
vt 0 1
vt 0 0
vt 4 0
vt 4 1
vt 0 1
vt 0 0
vt 2 0
vt 2 1
vt 0 1
vt 0 0
vt 1 0
vt 1 1
vt 0 1
vt 0 0
vt 1 0
vt 1 1
vt 0 1
vt 0 0
vt 1 0
vt 1 8
vt 0 8
vt 0 0
vt 1 0
vt 1 8
vt 0 8
vt 0 0
vt 1 0
vt 1 8
vt 0 8
vt 0 0
vt 1 0
vt 1 8
vt 0 8
vt 0 0
vt 5 0
vt 5 3
vt 0 3
vt 0 0
vt 5 0
vt 5 3
vt 0 3
vt 0 0
vt 5 0
vt 5 1
vt 0 1
vt 0 0
vt 3 0
vt 3 1
vt 0 1
vt 0 0
vt 5 0
vt 5 1
vt 0 1
vt 0 0
vt 3 0
vt 3 1
vt 0 1
vt 0 0
vt 1 0
vt 1 1
vt 0 1
vt 0 0
vt 1 0
vt 1 1
vt 0 1
vt 0 0
vt 1 0
vt 1 6
vt 0 6
vt 0 0
vt 1 0
vt 1 6
vt 0 6
vt 0 0
vt 1 0
vt 1 6
vt 0 6
vt 0 0
vt 1 0
vt 1 6
vt 0 6
vt 0 0
vt 4 0
vt 4 2
vt 0 2
vt 0 0
vt 4 0
vt 4 2
vt 0 2
vt 0 0
vt 4 0
vt 4 1
vt 0 1
vt 0 0
vt 2 0
vt 2 1
vt 0 1
vt 0 0
vt 4 0
vt 4 1
vt 0 1
vt 0 0
vt 2 0
vt 2 1
vt 0 1
vt 0 0
vt 1 0
vt 1 1
vt 0 1
vt 0 0
vt 1 0
vt 1 1
vt 0 1
vt 0 0
vt 1 0
vt 1 6
vt 0 6
vt 0 0
vt 1 0
vt 1 6
vt 0 6
vt 0 0
vt 1 0
vt 1 6
vt 0 6
vt 0 0
vt 1 0
vt 1 6
vt 0 6
vt 0 0
vt 1 0
vt 1 2
vt 0 2
vt 0 0
vt 1 0
vt 1 2
vt 0 2
vt 0 0
vt 1 0
vt 1 4
vt 0 4
vt 0 0
vt 2 0
vt 2 4
vt 0 4
vt 0 0
vt 1 0
vt 1 4
vt 0 4
vt 0 0
vt 2 0
vt 2 4
vt 0 4
vt 0 0
vt 1 0
vt 1 1
vt 0 1
vt 0 0
vt 1 0
vt 1 1
vt 0 1
vt 0 0
vt 1 0
vt 1 6
vt 0 6
vt 0 0
vt 1 0
vt 1 6
vt 0 6
vt 0 0
vt 1 0
vt 1 6
vt 0 6
vt 0 0
vt 1 0
vt 1 6
vt 0 6
vt 0 0
vt 1 0
vt 1 2
vt 0 2
vt 0 0
vt 1 0
vt 1 2
vt 0 2
vt 0 0
vt 1 0
vt 1 4
vt 0 4
vt 0 0
vt 2 0
vt 2 4
vt 0 4
vt 0 0
vt 1 0
vt 1 4
vt 0 4
vt 0 0
vt 2 0
vt 2 4
vt 0 4
vt 0 0
vt 1 0
vt 1 1
vt 0 1
vt 0 0
vt 1 0
vt 1 1
vt 0 1
vt 0 0
vt 1 0
vt 1 5
vt 0 5
vt 0 0
vt 1 0
vt 1 5
vt 0 5
vt 0 0
vt 1 0
vt 1 5
vt 0 5
vt 0 0
vt 1 0
vt 1 5
vt 0 5
vt 0 0
vt 3 0
vt 3 2
vt 0 2
vt 0 0
vt 3 0
vt 3 2
vt 0 2
vt 0 0
vt 3 0
vt 3 1
vt 0 1
vt 0 0
vt 2 0
vt 2 1
vt 0 1
vt 0 0
vt 3 0
vt 3 1
vt 0 1
vt 0 0
vt 2 0
vt 2 1
vt 0 1
vt 0 0
vt 1 0
vt 1 1
vt 0 1
vt 0 0
vt 1 0
vt 1 1
vt 0 1
vt 0 0
vt 1 0
vt 1 11
vt 0 11
vt 0 0
vt 1 0
vt 1 11
vt 0 11
vt 0 0
vt 1 0
vt 1 11
vt 0 11
vt 0 0
vt 1 0
vt 1 11
vt 0 11
vt 0 0
vt 3 0
vt 3 2
vt 0 2
vt 0 0
vt 3 0
vt 3 2
vt 0 2
vt 0 0
vt 3 0
vt 3 1
vt 0 1
vt 0 0
vt 2 0
vt 2 1
vt 0 1
vt 0 0
vt 3 0
vt 3 1
vt 0 1
vt 0 0
vt 2 0
vt 2 1
vt 0 1
vt 0 0
vt 1 0
vt 1 1
vt 0 1
vt 0 0
vt 1 0
vt 1 1
vt 0 1
vt 0 0
vt 1 0
vt 1 10
vt 0 10
vt 0 0
vt 1 0
vt 1 10
vt 0 10
vt 0 0
vt 1 0
vt 1 10
vt 0 10
vt 0 0
vt 1 0
vt 1 10
vt 0 10
vt 0 0
vt 3 0
vt 3 2
vt 0 2
vt 0 0
vt 3 0
vt 3 2
vt 0 2
vt 0 0
vt 3 0
vt 3 1
vt 0 1
vt 0 0
vt 2 0
vt 2 1
vt 0 1
vt 0 0
vt 3 0
vt 3 1
vt 0 1
vt 0 0
vt 2 0
vt 2 1
vt 0 1
vt 0 0
vt 1 0
vt 1 1
vt 0 1
vt 0 0
vt 1 0
vt 1 1
vt 0 1
vt 0 0
vt 1 0
vt 1 1
vt 0 1
vt 0 0
vt 1 0
vt 1 1
vt 0 1
vt 0 0
vt 1 0
vt 1 1
vt 0 1
vt 0 0
vt 1 0
vt 1 1
vt 0 1
vt 0 0
vt 1 0
vt 1 1
vt 0 1
vt 0 0
vt 1 0
vt 1 1
vt 0 1
vt 0 0
vt 1 0
vt 1 6
vt 0 6
vt 0 0
vt 1 0
vt 1 6
vt 0 6
vt 0 0
vt 1 0
vt 1 6
vt 0 6
vt 0 0
vt 1 0
vt 1 6
vt 0 6
vt 0 0
vt 1 0
vt 1 1
vt 0 1
vt 0 0
vt 1 0
vt 1 1
vt 0 1
vt 0 0
vt 1 0
vt 1 6
vt 0 6
vt 0 0
vt 1 0
vt 1 6
vt 0 6
vt 0 0
vt 1 0
vt 1 6
vt 0 6
vt 0 0
vt 1 0
vt 1 6
vt 0 6
vt 0 0
vt 1 0
vt 1 1
vt 0 1
vt 0 0
vt 1 0
vt 1 1
vt 0 1
vt 0 0
vt 1 0
vt 1 1
vt 0 1
vt 0 0
vt 1 0
vt 1 1
vt 0 1
vt 0 0
vt 1 0
vt 1 1
vt 0 1
vt 0 0
vt 1 0
vt 1 1
vt 0 1
vt 0 0
vt 1 0
vt 1 1
vt 0 1
vt 0 0
vt 1 0
vt 1 1
vt 0 1
vt 0 0
vt 1 0
vt 1 1
vt 0 1
vt 0 0
vt 1 0
vt 1 1
vt 0 1
vt 0 0
vt 1 0
vt 1 1
vt 0 1
vt 0 0
vt 1 0
vt 1 1
vt 0 1
vt 0 0
vt 1 0
vt 1 1
vt 0 1
vt 0 0
vt 1 0
vt 1 1
vt 0 1
vt 0 0
vt 1 0
vt 1 1
vt 0 1
vt 0 0
vt 1 0
vt 1 1
vt 0 1
vt 0 0
vt 1 0
vt 1 1
vt 0 1
vt 0 0
vt 1 0
vt 1 1
vt 0 1
vt 0 0
vt 1 0
vt 1 1
vt 0 1
vt 0 0
vt 1 0
vt 1 1
vt 0 1
vt 0 0
vt 1 0
vt 1 1
vt 0 1
vt 0 0
vt 1 0
vt 1 1
vt 0 1
vt 0 0
vt 1 0
vt 1 1
vt 0 1
vt 0 0
vt 1 0
vt 1 1
vt 0 1
vt 0 0
vt 1 0
vt 1 1
vt 0 1
vt 0 0
vt 1 0
vt 1 1
vt 0 1
vt 0 0
vt 1 0
vt 1 1
vt 0 1
vt 0 0
vt 1 0
vt 1 1
vt 0 1
vt 0 0
vt 1 0
vt 1 1
vt 0 1
vt 0 0
vt 1 0
vt 1 1
vt 0 1
vt 0 0
vt 1 0
vt 1 1
vt 0 1
vt 0 0
vt 1 0
vt 1 1
vt 0 1
vt 0 0
vt 1 0
vt 1 1
vt 0 1
vt 0 0
vt 1 0
vt 1 1
vt 0 1
vt 0 0
vt 1 0
vt 1 1
vt 0 1
vt 0 0
vt 1 0
vt 1 1
vt 0 1
vt 0 0
vt 1 0
vt 1 1
vt 0 1
vt 0 0
vt 1 0
vt 1 1
vt 0 1
vt 0 0
vt 1 0
vt 1 1
vt 0 1
vt 0 0
vt 1 0
vt 1 1
vt 0 1
vt 0 0
vt 1 0
vt 1 1
vt 0 1
vt 0 0
vt 1 0
vt 1 1
vt 0 1
vt 0 0
vt 1 0
vt 1 1
vt 0 1
vt 0 0
vt 1 0
vt 1 1
vt 0 1
vt 0 0
vt 1 0
vt 1 1
vt 0 1
vt 0 0
vt 1 0
vt 1 1
vt 0 1
vt 0 0
vt 1 0
vt 1 1
vt 0 1
vt 0 0
vt 1 0
vt 1 1
vt 0 1
vt 0 0
vt 1 0
vt 1 1
vt 0 1
vt 0 0
vt 1 0
vt 1 1
vt 0 1
vt 0 0
vt 1 0
vt 1 1
vt 0 1
vt 0 0
vt 1 0
vt 1 1
vt 0 1
vt 0 0
vt 1 0
vt 1 1
vt 0 1
vt 0 0
vt 1 0
vt 1 1
vt 0 1
vt 0 0
vt 1 0
vt 1 1
vt 0 1
vt 0 0
vt 1 0
vt 1 1
vt 0 1
vt 0 0
vt 1 0
vt 1 1
vt 0 1
vt 0 0
vt 1 0
vt 1 1
vt 0 1
vt 0 0
vt 1 0
vt 1 1
vt 0 1
vt 0 0
vt 1 0
vt 1 1
vt 0 1
vt 0 0
vt 1 0
vt 1 1
vt 0 1
vt 0 0
vt 1 0
vt 1 1
vt 0 1
vt 0 0
vt 1 0
vt 1 1
vt 0 1
vt 0 0
vt 1 0
vt 1 1
vt 0 1
vt 0 0
vt 1 0
vt 1 1
vt 0 1
vt 0 0
vt 1 0
vt 1 1
vt 0 1
vt 0 0
vt 1 0
vt 1 1
vt 0 1
vt 0 0
vt 1 0
vt 1 1
vt 0 1
vt 0 0
vt 1 0
vt 1 1
vt 0 1
vt 0 0
vt 1 0
vt 1 1
vt 0 1
vt 0 0
vt 1 0
vt 1 1
vt 0 1
vt 0 0
vt 1 0
vt 1 1
vt 0 1
vt 0 0
vt 1 0
vt 1 1
vt 0 1
vt 0 0
vt 1 0
vt 1 1
vt 0 1
vt 0 0
vt 1 0
vt 1 1
vt 0 1
vt 0 0
vt 1 0
vt 1 1
vt 0 1
vt 0 0
vt 1 0
vt 1 1
vt 0 1
vt 0 0
vt 1 0
vt 1 1
vt 0 1
vt 0 0
vt 1 0
vt 1 1
vt 0 1
vt 0 0
vt 1 0
vt 1 1
vt 0 1
vt 0 0
vt 1 0
vt 1 1
vt 0 1
vt 0 0
vt 1 0
vt 1 1
vt 0 1
vt 0 0
vt 1 0
vt 1 1
vt 0 1
vt 0 0
vt 1 0
vt 1 1
vt 0 1
vt 0 0
vt 1 0
vt 1 1
vt 0 1
vt 0 0
vt 1 0
vt 1 1
vt 0 1
vt 0 0
vt 1 0
vt 1 1
vt 0 1
vt 0 0
vt 1 0
vt 1 1
vt 0 1
vt 0 0
vt 1 0
vt 1 1
vt 0 1
vt 0 0
vt 1 0
vt 1 1
vt 0 1
vt 0 0
vt 1 0
vt 1 1
vt 0 1
vt 0 0
vt 1 0
vt 1 1
vt 0 1
vt 0 0
vt 1 0
vt 1 1
vt 0 1
vt 0 0
vt 1 0
vt 1 1
vt 0 1
vt 0 0
vt 1 0
vt 1 1
vt 0 1
vt 0 0
vt 1 0
vt 1 1
vt 0 1
vt 0 0
vt 1 0
vt 1 1
vt 0 1
vt 0 0
vt 1 0
vt 1 1
vt 0 1
vt 0 0
vt 1 0
vt 1 1
vt 0 1
vt 0 0
vt 1 0
vt 1 1
vt 0 1
vt 0 0
vt 1 0
vt 1 1
vt 0 1
vt 0 0
vt 1 0
vt 1 1
vt 0 1
vt 0 0
vt 1 0
vt 1 1
vt 0 1
vt 0 0
vt 1 0
vt 1 1
vt 0 1
vt 0 0
vt 1 0
vt 1 1
vt 0 1
vt 0 0
vt 1 0
vt 1 1
vt 0 1
vt 0 0
vt 1 0
vt 1 1
vt 0 1
vt 0 0
vt 1 0
vt 1 1
vt 0 1
vt 0 0
vt 1 0
vt 1 1
vt 0 1
vt 0 0
vt 1 0
vt 1 1
vt 0 1
vt 0 0
vt 1 0
vt 1 1
vt 0 1
vt 0 0
vt 1 0
vt 1 1
vt 0 1
vt 0 0
vt 1 0
vt 1 1
vt 0 1
vt 0 0
vt 1 0
vt 1 1
vt 0 1
vt 0 0
vt 1 0
vt 1 1
vt 0 1
vt 0 0
vt 1 0
vt 1 1
vt 0 1
vt 0 0
vt 1 0
vt 1 1
vt 0 1
vt 0 0
vt 1 0
vt 1 1
vt 0 1
vt 0 0
vt 1 0
vt 1 1
vt 0 1
vt 0 0
vt 1 0
vt 1 1
vt 0 1
vt 0 0
vt 1 0
vt 1 1
vt 0 1
vt 0 0
vt 1 0
vt 1 1
vt 0 1
vt 0 0
vt 1 0
vt 1 1
vt 0 1
vt 0 0
vt 1 0
vt 1 1
vt 0 1
vt 0 0
vt 1 0
vt 1 1
vt 0 1
vt 0 0
vt 1 0
vt 1 1
vt 0 1
vt 0 0
vt 1 0
vt 1 1
vt 0 1
vt 0 0
vt 1 0
vt 1 1
vt 0 1
vt 0 0
vt 1 0
vt 1 1
vt 0 1
vt 0 0
vt 1 0
vt 1 1
vt 0 1
vt 0 0
vt 1 0
vt 1 1
vt 0 1
vt 0 0
vt 1 0
vt 1 1
vt 0 1
vt 0 0
vt 1 0
vt 1 1
vt 0 1
vt 0 0
vt 1 0
vt 1 1
vt 0 1
vt 0 0
vt 1 0
vt 1 1
vt 0 1
vt 0 0
vt 1 0
vt 1 1
vt 0 1
vt 0 0
vt 1 0
vt 1 1
vt 0 1
vt 0 0
vt 1 0
vt 1 1
vt 0 1
vt 0 0
vt 1 0
vt 1 1
vt 0 1
vt 0 0
vt 1 0
vt 1 1
vt 0 1
vt 0 0
vt 1 0
vt 1 1
vt 0 1
vt 0 0
vt 1 0
vt 1 1
vt 0 1
vt 0 0
vt 1 0
vt 1 1
vt 0 1
vt 0 0
vt 1 0
vt 1 1
vt 0 1
vt 0 0
vt 1 0
vt 1 1
vt 0 1
vt 0 0
vt 1 0
vt 1 1
vt 0 1
vt 0 0
vt 1 0
vt 1 1
vt 0 1
vt 0 0
vt 1 0
vt 1 1
vt 0 1
vt 0 0
vt 1 0
vt 1 1
vt 0 1
vt 0 0
vt 1 0
vt 1 1
vt 0 1
vt 0 0
vt 1 0
vt 1 1
vt 0 1
vt 0 0
vt 1 0
vt 1 1
vt 0 1
vt 0 0
vt 1 0
vt 1 1
vt 0 1
vt 0 0
vt 1 0
vt 1 1
vt 0 1
vt 0 0
vt 1 0
vt 1 1
vt 0 1
vt 0 0
vt 1 0
vt 1 1
vt 0 1
vt 0 0
vt 1 0
vt 1 1
vt 0 1
vt 0 0
vt 1 0
vt 1 1
vt 0 1
vt 0 0
vt 1 0
vt 1 1
vt 0 1
vt 0 0
vt 1 0
vt 1 1
vt 0 1
vt 0 0
vt 1 0
vt 1 1
vt 0 1
vt 0 0
vt 1 0
vt 1 1
vt 0 1
vt 0 0
vt 1 0
vt 1 1
vt 0 1
vt 0 0
vt 1 0
vt 1 1
vt 0 1
vt 0 0
vt 1 0
vt 1 1
vt 0 1
vt 0 0
vt 1 0
vt 1 1
vt 0 1
vt 0 0
vt 1 0
vt 1 1
vt 0 1
vt 0 0
vt 1 0
vt 1 1
vt 0 1
vt 0 0
vt 1 0
vt 1 1
vt 0 1
vt 0 0
vt 1 0
vt 1 1
vt 0 1
vt 0 0
vt 1 0
vt 1 1
vt 0 1
vt 0 0
vt 1 0
vt 1 1
vt 0 1
vt 0 0
vt 1 0
vt 1 1
vt 0 1
vt 0 0
vt 1 0
vt 1 1
vt 0 1
vt 0 0
vt 1 0
vt 1 1
vt 0 1
vt 0 0
vt 1 0
vt 1 1
vt 0 1
vt 0 0
vt 1 0
vt 1 1
vt 0 1
vt 0 0
vt 1 0
vt 1 1
vt 0 1
vt 0 0
vt 1 0
vt 1 1
vt 0 1
vt 0 0
vt 1 0
vt 1 1
vt 0 1
vt 0 0
vt 1 0
vt 1 1
vt 0 1
vt 0 0
vt 1 0
vt 1 1
vt 0 1
vt 0 0
vt 1 0
vt 1 1
vt 0 1
vt 0 0
vt 1 0
vt 1 1
vt 0 1
vt 0 0
vt 1 0
vt 1 1
vt 0 1
vt 0 0
vt 1 0
vt 1 1
vt 0 1
vt 0 0
vt 1 0
vt 1 1
vt 0 1
vt 0 0
vt 1 0
vt 1 1
vt 0 1
vt 0 0
vt 1 0
vt 1 1
vt 0 1
vt 0 0
vt 1 0
vt 1 1
vt 0 1
vt 0 0
vt 1 0
vt 1 1
vt 0 1
vt 0 0
vt 1 0
vt 1 1
vt 0 1
vt 0 0
vt 1 0
vt 1 1
vt 0 1
vt 0 0
vt 1 0
vt 1 1
vt 0 1
vt 0 0
vt 1 0
vt 1 1
vt 0 1
vt 0 0
vt 1 0
vt 1 1
vt 0 1
vt 0 0
vt 1 0
vt 1 1
vt 0 1
vt 0 0
vt 1 0
vt 1 1
vt 0 1
vt 0 0
vt 1 0
vt 1 1
vt 0 1
vt 0 0
vt 1 0
vt 1 1
vt 0 1
vt 0 0
vt 1 0
vt 1 1
vt 0 1
vt 0 0
vt 1 0
vt 1 1
vt 0 1
vt 0 0
vt 1 0
vt 1 1
vt 0 1
vt 0 0
vt 1 0
vt 1 1
vt 0 1
vt 0 0
vt 1 0
vt 1 1
vt 0 1
vt 0 0
vt 1 0
vt 1 1
vt 0 1
vt 0 0
vt 1 0
vt 1 1
vt 0 1
vt 0 0
vt 1 0
vt 1 1
vt 0 1
vt 0 0
vt 1 0
vt 1 1
vt 0 1
vt 0 0
vt 1 0
vt 1 1
vt 0 1
vt 0 0
vt 1 0
vt 1 1
vt 0 1
vt 0 0
vt 1 0
vt 1 1
vt 0 1
vt 0 0
vt 1 0
vt 1 1
vt 0 1
vt 0 0
vt 1 0
vt 1 1
vt 0 1
vt 0 0
vt 1 0
vt 1 1
vt 0 1
vt 0 0
vt 1 0
vt 1 1
vt 0 1
vt 0 0
vt 1 0
vt 1 1
vt 0 1
vt 0 0
vt 1 0
vt 1 1
vt 0 1
vt 0 0
vt 1 0
vt 1 1
vt 0 1
vt 0 0
vt 1 0
vt 1 1
vt 0 1
vt 0 0
vt 1 0
vt 1 1
vt 0 1
vt 0 0
vt 1 0
vt 1 1
vt 0 1
vt 0 0
vt 1 0
vt 1 1
vt 0 1
vt 0 0
vt 1 0
vt 1 1
vt 0 1
vt 0 0
vt 1 0
vt 1 1
vt 0 1
vt 0 0
vt 1 0
vt 1 1
vt 0 1
vt 0 0
vt 1 0
vt 1 1
vt 0 1
vt 0 0
vt 1 0
vt 1 1
vt 0 1
vt 0 0
vt 1 0
vt 1 1
vt 0 1
vt 0 0
vt 1 0
vt 1 1
vt 0 1
vt 0 0
vt 1 0
vt 1 1
vt 0 1
vt 0 0
vt 1 0
vt 1 1
vt 0 1
vt 0 0
vt 1 0
vt 1 1
vt 0 1
vt 0 0
vt 1 0
vt 1 1
vt 0 1
vt 0 0
vt 1 0
vt 1 1
vt 0 1
vt 0 0
vt 1 0
vt 1 1
vt 0 1
vt 0 0
vt 1 0
vt 1 1
vt 0 1
vt 0 0
vt 1 0
vt 1 1
vt 0 1
vt 0 0
vt 1 0
vt 1 1
vt 0 1
vt 0 0
vt 1 0
vt 1 1
vt 0 1
vt 0 0
vt 1 0
vt 1 1
vt 0 1
vt 0 0
vt 1 0
vt 1 1
vt 0 1
vt 0 0
vt 1 0
vt 1 1
vt 0 1
vt 0 0
vt 1 0
vt 1 1
vt 0 1
vt 0 0
vt 1 0
vt 1 1
vt 0 1
vt 0 0
vt 1 0
vt 1 1
vt 0 1
vt 0 0
vt 1 0
vt 1 1
vt 0 1
vt 0 0
vt 1 0
vt 1 1
vt 0 1
vt 0 0
vt 1 0
vt 1 1
vt 0 1
vt 0 0
vt 1 0
vt 1 1
vt 0 1
vt 0 0
vt 1 0
vt 1 1
vt 0 1
vt 0 0
vt 1 0
vt 1 1
vt 0 1
vt 0 0
vt 1 0
vt 1 1
vt 0 1
vt 0 0
vt 1 0
vt 1 1
vt 0 1
vt 0 0
vt 1 0
vt 1 1
vt 0 1
vt 0 0
vt 1 0
vt 1 1
vt 0 1
vt 0 0
vt 1 0
vt 1 1
vt 0 1
vt 0 0
vt 1 0
vt 1 1
vt 0 1
vt 0 0
vt 1 0
vt 1 1
vt 0 1
vt 0 0
vt 1 0
vt 1 1
vt 0 1
vt 0 0
vt 1 0
vt 1 1
vt 0 1
vt 0 0
vt 1 0
vt 1 1
vt 0 1
vt 0 0
vt 1 0
vt 1 1
vt 0 1
vt 0 0
vt 1 0
vt 1 1
vt 0 1
vt 0 0
vt 1 0
vt 1 1
vt 0 1
vt 0 0
vt 1 0
vt 1 1
vt 0 1
vt 0 0
vt 1 0
vt 1 1
vt 0 1
vt 0 0
vt 1 0
vt 1 1
vt 0 1
vt 0 0
vt 1 0
vt 1 1
vt 0 1
vt 0 0
vt 1 0
vt 1 1
vt 0 1
vt 0 0
vt 1 0
vt 1 1
vt 0 1
vt 0 0
vt 1 0
vt 1 1
vt 0 1
vt 0 0
vt 1 0
vt 1 1
vt 0 1
vt 0 0
vt 1 0
vt 1 1
vt 0 1
vt 0 0
vt 1 0
vt 1 1
vt 0 1
vt 0 0
vt 1 0
vt 1 1
vt 0 1
vt 0 0
vt 1 0
vt 1 1
vt 0 1
vt 0 0
vt 1 0
vt 1 1
vt 0 1
vt 0 0
vt 1 0
vt 1 1
vt 0 1
vt 0 0
vt 1 0
vt 1 1
vt 0 1
vt 0 0
vt 1 0
vt 1 1
vt 0 1
vt 0 0
vt 1 0
vt 1 1
vt 0 1
vt 0 0
vt 1 0
vt 1 1
vt 0 1
vt 0 0
vt 1 0
vt 1 1
vt 0 1
vt 0 0
vt 1 0
vt 1 1
vt 0 1
vt 0 0
vt 1 0
vt 1 1
vt 0 1
vt 0 0
vt 1 0
vt 1 1
vt 0 1
vt 0 0
vt 1 0
vt 1 1
vt 0 1
vt 0 0
vt 1 0
vt 1 1
vt 0 1
vt 0 0
vt 1 0
vt 1 1
vt 0 1
vt 0 0
vt 1 0
vt 1 1
vt 0 1
vt 0 0
vt 1 0
vt 1 1
vt 0 1
vt 0 0
vt 1 0
vt 1 1
vt 0 1
vt 0 0
vt 1 0
vt 1 1
vt 0 1
vt 0 0
vt 1 0
vt 1 1
vt 0 1
vt 0 0
vt 1 0
vt 1 1
vt 0 1
vt 0 0
vt 1 0
vt 1 1
vt 0 1
vt 0 0
vt 1 0
vt 1 1
vt 0 1
vt 0 0
vt 1 0
vt 1 1
vt 0 1
vt 0 0
vt 1 0
vt 1 1
vt 0 1
vt 0 0
vt 1 0
vt 1 1
vt 0 1
vt 0 0
vt 1 0
vt 1 1
vt 0 1
vt 0 0
vt 1 0
vt 1 1
vt 0 1
vt 0 0
vt 1 0
vt 1 1
vt 0 1
vt 0 0
vt 1 0
vt 1 1
vt 0 1
vt 0 0
vt 1 0
vt 1 1
vt 0 1
vt 0 0
vt 1 0
vt 1 1
vt 0 1
vt 0 0
vt 1 0
vt 1 1
vt 0 1
vt 0 0
vt 1 0
vt 1 1
vt 0 1
vt 0 0
vt 1 0
vt 1 1
vt 0 1
vt 0 0
vt 1 0
vt 1 1
vt 0 1
vt 0 0
vt 1 0
vt 1 1
vt 0 1
vt 0 0
vt 1 0
vt 1 1
vt 0 1
vt 0 0
vt 1 0
vt 1 1
vt 0 1
vt 0 0
vt 1 0
vt 1 1
vt 0 1
vt 0 0
vt 1 0
vt 1 1
vt 0 1
vt 0 0
vt 1 0
vt 1 1
vt 0 1
vt 0 0
vt 1 0
vt 1 1
vt 0 1
vt 0 0
vt 1 0
vt 1 1
vt 0 1
vt 0 0
vt 1 0
vt 1 1
vt 0 1
vt 0 0
vt 1 0
vt 1 1
vt 0 1
vt 0 0
vt 1 0
vt 1 1
vt 0 1
vt 0 0
vt 1 0
vt 1 1
vt 0 1
vt 0 0
vt 1 0
vt 1 1
vt 0 1
vt 0 0
vt 1 0
vt 1 1
vt 0 1
vt 0 0
vt 1 0
vt 1 1
vt 0 1
vt 0 0
vt 1 0
vt 1 1
vt 0 1
vt 0 0
vt 1 0
vt 1 1
vt 0 1
vt 0 0
vt 1 0
vt 1 1
vt 0 1
vt 0 0
vt 1 0
vt 1 1
vt 0 1
vt 0 0
vt 1 0
vt 1 1
vt 0 1
vt 0 0
vt 1 0
vt 1 1
vt 0 1
vt 0 0
vt 1 0
vt 1 1
vt 0 1
vt 0 0
vt 1 0
vt 1 1
vt 0 1
vt 0 0
vt 1 0
vt 1 1
vt 0 1
vt 0 0
vt 1 0
vt 1 1
vt 0 1
vt 0 0
vt 1 0
vt 1 1
vt 0 1
vt 0 0
vt 1 0
vt 1 1
vt 0 1
vt 0 0
vt 1 0
vt 1 1
vt 0 1
vt 0 0
vt 1 0
vt 1 1
vt 0 1
vt 0 0
vt 1 0
vt 1 1
vt 0 1
vt 0 0
vt 1 0
vt 1 1
vt 0 1
vt 0 0
vt 1 0
vt 1 1
vt 0 1
vt 0 0
vt 1 0
vt 1 1
vt 0 1
vt 0 0
vt 1 0
vt 1 1
vt 0 1
vt 0 0
vt 1 0
vt 1 1
vt 0 1
vt 0 0
vt 1 0
vt 1 1
vt 0 1
vt 0 0
vt 1 0
vt 1 1
vt 0 1
vt 0 0
vt 1 0
vt 1 1
vt 0 1
vt 0 0
vt 1 0
vt 1 1
vt 0 1
vt 0 0
vt 1 0
vt 1 1
vt 0 1
vt 0 0
vt 1 0
vt 1 1
vt 0 1
vt 0 0
vt 1 0
vt 1 1
vt 0 1
vt 0 0
vt 1 0
vt 1 1
vt 0 1
vt 0 0
vt 1 0
vt 1 1
vt 0 1
vt 0 0
vt 1 0
vt 1 1
vt 0 1
vt 0 0
vt 1 0
vt 1 1
vt 0 1
vt 0 0
vt 1 0
vt 1 1
vt 0 1
vt 0 0
vt 1 0
vt 1 1
vt 0 1
vt 0 0
vt 1 0
vt 1 1
vt 0 1
vt 0 0
vt 1 0
vt 1 1
vt 0 1
vt 0 0
vt 1 0
vt 1 1
vt 0 1
vt 0 0
vt 1 0
vt 1 1
vt 0 1
vt 0 0
vt 1 0
vt 1 1
vt 0 1
vt 0 0
vt 1 0
vt 1 1
vt 0 1
vt 0 0
vt 1 0
vt 1 1
vt 0 1
vt 0 0
vt 1 0
vt 1 1
vt 0 1
vt 0 0
vt 1 0
vt 1 1
vt 0 1
vt 0 0
vt 1 0
vt 1 1
vt 0 1
vt 0 0
vt 1 0
vt 1 1
vt 0 1
vt 0 0
vt 1 0
vt 1 1
vt 0 1
vt 0 0
vt 1 0
vt 1 1
vt 0 1
vt 0 0
vt 1 0
vt 1 1
vt 0 1
vt 0 0
vt 1 0
vt 1 1
vt 0 1
vt 0 0
vt 1 0
vt 1 1
vt 0 1
vt 0 0
vt 1 0
vt 1 1
vt 0 1
vt 0 0
vt 1 0
vt 1 1
vt 0 1
vt 0 0
vt 1 0
vt 1 1
vt 0 1
vt 0 0
vt 1 0
vt 1 1
vt 0 1
vt 0 0
vt 1 0
vt 1 1
vt 0 1
vt 0 0
vt 1 0
vt 1 1
vt 0 1
vt 0 0
vt 1 0
vt 1 1
vt 0 1
vt 0 0
vt 1 0
vt 1 1
vt 0 1
vt 0 0
vt 1 0
vt 1 1
vt 0 1
vt 0 0
vt 1 0
vt 1 1
vt 0 1
vt 0 0
vt 1 0
vt 1 1
vt 0 1
vt 0 0
vt 1 0
vt 1 1
vt 0 1
vt 0 0
vt 1 0
vt 1 1
vt 0 1
vt 0 0
vt 1 0
vt 1 1
vt 0 1
vt 0 0
vt 1 0
vt 1 1
vt 0 1
vt 0 0
vt 1 0
vt 1 1
vt 0 1
vt 0 0
vt 1 0
vt 1 1
vt 0 1
vt 0 0
vt 1 0
vt 1 1
vt 0 1
vt 0 0
vt 1 0
vt 1 1
vt 0 1
vt 0 0
vt 1 0
vt 1 1
vt 0 1
vt 0 0
vt 1 0
vt 1 1
vt 0 1
vt 0 0
vt 1 0
vt 1 1
vt 0 1
vt 0 0
vt 1 0
vt 1 1
vt 0 1
vt 0 0
vt 1 0
vt 1 1
vt 0 1
vt 0 0
vt 1 0
vt 1 1
vt 0 1
vt 0 0
vt 1 0
vt 1 1
vt 0 1
vt 0 0
vt 1 0
vt 1 1
vt 0 1
vt 0 0
vt 1 0
vt 1 1
vt 0 1
vt 0 0
vt 1 0
vt 1 1
vt 0 1
vt 0 0
vt 1 0
vt 1 1
vt 0 1
vt 0 0
vt 1 0
vt 1 1
vt 0 1
vt 0 0
vt 1 0
vt 1 1
vt 0 1
vt 0 0
vt 1 0
vt 1 1
vt 0 1
vt 0 0
vt 1 0
vt 1 1
vt 0 1
vt 0 0
vt 1 0
vt 1 1
vt 0 1
vt 0 0
vt 1 0
vt 1 1
vt 0 1
vt 0 0
vt 1 0
vt 1 1
vt 0 1
vt 0 0
vt 1 0
vt 1 1
vt 0 1
vt 0 0
vt 1 0
vt 1 1
vt 0 1
vt 0 0
vt 1 0
vt 1 1
vt 0 1
vt 0 0
vt 1 0
vt 1 1
vt 0 1
vt 0 0
vt 1 0
vt 1 1
vt 0 1
vt 0 0
vt 1 0
vt 1 1
vt 0 1
vt 0 0
vt 1 0
vt 1 1
vt 0 1
vt 0 0
vt 1 0
vt 1 1
vt 0 1
vt 0 0
vt 1 0
vt 1 1
vt 0 1
vt 0 0
vt 1 0
vt 1 1
vt 0 1
vt 0 0
vt 1 0
vt 1 1
vt 0 1
vt 0 0
vt 1 0
vt 1 1
vt 0 1
vt 0 0
vt 1 0
vt 1 1
vt 0 1
vt 0 0
vt 1 0
vt 1 1
vt 0 1
vt 0 0
vt 1 0
vt 1 1
vt 0 1
vt 0 0
vt 1 0
vt 1 1
vt 0 1
vt 0 0
vt 1 0
vt 1 1
vt 0 1
vt 0 0
vt 1 0
vt 1 1
vt 0 1
vt 0 0
vt 1 0
vt 1 1
vt 0 1
vt 0 0
vt 1 0
vt 1 1
vt 0 1
vt 0 0
vt 1 0
vt 1 1
vt 0 1
vt 0 0
vt 1 0
vt 1 1
vt 0 1
vt 0 0
vt 1 0
vt 1 1
vt 0 1
vt 0 0
vt 1 0
vt 1 1
vt 0 1
vt 0 0
vt 1 0
vt 1 1
vt 0 1
vt 0 0
vt 1 0
vt 1 1
vt 0 1
vt 0 0
vt 1 0
vt 1 1
vt 0 1
vt 0 0
vt 1 0
vt 1 1
vt 0 1
vt 0 0
vt 1 0
vt 1 1
vt 0 1
vt 0 0
vt 1 0
vt 1 1
vt 0 1
vt 0 0
vt 1 0
vt 1 1
vt 0 1
vt 0 0
vt 1 0
vt 1 1
vt 0 1
vt 0 0
vt 1 0
vt 1 1
vt 0 1
vt 0 0
vt 1 0
vt 1 1
vt 0 1
vt 0 0
vt 1 0
vt 1 1
vt 0 1
vt 0 0
vt 1 0
vt 1 1
vt 0 1
vt 0 0
vt 1 0
vt 1 1
vt 0 1
vt 0 0
vt 1 0
vt 1 1
vt 0 1
vt 0 0
vt 1 0
vt 1 1
vt 0 1
vt 0 0
vt 1 0
vt 1 1
vt 0 1
vt 0 0
vt 1 0
vt 1 1
vt 0 1
vt 0 0
vt 1 0
vt 1 1
vt 0 1
vt 0 0
vt 1 0
vt 1 1
vt 0 1
vt 0 0
vt 1 0
vt 1 1
vt 0 1
vt 0 0
vt 1 0
vt 1 1
vt 0 1
vt 0 0
vt 1 0
vt 1 1
vt 0 1
vt 0 0
vt 1 0
vt 1 1
vt 0 1
vt 0 0
vt 1 0
vt 1 1
vt 0 1
vt 0 0
vt 1 0
vt 1 1
vt 0 1
vt 0 0
vt 1 0
vt 1 1
vt 0 1
vt 0 0
vt 1 0
vt 1 1
vt 0 1
vt 0 0
vt 1 0
vt 1 1
vt 0 1
vt 0 0
vt 1 0
vt 1 1
vt 0 1
vt 0 0
vt 1 0
vt 1 1
vt 0 1
vt 0 0
vt 1 0
vt 1 1
vt 0 1
vt 0 0
vt 1 0
vt 1 1
vt 0 1
vt 0 0
vt 1 0
vt 1 1
vt 0 1
vt 0 0
vt 1 0
vt 1 1
vt 0 1
vt 0 0
vt 1 0
vt 1 1
vt 0 1
vt 0 0
vt 1 0
vt 1 1
vt 0 1
vt 0 0
vt 1 0
vt 1 1
vt 0 1
vt 0 0
vt 1 0
vt 1 1
vt 0 1
vt 0 0
vt 1 0
vt 1 1
vt 0 1
vt 0 0
vt 1 0
vt 1 1
vt 0 1
vt 0 0
vt 1 0
vt 1 1
vt 0 1
vt 0 0
vt 1 0
vt 1 1
vt 0 1
vt 0 0
vt 1 0
vt 1 1
vt 0 1
vt 0 0
vt 1 0
vt 1 1
vt 0 1
vt 0 0
vt 1 0
vt 1 1
vt 0 1
vt 0 0
vt 1 0
vt 1 1
vt 0 1
vt 0 0
vt 1 0
vt 1 1
vt 0 1
vt 0 0
vt 1 0
vt 1 1
vt 0 1
vt 0 0
vt 1 0
vt 1 1
vt 0 1
vt 0 0
vt 1 0
vt 1 1
vt 0 1
vt 0 0
vt 1 0
vt 1 1
vt 0 1
vt 0 0
vt 1 0
vt 1 1
vt 0 1
vt 0 0
vt 1 0
vt 1 1
vt 0 1
vt 0 0
vt 1 0
vt 1 1
vt 0 1
vt 0 0
vt 1 0
vt 1 1
vt 0 1
vt 0 0
vt 1 0
vt 1 1
vt 0 1
vt 0 0
vt 1 0
vt 1 1
vt 0 1
vt 0 0
vt 1 0
vt 1 1
vt 0 1
vt 0 0
vt 1 0
vt 1 1
vt 0 1
vt 0 0
vt 1 0
vt 1 1
vt 0 1
vt 0 0
vt 1 0
vt 1 1
vt 0 1
vt 0 0
vt 1 0
vt 1 1
vt 0 1
vt 0 0
vt 1 0
vt 1 1
vt 0 1
vt 0 0
vt 1 0
vt 1 1
vt 0 1
vt 0 0
vt 1 0
vt 1 1
vt 0 1
vt 0 0
vt 1 0
vt 1 1
vt 0 1
vt 0 0
vt 1 0
vt 1 1
vt 0 1
vt 0 0
vt 1 0
vt 1 1
vt 0 1
vt 0 0
vt 1 0
vt 1 1
vt 0 1
vt 0 0
vt 1 0
vt 1 1
vt 0 1
vt 0 0
vt 1 0
vt 1 1
vt 0 1
vt 0 0
vt 1 0
vt 1 1
vt 0 1
vt 0 0
vt 1 0
vt 1 1
vt 0 1
vt 0 0
vt 1 0
vt 1 1
vt 0 1
vt 0 0
vt 6 0
vt 6 6
vt 0 6
vt 0 0
vt 6 0
vt 6 6
vt 0 6
vt 0 0
vt 6 0
vt 6 6
vt 0 6
vt 0 0
vt 6 0
vt 6 6
vt 0 6
vt 0 0
vt 6 0
vt 6 6
vt 0 6
vt 0 0
vt 6 0
vt 6 6
vt 0 6
vt 0 0
vt 5 0
vt 5 5
vt 0 5
vt 0 0
vt 5 0
vt 5 5
vt 0 5
vt 0 0
vt 5 0
vt 5 6
vt 0 6
vt 0 0
vt 5 0
vt 5 6
vt 0 6
vt 0 0
vt 5 0
vt 5 6
vt 0 6
vt 0 0
vt 5 0
vt 5 6
vt 0 6
vt 0 0
vt 4 0
vt 4 4
vt 0 4
vt 0 0
vt 4 0
vt 4 4
vt 0 4
vt 0 0
vt 4 0
vt 4 4
vt 0 4
vt 0 0
vt 4 0
vt 4 4
vt 0 4
vt 0 0
vt 4 0
vt 4 4
vt 0 4
vt 0 0
vt 4 0
vt 4 4
vt 0 4
vt 0 0
vt 4 0
vt 4 4
vt 0 4
vt 0 0
vt 4 0
vt 4 4
vt 0 4
vt 0 0
vt 4 0
vt 4 4
vt 0 4
vt 0 0
vt 4 0
vt 4 4
vt 0 4
vt 0 0
vt 4 0
vt 4 4
vt 0 4
vt 0 0
vt 4 0
vt 4 4
vt 0 4
vt 0 0
vt 4 0
vt 4 4
vt 0 4
vt 0 0
vt 4 0
vt 4 4
vt 0 4
vt 0 0
vt 4 0
vt 4 4
vt 0 4
vt 0 0
vt 4 0
vt 4 4
vt 0 4
vt 0 0
vt 4 0
vt 4 4
vt 0 4
vt 0 0
vt 4 0
vt 4 4
vt 0 4
vt 0 0
vt 6 0
vt 6 4
vt 0 4
vt 0 0
vt 6 0
vt 6 4
vt 0 4
vt 0 0
vt 6 0
vt 6 4
vt 0 4
vt 0 0
vt 4 0
vt 4 4
vt 0 4
vt 0 0
vt 6 0
vt 6 4
vt 0 4
vt 0 0
vt 4 0
vt 4 4
vt 0 4
vt 0 0
vt 5 0
vt 5 4
vt 0 4
vt 0 0
vt 5 0
vt 5 4
vt 0 4
vt 0 0
vt 5 0
vt 5 5
vt 0 5
vt 0 0
vt 4 0
vt 4 5
vt 0 5
vt 0 0
vt 5 0
vt 5 5
vt 0 5
vt 0 0
vt 4 0
vt 4 5
vt 0 5
vt 0 0
vt 4 0
vt 4 3
vt 0 3
vt 0 0
vt 4 0
vt 4 3
vt 0 3
vt 0 0
vt 4 0
vt 4 5
vt 0 5
vt 0 0
vt 3 0
vt 3 5
vt 0 5
vt 0 0
vt 4 0
vt 4 5
vt 0 5
vt 0 0
vt 3 0
vt 3 5
vt 0 5
vt 0 0
vt 5 0
vt 5 4
vt 0 4
vt 0 0
vt 5 0
vt 5 4
vt 0 4
vt 0 0
vt 5 0
vt 5 4
vt 0 4
vt 0 0
vt 4 0
vt 4 4
vt 0 4
vt 0 0
vt 5 0
vt 5 4
vt 0 4
vt 0 0
vt 4 0
vt 4 4
vt 0 4
vt 0 0
vt 4 0
vt 4 4
vt 0 4
vt 0 0
vt 4 0
vt 4 4
vt 0 4
vt 0 0
vt 4 0
vt 4 4
vt 0 4
vt 0 0
vt 4 0
vt 4 4
vt 0 4
vt 0 0
vt 4 0
vt 4 4
vt 0 4
vt 0 0
vt 4 0
vt 4 4
vt 0 4
vt 0 0
vt 4 0
vt 4 4
vt 0 4
vt 0 0
vt 4 0
vt 4 4
vt 0 4
vt 0 0
vt 4 0
vt 4 4
vt 0 4
vt 0 0
vt 4 0
vt 4 4
vt 0 4
vt 0 0
vt 4 0
vt 4 4
vt 0 4
vt 0 0
vt 4 0
vt 4 4
vt 0 4
vt 0 0
vt 4 0
vt 4 4
vt 0 4
vt 0 0
vt 4 0
vt 4 4
vt 0 4
vt 0 0
vt 4 0
vt 4 4
vt 0 4
vt 0 0
vt 4 0
vt 4 4
vt 0 4
vt 0 0
vt 4 0
vt 4 4
vt 0 4
vt 0 0
vt 4 0
vt 4 4
vt 0 4
vt 0 0
vt 4 0
vt 4 4
vt 0 4
vt 0 0
vt 4 0
vt 4 4
vt 0 4
vt 0 0
vt 4 0
vt 4 4
vt 0 4
vt 0 0
vt 4 0
vt 4 4
vt 0 4
vt 0 0
vt 4 0
vt 4 4
vt 0 4
vt 0 0
vt 4 0
vt 4 4
vt 0 4
vt 0 0
vt 3 0
vt 3 3
vt 0 3
vt 0 0
vt 3 0
vt 3 3
vt 0 3
vt 0 0
vt 3 0
vt 3 4
vt 0 4
vt 0 0
vt 3 0
vt 3 4
vt 0 4
vt 0 0
vt 3 0
vt 3 4
vt 0 4
vt 0 0
vt 3 0
vt 3 4
vt 0 4
vt 0 0
vt 1 0
vt 1 2
vt 0 2
vt 0 0
vt 1 0
vt 1 2
vt 0 2
vt 0 0
vt 1 0
vt 1 1
vt 0 1
vt 0 0
vt 2 0
vt 2 1
vt 0 1
vt 0 0
vt 1 0
vt 1 1
vt 0 1
vt 0 0
vt 2 0
vt 2 1
vt 0 1
vt 0 0
vt 1 0
vt 1 1
vt 0 1
vt 0 0
vt 1 0
vt 1 1
vt 0 1
vt 0 0
vt 1 0
vt 1 1
vt 0 1
vt 0 0
vt 1 0
vt 1 1
vt 0 1
vt 0 0
vt 1 0
vt 1 1
vt 0 1
vt 0 0
vt 1 0
vt 1 1
vt 0 1
vt 0 0
vt 1 0
vt 1 1
vt 0 1
vt 0 0
vt 1 0
vt 1 1
vt 0 1
vt 0 0
vt 1 0
vt 1 1
vt 0 1
vt 0 0
vt 1 0
vt 1 1
vt 0 1
vt 0 0
vt 1 0
vt 1 1
vt 0 1
vt 0 0
vt 1 0
vt 1 1
vt 0 1
vt 0 0
vt 5 0
vt 5 3
vt 0 3
vt 0 0
vt 5 0
vt 5 3
vt 0 3
vt 0 0
vt 5 0
vt 5 1
vt 0 1
vt 0 0
vt 3 0
vt 3 1
vt 0 1
vt 0 0
vt 5 0
vt 5 1
vt 0 1
vt 0 0
vt 3 0
vt 3 1
vt 0 1
vt 0 0
vt 5 0
vt 5 3
vt 0 3
vt 0 0
vt 5 0
vt 5 3
vt 0 3
vt 0 0
vt 5 0
vt 5 1
vt 0 1
vt 0 0
vt 3 0
vt 3 1
vt 0 1
vt 0 0
vt 5 0
vt 5 1
vt 0 1
vt 0 0
vt 3 0
vt 3 1
vt 0 1
vt 0 0
vt 5 0
vt 5 3
vt 0 3
vt 0 0
vt 5 0
vt 5 3
vt 0 3
vt 0 0
vt 5 0
vt 5 1
vt 0 1
vt 0 0
vt 3 0
vt 3 1
vt 0 1
vt 0 0
vt 5 0
vt 5 1
vt 0 1
vt 0 0
vt 3 0
vt 3 1
vt 0 1
vt 0 0
vt 5 0
vt 5 3
vt 0 3
vt 0 0
vt 5 0
vt 5 3
vt 0 3
vt 0 0
vt 5 0
vt 5 1
vt 0 1
vt 0 0
vt 3 0
vt 3 1
vt 0 1
vt 0 0
vt 5 0
vt 5 1
vt 0 1
vt 0 0
vt 3 0
vt 3 1
vt 0 1
vt 0 0
vt 5 0
vt 5 3
vt 0 3
vt 0 0
vt 5 0
vt 5 3
vt 0 3
vt 0 0
vt 5 0
vt 5 1
vt 0 1
vt 0 0
vt 3 0
vt 3 1
vt 0 1
vt 0 0
vt 5 0
vt 5 1
vt 0 1
vt 0 0
vt 3 0
vt 3 1
vt 0 1
vt 0 0
vt 5 0
vt 5 3
vt 0 3
vt 0 0
vt 5 0
vt 5 3
vt 0 3
vt 0 0
vt 5 0
vt 5 1
vt 0 1
vt 0 0
vt 3 0
vt 3 1
vt 0 1
vt 0 0
vt 5 0
vt 5 1
vt 0 1
vt 0 0
vt 3 0
vt 3 1
vt 0 1
vt 0 0
vt 4 0
vt 4 2
vt 0 2
vt 0 0
vt 4 0
vt 4 2
vt 0 2
vt 0 0
vt 4 0
vt 4 1
vt 0 1
vt 0 0
vt 2 0
vt 2 1
vt 0 1
vt 0 0
vt 4 0
vt 4 1
vt 0 1
vt 0 0
vt 2 0
vt 2 1
vt 0 1
vt 0 0
vt 1 0
vt 1 1
vt 0 1
vt 0 0
vt 1 0
vt 1 1
vt 0 1
vt 0 0
vt 1 0
vt 1 1
vt 0 1
vt 0 0
vt 1 0
vt 1 1
vt 0 1
vt 0 0
vt 1 0
vt 1 1
vt 0 1
vt 0 0
vt 1 0
vt 1 1
vt 0 1
vt 0 0
vt 1 0
vt 1 1
vt 0 1
vt 0 0
vt 1 0
vt 1 1
vt 0 1
vt 0 0
vt 1 0
vt 1 1
vt 0 1
vt 0 0
vt 1 0
vt 1 1
vt 0 1
vt 0 0
vt 1 0
vt 1 1
vt 0 1
vt 0 0
vt 1 0
vt 1 1
vt 0 1
vt 0 0
vt 1 0
vt 1 1
vt 0 1
vt 0 0
vt 1 0
vt 1 1
vt 0 1
vt 0 0
vt 1 0
vt 1 1
vt 0 1
vt 0 0
vt 1 0
vt 1 1
vt 0 1
vt 0 0
vt 1 0
vt 1 1
vt 0 1
vt 0 0
vt 1 0
vt 1 1
vt 0 1
vt 0 0
vt 1 0
vt 1 1
vt 0 1
vt 0 0
vt 1 0
vt 1 1
vt 0 1
vt 0 0
vt 1 0
vt 1 1
vt 0 1
vt 0 0
vt 1 0
vt 1 1
vt 0 1
vt 0 0
vt 1 0
vt 1 1
vt 0 1
vt 0 0
vt 1 0
vt 1 1
vt 0 1
vt 0 0
vt 1 0
vt 1 1
vt 0 1
vt 0 0
vt 1 0
vt 1 1
vt 0 1
vt 0 0
vt 1 0
vt 1 1
vt 0 1
vt 0 0
vt 1 0
vt 1 1
vt 0 1
vt 0 0
vt 1 0
vt 1 1
vt 0 1
vt 0 0
vt 1 0
vt 1 1
vt 0 1
vt 0 0
vt 1 0
vt 1 1
vt 0 1
vt 0 0
vt 1 0
vt 1 1
vt 0 1
vt 0 0
vt 1 0
vt 1 1
vt 0 1
vt 0 0
vt 1 0
vt 1 1
vt 0 1
vt 0 0
vt 1 0
vt 1 1
vt 0 1
vt 0 0
vt 1 0
vt 1 1
vt 0 1
vt 0 0
vt 1 0
vt 1 1
vt 0 1
vt 0 0
vt 1 0
vt 1 1
vt 0 1
vt 0 0
vt 1 0
vt 1 1
vt 0 1
vt 0 0
vt 1 0
vt 1 1
vt 0 1
vt 0 0
vt 1 0
vt 1 1
vt 0 1
vt 0 0
vt 1 0
vt 1 1
vt 0 1
vt 0 0
vt 1 0
vt 1 1
vt 0 1
vt 0 0
vt 1 0
vt 1 1
vt 0 1
vt 0 0
vt 1 0
vt 1 1
vt 0 1
vt 0 0
vt 1 0
vt 1 1
vt 0 1
vt 0 0
vt 1 0
vt 1 1
vt 0 1
vt 0 0
vt 1 0
vt 1 1
vt 0 1
vt 0 0
vt 1 0
vt 1 1
vt 0 1
vt 0 0
vt 1 0
vt 1 1
vt 0 1
vt 0 0
vt 1 0
vt 1 1
vt 0 1
vt 0 0
vt 1 0
vt 1 1
vt 0 1
vt 0 0
vt 1 0
vt 1 1
vt 0 1
vt 0 0
vt 1 0
vt 1 1
vt 0 1
vt 0 0
vt 1 0
vt 1 1
vt 0 1
vt 0 0
vt 1 0
vt 1 1
vt 0 1
vt 0 0
vt 1 0
vt 1 1
vt 0 1
vt 0 0
vt 1 0
vt 1 1
vt 0 1
vt 0 0
vt 1 0
vt 1 1
vt 0 1
vt 0 0
vt 1 0
vt 1 1
vt 0 1
vt 0 0
vt 1 0
vt 1 1
vt 0 1
vt 0 0
vt 1 0
vt 1 1
vt 0 1
vt 0 0
vt 1 0
vt 1 1
vt 0 1
vt 0 0
vt 1 0
vt 1 1
vt 0 1
vt 0 0
vt 1 0
vt 1 1
vt 0 1
vt 0 0
vt 1 0
vt 1 1
vt 0 1
vt 0 0
vt 1 0
vt 1 1
vt 0 1
vt 0 0
vt 1 0
vt 1 1
vt 0 1
vt 0 0
vt 1 0
vt 1 1
vt 0 1
vt 0 0
vt 1 0
vt 1 1
vt 0 1
vt 0 0
vt 1 0
vt 1 1
vt 0 1
vt 0 0
vt 1 0
vt 1 1
vt 0 1
vt 0 0
vt 1 0
vt 1 1
vt 0 1
vt 0 0
vt 1 0
vt 1 1
vt 0 1
vt 0 0
vt 1 0
vt 1 1
vt 0 1
vt 0 0
vt 1 0
vt 1 1
vt 0 1
vt 0 0
vt 1 0
vt 1 1
vt 0 1
vt 0 0
vt 1 0
vt 1 1
vt 0 1
vt 0 0
vt 1 0
vt 1 1
vt 0 1
vt 0 0
vt 1 0
vt 1 1
vt 0 1
vt 0 0
vt 1 0
vt 1 1
vt 0 1
vt 0 0
vt 1 0
vt 1 1
vt 0 1
vt 0 0
vt 1 0
vt 1 1
vt 0 1
vt 0 0
vt 1 0
vt 1 1
vt 0 1
vt 0 0
vt 1 0
vt 1 1
vt 0 1
vt 0 0
vt 1 0
vt 1 1
vt 0 1
vt 0 0
vt 1 0
vt 1 1
vt 0 1
vt 0 0
vt 1 0
vt 1 1
vt 0 1
vt 0 0
vt 1 0
vt 1 1
vt 0 1
vt 0 0
vt 1 0
vt 1 1
vt 0 1
vt 0 0
vt 4 0
vt 4 3
vt 0 3
vt 0 0
vt 4 0
vt 4 3
vt 0 3
vt 0 0
vt 4 0
vt 4 1
vt 0 1
vt 0 0
vt 3 0
vt 3 1
vt 0 1
vt 0 0
vt 4 0
vt 4 1
vt 0 1
vt 0 0
vt 3 0
vt 3 1
vt 0 1
vt 0 0
vt 2 0
vt 2 3
vt 0 3
vt 0 0
vt 2 0
vt 2 3
vt 0 3
vt 0 0
vt 2 0
vt 2 1
vt 0 1
vt 0 0
vt 3 0
vt 3 1
vt 0 1
vt 0 0
vt 2 0
vt 2 1
vt 0 1
vt 0 0
vt 3 0
vt 3 1
vt 0 1
vt 0 0
vt 1 0
vt 1 1
vt 0 1
vt 0 0
vt 1 0
vt 1 1
vt 0 1
vt 0 0
vt 1 0
vt 1 1
vt 0 1
vt 0 0
vt 1 0
vt 1 1
vt 0 1
vt 0 0
vt 1 0
vt 1 1
vt 0 1
vt 0 0
vt 1 0
vt 1 1
vt 0 1
vt 0 0
vt 1 0
vt 1 2
vt 0 2
vt 0 0
vt 1 0
vt 1 2
vt 0 2
vt 0 0
vt 1 0
vt 1 1
vt 0 1
vt 0 0
vt 2 0
vt 2 1
vt 0 1
vt 0 0
vt 1 0
vt 1 1
vt 0 1
vt 0 0
vt 2 0
vt 2 1
vt 0 1
vt 0 0
vt 1 0
vt 1 1
vt 0 1
vt 0 0
vt 1 0
vt 1 1
vt 0 1
vt 0 0
vt 1 0
vt 1 1
vt 0 1
vt 0 0
vt 1 0
vt 1 1
vt 0 1
vt 0 0
vt 1 0
vt 1 1
vt 0 1
vt 0 0
vt 1 0
vt 1 1
vt 0 1
vt 0 0
vt 1 0
vt 1 1
vt 0 1
vt 0 0
vt 1 0
vt 1 1
vt 0 1
vt 0 0
vt 1 0
vt 1 1
vt 0 1
vt 0 0
vt 1 0
vt 1 1
vt 0 1
vt 0 0
vt 1 0
vt 1 1
vt 0 1
vt 0 0
vt 1 0
vt 1 1
vt 0 1
vt 0 0
vt 1 0
vt 1 1
vt 0 1
vt 0 0
vt 1 0
vt 1 1
vt 0 1
vt 0 0
vt 1 0
vt 1 1
vt 0 1
vt 0 0
vt 1 0
vt 1 1
vt 0 1
vt 0 0
vt 1 0
vt 1 1
vt 0 1
vt 0 0
vt 1 0
vt 1 1
vt 0 1
vt 0 0
vt 1 0
vt 1 1
vt 0 1
vt 0 0
vt 1 0
vt 1 1
vt 0 1
vt 0 0
vt 1 0
vt 1 1
vt 0 1
vt 0 0
vt 1 0
vt 1 1
vt 0 1
vt 0 0
vt 1 0
vt 1 1
vt 0 1
vt 0 0
vt 1 0
vt 1 1
vt 0 1
vt 0 0
vt 1 0
vt 1 1
vt 0 1
vt 0 0
vt 1 0
vt 1 1
vt 0 1
vt 0 0
vt 1 0
vt 1 1
vt 0 1
vt 0 0
vt 1 0
vt 1 1
vt 0 1
vt 0 0
vt 1 0
vt 1 1
vt 0 1
vt 0 0
vt 1 0
vt 1 1
vt 0 1
vt 0 0
vt 1 0
vt 1 1
vt 0 1
vt 0 0
vt 1 0
vt 1 1
vt 0 1
vt 0 0
vt 1 0
vt 1 1
vt 0 1
vt 0 0
vt 1 0
vt 1 1
vt 0 1
vt 0 0
vt 1 0
vt 1 1
vt 0 1
vt 0 0
vt 1 0
vt 1 1
vt 0 1
vt 0 0
vt 1 0
vt 1 1
vt 0 1
vt 0 0
vt 1 0
vt 1 1
vt 0 1
vt 0 0
vt 1 0
vt 1 1
vt 0 1
vt 0 0
vt 1 0
vt 1 1
vt 0 1
vt 0 0
vt 1 0
vt 1 1
vt 0 1
vt 0 0
vt 1 0
vt 1 1
vt 0 1
vt 0 0
vt 1 0
vt 1 1
vt 0 1
vt 0 0
vt 1 0
vt 1 1
vt 0 1
vt 0 0
vt 1 0
vt 1 1
vt 0 1
vt 0 0
vt 1 0
vt 1 1
vt 0 1
vt 0 0
vt 1 0
vt 1 1
vt 0 1
vt 0 0
vt 1 0
vt 1 1
vt 0 1
vt 0 0
vt 1 0
vt 1 1
vt 0 1
vt 0 0
vt 1 0
vt 1 1
vt 0 1
vt 0 0
vt 1 0
vt 1 1
vt 0 1
vt 0 0
vt 1 0
vt 1 1
vt 0 1
vt 0 0
vt 1 0
vt 1 1
vt 0 1
vt 0 0
vt 1 0
vt 1 1
vt 0 1
vt 0 0
vt 1 0
vt 1 1
vt 0 1
vt 0 0
vt 1 0
vt 1 1
vt 0 1
vt 0 0
vt 1 0
vt 1 1
vt 0 1
vt 0 0
vt 1 0
vt 1 1
vt 0 1
vt 0 0
vt 1 0
vt 1 1
vt 0 1
vt 0 0
vt 1 0
vt 1 1
vt 0 1
vt 0 0
vt 1 0
vt 1 1
vt 0 1
vt 0 0
vt 1 0
vt 1 1
vt 0 1
vt 0 0
vt 1 0
vt 1 1
vt 0 1
vt 0 0
vt 1 0
vt 1 1
vt 0 1
vt 0 0
vt 1 0
vt 1 1
vt 0 1
vt 0 0
vt 1 0
vt 1 1
vt 0 1
vt 0 0
vt 1 0
vt 1 1
vt 0 1
vt 0 0
vt 1 0
vt 1 1
vt 0 1
vt 0 0
vt 1 0
vt 1 1
vt 0 1
vt 0 0
vt 1 0
vt 1 1
vt 0 1
vt 0 0
vt 1 0
vt 1 1
vt 0 1
vt 0 0
vt 1 0
vt 1 1
vt 0 1
vt 0 0
vt 1 0
vt 1 1
vt 0 1
vt 0 0
vt 1 0
vt 1 1
vt 0 1
vt 0 0
vt 1 0
vt 1 1
vt 0 1
vt 0 0
vt 1 0
vt 1 1
vt 0 1
vt 0 0
vt 1 0
vt 1 1
vt 0 1
vt 0 0
vt 1 0
vt 1 1
vt 0 1
vt 0 0
vt 1 0
vt 1 1
vt 0 1
vt 0 0
vt 1 0
vt 1 1
vt 0 1
vt 0 0
vt 1 0
vt 1 1
vt 0 1
vt 0 0
vt 1 0
vt 1 1
vt 0 1
vt 0 0
vt 1 0
vt 1 1
vt 0 1
vt 0 0
vt 1 0
vt 1 1
vt 0 1
vt 0 0
vt 1 0
vt 1 1
vt 0 1
vt 0 0
vt 1 0
vt 1 1
vt 0 1
vt 0 0
vt 1 0
vt 1 1
vt 0 1
vt 0 0
vt 1 0
vt 1 1
vt 0 1
vt 0 0
vt 1 0
vt 1 1
vt 0 1
vt 0 0
vt 1 0
vt 1 1
vt 0 1
vt 0 0
vt 1 0
vt 1 1
vt 0 1
vt 0 0
vt 1 0
vt 1 1
vt 0 1
vt 0 0
vt 1 0
vt 1 1
vt 0 1
vt 0 0
vt 1 0
vt 1 1
vt 0 1
vt 0 0
vt 1 0
vt 1 1
vt 0 1
vt 0 0
vt 1 0
vt 1 1
vt 0 1
vt 0 0
vt 1 0
vt 1 1
vt 0 1
vt 0 0
vt 1 0
vt 1 1
vt 0 1
vt 0 0
vt 1 0
vt 1 1
vt 0 1
vt 0 0
vt 1 0
vt 1 1
vt 0 1
vt 0 0
vt 1 0
vt 1 1
vt 0 1
vt 0 0
vt 1 0
vt 1 1
vt 0 1
vt 0 0
vt 1 0
vt 1 1
vt 0 1
vt 0 0
vt 1 0
vt 1 1
vt 0 1
vt 0 0
vt 1 0
vt 1 1
vt 0 1
vt 0 0
vt 1 0
vt 1 1
vt 0 1
vt 0 0
vt 1 0
vt 1 1
vt 0 1
vt 0 0
vt 1 0
vt 1 1
vt 0 1
vt 0 0
vt 1 0
vt 1 1
vt 0 1
vt 0 0
vt 1 0
vt 1 1
vt 0 1
vt 0 0
vt 1 0
vt 1 1
vt 0 1
vt 0 0
vt 1 0
vt 1 1
vt 0 1
vt 0 0
vt 1 0
vt 1 1
vt 0 1
vt 0 0
vt 1 0
vt 1 1
vt 0 1
vt 0 0
vt 1 0
vt 1 1
vt 0 1
vt 0 0
vt 1 0
vt 1 1
vt 0 1
vt 0 0
vt 1 0
vt 1 1
vt 0 1
vt 0 0
vt 1 0
vt 1 1
vt 0 1
vt 0 0
vt 1 0
vt 1 1
vt 0 1
vt 0 0
vt 1 0
vt 1 1
vt 0 1
vt 0 0
vt 1 0
vt 1 1
vt 0 1
vt 0 0
vt 1 0
vt 1 1
vt 0 1
vt 0 0
vt 1 0
vt 1 1
vt 0 1
vt 0 0
vt 1 0
vt 1 1
vt 0 1
vt 0 0
vt 1 0
vt 1 1
vt 0 1
vt 0 0
vt 1 0
vt 1 1
vt 0 1
vt 0 0
vt 1 0
vt 1 1
vt 0 1
vt 0 0
vt 1 0
vt 1 1
vt 0 1
vt 0 0
vt 1 0
vt 1 1
vt 0 1
vt 0 0
vt 1 0
vt 1 1
vt 0 1
vt 0 0
vt 1 0
vt 1 1
vt 0 1
vt 0 0
vt 1 0
vt 1 1
vt 0 1
vt 0 0
vt 1 0
vt 1 1
vt 0 1
vt 0 0
vt 1 0
vt 1 1
vt 0 1
vt 0 0
vt 1 0
vt 1 1
vt 0 1
vt 0 0
vt 1 0
vt 1 1
vt 0 1
vt 0 0
vt 1 0
vt 1 1
vt 0 1
vt 0 0
vt 1 0
vt 1 1
vt 0 1
vt 0 0
vt 1 0
vt 1 1
vt 0 1
vt 0 0
vt 1 0
vt 1 1
vt 0 1
vt 0 0
vt 1 0
vt 1 1
vt 0 1
vt 0 0
vt 1 0
vt 1 1
vt 0 1
vt 0 0
vt 1 0
vt 1 1
vt 0 1
vt 0 0
vt 1 0
vt 1 1
vt 0 1
vt 0 0
vt 1 0
vt 1 1
vt 0 1
vt 0 0
vt 1 0
vt 1 1
vt 0 1
vt 0 0
vt 1 0
vt 1 1
vt 0 1
vt 0 0
vt 1 0
vt 1 1
vt 0 1
vt 0 0
vt 1 0
vt 1 1
vt 0 1
vt 0 0
vt 1 0
vt 1 1
vt 0 1
vt 0 0
vt 1 0
vt 1 1
vt 0 1
vt 0 0
vt 1 0
vt 1 1
vt 0 1
vt 0 0
vt 1 0
vt 1 1
vt 0 1
vt 0 0
vt 1 0
vt 1 1
vt 0 1
vt 0 0
vt 1 0
vt 1 1
vt 0 1
vt 0 0
vt 1 0
vt 1 1
vt 0 1
vt 0 0
vt 1 0
vt 1 1
vt 0 1
vt 0 0
vt 1 0
vt 1 1
vt 0 1
vt 0 0
vt 1 0
vt 1 1
vt 0 1
vt 0 0
vt 1 0
vt 1 1
vt 0 1
vt 0 0
vt 1 0
vt 1 1
vt 0 1
vt 0 0
vt 1 0
vt 1 1
vt 0 1
vt 0 0
vt 1 0
vt 1 1
vt 0 1
vt 0 0
vt 1 0
vt 1 1
vt 0 1
vt 0 0
vt 1 0
vt 1 1
vt 0 1
vt 0 0
vt 1 0
vt 1 1
vt 0 1
vt 0 0
vt 1 0
vt 1 1
vt 0 1
vt 0 0
vt 1 0
vt 1 1
vt 0 1
vt 0 0
vt 1 0
vt 1 1
vt 0 1
vt 0 0
vt 1 0
vt 1 1
vt 0 1
vt 0 0
vt 1 0
vt 1 1
vt 0 1
vt 0 0
vt 1 0
vt 1 1
vt 0 1
vt 0 0
vt 1 0
vt 1 1
vt 0 1
vt 0 0
vt 1 0
vt 1 1
vt 0 1
vt 0 0
vt 1 0
vt 1 1
vt 0 1
vt 0 0
vt 1 0
vt 1 1
vt 0 1
vt 0 0
vt 1 0
vt 1 1
vt 0 1
vt 0 0
vt 1 0
vt 1 1
vt 0 1
vt 0 0
vt 1 0
vt 1 1
vt 0 1
vt 0 0
vt 1 0
vt 1 1
vt 0 1
vt 0 0
vt 1 0
vt 1 1
vt 0 1
vt 0 0
vt 1 0
vt 1 1
vt 0 1
vt 0 0
vt 1 0
vt 1 1
vt 0 1
vt 0 0
vt 1 0
vt 1 1
vt 0 1
vt 0 0
vt 1 0
vt 1 1
vt 0 1
vt 0 0
vt 1 0
vt 1 1
vt 0 1
vt 0 0
vt 1 0
vt 1 1
vt 0 1
vt 0 0
vt 1 0
vt 1 1
vt 0 1
vt 0 0
vt 1 0
vt 1 1
vt 0 1
vt 0 0
vt 1 0
vt 1 1
vt 0 1
vt 0 0
vt 1 0
vt 1 1
vt 0 1
vt 0 0
vt 1 0
vt 1 1
vt 0 1
vt 0 0
vt 1 0
vt 1 1
vt 0 1
vt 0 0
vt 1 0
vt 1 1
vt 0 1
vt 0 0
vt 1 0
vt 1 1
vt 0 1
vt 0 0
vt 1 0
vt 1 1
vt 0 1
vt 0 0
vt 1 0
vt 1 1
vt 0 1
vt 0 0
vt 1 0
vt 1 1
vt 0 1
vt 0 0
vt 1 0
vt 1 1
vt 0 1
vt 0 0
vt 1 0
vt 1 1
vt 0 1
vt 0 0
vt 1 0
vt 1 1
vt 0 1
vt 0 0
vt 1 0
vt 1 1
vt 0 1
vt 0 0
vt 1 0
vt 1 1
vt 0 1
vt 0 0
vt 1 0
vt 1 1
vt 0 1
vt 0 0
vt 1 0
vt 1 1
vt 0 1
vt 0 0
vt 1 0
vt 1 1
vt 0 1
vt 0 0
vt 1 0
vt 1 1
vt 0 1
vt 0 0
vt 1 0
vt 1 1
vt 0 1
vt 0 0
vt 1 0
vt 1 1
vt 0 1
vt 0 0
vt 1 0
vt 1 1
vt 0 1
vt 0 0
vt 1 0
vt 1 1
vt 0 1
vt 0 0
vt 1 0
vt 1 1
vt 0 1
vt 0 0
vt 1 0
vt 1 1
vt 0 1
vt 0 0
vt 1 0
vt 1 1
vt 0 1
vt 0 0
vt 1 0
vt 1 1
vt 0 1
vt 0 0
vt 1 0
vt 1 1
vt 0 1
vt 0 0
vt 1 0
vt 1 1
vt 0 1
vt 0 0
vt 1 0
vt 1 1
vt 0 1
vt 0 0
vt 1 0
vt 1 1
vt 0 1
vt 0 0
vt 1 0
vt 1 1
vt 0 1
vt 0 0
vt 1 0
vt 1 1
vt 0 1
vt 0 0
vt 1 0
vt 1 1
vt 0 1
vt 0 0
vt 1 0
vt 1 1
vt 0 1
vt 0 0
vt 1 0
vt 1 1
vt 0 1
vt 0 0
vt 1 0
vt 1 1
vt 0 1
vt 0 0
vt 1 0
vt 1 1
vt 0 1
vt 0 0
vt 1 0
vt 1 1
vt 0 1
vt 0 0
vt 1 0
vt 1 1
vt 0 1
vt 0 0
vt 1 0
vt 1 1
vt 0 1
vt 0 0
vt 1 0
vt 1 1
vt 0 1
vt 0 0
vt 1 0
vt 1 1
vt 0 1
vt 0 0
vt 1 0
vt 1 1
vt 0 1
vt 0 0
vt 1 0
vt 1 1
vt 0 1
vt 0 0
vt 1 0
vt 1 1
vt 0 1
vt 0 0
vt 1 0
vt 1 1
vt 0 1
vt 0 0
vt 1 0
vt 1 1
vt 0 1
vt 0 0
vt 1 0
vt 1 1
vt 0 1
vt 0 0
vt 1 0
vt 1 1
vt 0 1
vt 0 0
vt 1 0
vt 1 1
vt 0 1
vt 0 0
vt 1 0
vt 1 1
vt 0 1
vt 0 0
vt 1 0
vt 1 1
vt 0 1
vt 0 0
vt 1 0
vt 1 1
vt 0 1
vt 0 0
vt 1 0
vt 1 1
vt 0 1
vt 0 0
vt 1 0
vt 1 1
vt 0 1
vt 0 0
vt 1 0
vt 1 1
vt 0 1
vt 0 0
vt 1 0
vt 1 1
vt 0 1
vt 0 0
vt 1 0
vt 1 1
vt 0 1
vt 0 0
vt 1 0
vt 1 1
vt 0 1
vt 0 0
vt 1 0
vt 1 1
vt 0 1
vt 0 0
vt 1 0
vt 1 1
vt 0 1
vt 0 0
vt 1 0
vt 1 1
vt 0 1
vt 0 0
vt 1 0
vt 1 1
vt 0 1
vt 0 0
vt 1 0
vt 1 1
vt 0 1
vt 0 0
vt 1 0
vt 1 1
vt 0 1
vt 0 0
vt 1 0
vt 1 1
vt 0 1
vt 0 0
vt 1 0
vt 1 1
vt 0 1
vt 0 0
vt 1 0
vt 1 1
vt 0 1
vt 0 0
vt 1 0
vt 1 1
vt 0 1
vt 0 0
vt 1 0
vt 1 1
vt 0 1
vt 0 0
vt 1 0
vt 1 1
vt 0 1
vt 0 0
vt 1 0
vt 1 1
vt 0 1
vt 0 0
vt 1 0
vt 1 1
vt 0 1
vt 0 0
vt 1 0
vt 1 1
vt 0 1
vt 0 0
vt 1 0
vt 1 1
vt 0 1
vt 0 0
vt 1 0
vt 1 1
vt 0 1
vt 0 0
vt 1 0
vt 1 1
vt 0 1
vt 0 0
vt 1 0
vt 1 1
vt 0 1
vt 0 0
vt 1 0
vt 1 1
vt 0 1
vt 0 0
vt 1 0
vt 1 1
vt 0 1
vt 0 0
vt 1 0
vt 1 1
vt 0 1
vt 0 0
vt 1 0
vt 1 1
vt 0 1
vt 0 0
vt 1 0
vt 1 1
vt 0 1
vt 0 0
vt 1 0
vt 1 1
vt 0 1
vt 0 0
vt 1 0
vt 1 1
vt 0 1
vt 0 0
vt 1 0
vt 1 1
vt 0 1
vt 0 0
vt 1 0
vt 1 1
vt 0 1
vt 0 0
vt 1 0
vt 1 1
vt 0 1
vt 0 0
vt 1 0
vt 1 1
vt 0 1
vt 0 0
vt 1 0
vt 1 1
vt 0 1
vt 0 0
vt 1 0
vt 1 1
vt 0 1
vt 0 0
vt 1 0
vt 1 1
vt 0 1
vt 0 0
vt 1 0
vt 1 1
vt 0 1
vt 0 0
vt 1 0
vt 1 1
vt 0 1
vt 0 0
vt 1 0
vt 1 1
vt 0 1
vt 0 0
vt 1 0
vt 1 1
vt 0 1
vt 0 0
vt 1 0
vt 1 1
vt 0 1
vt 0 0
vt 1 0
vt 1 1
vt 0 1
vt 0 0
vt 1 0
vt 1 1
vt 0 1
vt 0 0
vt 1 0
vt 1 1
vt 0 1
vt 0 0
vt 1 0
vt 1 1
vt 0 1
vt 0 0
vt 1 0
vt 1 1
vt 0 1
vt 0 0
vt 1 0
vt 1 1
vt 0 1
vt 0 0
vt 1 0
vt 1 1
vt 0 1
vt 0 0
vt 1 0
vt 1 1
vt 0 1
vt 0 0
vt 1 0
vt 1 1
vt 0 1
vt 0 0
vt 1 0
vt 1 1
vt 0 1
vt 0 0
vt 1 0
vt 1 1
vt 0 1
vt 0 0
vt 1 0
vt 1 1
vt 0 1
vt 0 0
vt 1 0
vt 1 1
vt 0 1
vt 0 0
vt 1 0
vt 1 1
vt 0 1
vt 0 0
vt 1 0
vt 1 1
vt 0 1
vt 0 0
vt 1 0
vt 1 1
vt 0 1
vt 0 0
vt 1 0
vt 1 1
vt 0 1
vt 0 0
vt 1 0
vt 1 1
vt 0 1
vt 0 0
vt 1 0
vt 1 1
vt 0 1
vt 0 0
vt 1 0
vt 1 1
vt 0 1
vt 0 0
vt 1 0
vt 1 1
vt 0 1
vt 0 0
vt 1 0
vt 1 1
vt 0 1
vt 0 0
vt 1 0
vt 1 1
vt 0 1
vt 0 0
vt 1 0
vt 1 1
vt 0 1
vt 0 0
vt 1 0
vt 1 1
vt 0 1
vt 0 0
vt 1 0
vt 1 1
vt 0 1
vt 0 0
vt 1 0
vt 1 1
vt 0 1
vt 0 0
vt 1 0
vt 1 1
vt 0 1
vt 0 0
vt 1 0
vt 1 1
vt 0 1
vt 0 0
vt 1 0
vt 1 1
vt 0 1
vt 0 0
vt 1 0
vt 1 1
vt 0 1
vt 0 0
vt 1 0
vt 1 1
vt 0 1
vt 0 0
vt 1 0
vt 1 1
vt 0 1
vt 0 0
vt 1 0
vt 1 1
vt 0 1
vt 0 0
vt 1 0
vt 1 1
vt 0 1
vt 0 0
vt 1 0
vt 1 1
vt 0 1
vt 0 0
vt 1 0
vt 1 1
vt 0 1
vt 0 0
vt 1 0
vt 1 1
vt 0 1
vt 0 0
vt 1 0
vt 1 1
vt 0 1
vt 0 0
vt 1 0
vt 1 1
vt 0 1
vt 0 0
vt 1 0
vt 1 1
vt 0 1
vt 0 0
vt 1 0
vt 1 1
vt 0 1
vt 0 0
vt 1 0
vt 1 1
vt 0 1
vt 0 0
vt 1 0
vt 1 1
vt 0 1
vt 0 0
vt 1 0
vt 1 1
vt 0 1
vt 0 0
vt 1 0
vt 1 1
vt 0 1
vt 0 0
vt 1 0
vt 1 1
vt 0 1
vt 0 0
vt 1 0
vt 1 1
vt 0 1
vt 0 0
vt 1 0
vt 1 1
vt 0 1
vt 0 0
vt 1 0
vt 1 1
vt 0 1
vt 0 0
vt 1 0
vt 1 1
vt 0 1
vt 0 0
vt 1 0
vt 1 1
vt 0 1
vt 0 0
vt 1 0
vt 1 1
vt 0 1
vt 0 0
vt 1 0
vt 1 1
vt 0 1
vt 0 0
vt 1 0
vt 1 1
vt 0 1
vt 0 0
vt 1 0
vt 1 1
vt 0 1
vt 0 0
vt 1 0
vt 1 1
vt 0 1
vt 0 0
vt 1 0
vt 1 1
vt 0 1
vt 0 0
vt 1 0
vt 1 1
vt 0 1
vt 0 0
vt 1 0
vt 1 1
vt 0 1
vt 0 0
vt 1 0
vt 1 1
vt 0 1
vt 0 0
vt 1 0
vt 1 1
vt 0 1
vt 0 0
vt 1 0
vt 1 1
vt 0 1
vt 0 0
vt 1 0
vt 1 1
vt 0 1
vt 0 0
vt 1 0
vt 1 1
vt 0 1
vt 0 0
vt 1 0
vt 1 1
vt 0 1
vt 0 0
vt 1 0
vt 1 1
vt 0 1
vt 0 0
vt 1 0
vt 1 1
vt 0 1
vt 0 0
vt 1 0
vt 1 1
vt 0 1
vt 0 0
vt 1 0
vt 1 1
vt 0 1
vt 0 0
vt 1 0
vt 1 1
vt 0 1
vt 0 0
vt 1 0
vt 1 1
vt 0 1
vt 0 0
vt 1 0
vt 1 1
vt 0 1
vt 0 0
vt 1 0
vt 1 1
vt 0 1
vt 0 0
vt 1 0
vt 1 1
vt 0 1
vt 0 0
vt 1 0
vt 1 1
vt 0 1
vt 0 0
vt 1 0
vt 1 1
vt 0 1
vt 0 0
vt 1 0
vt 1 1
vt 0 1
vt 0 0
vt 1 0
vt 1 1
vt 0 1
vt 0 0
vt 1 0
vt 1 1
vt 0 1
vt 0 0
vt 1 0
vt 1 1
vt 0 1
vt 0 0
vt 1 0
vt 1 1
vt 0 1
vt 0 0
vt 1 0
vt 1 1
vt 0 1
vt 0 0
vt 1 0
vt 1 1
vt 0 1
vt 0 0
vt 1 0
vt 1 1
vt 0 1
vt 0 0
vt 1 0
vt 1 1
vt 0 1
vt 0 0
vt 1 0
vt 1 1
vt 0 1
vt 0 0
vt 1 0
vt 1 1
vt 0 1
vt 0 0
vt 1 0
vt 1 1
vt 0 1
vt 0 0
vt 1 0
vt 1 1
vt 0 1
vt 0 0
vt 1 0
vt 1 1
vt 0 1
vt 0 0
vt 1 0
vt 1 1
vt 0 1
vt 0 0
vt 1 0
vt 1 1
vt 0 1
vt 0 0
vt 1 0
vt 1 1
vt 0 1
vt 0 0
vt 1 0
vt 1 1
vt 0 1
vt 0 0
vt 1 0
vt 1 1
vt 0 1
vt 0 0
vt 1 0
vt 1 1
vt 0 1
vt 0 0
vt 1 0
vt 1 1
vt 0 1
vt 0 0
vt 1 0
vt 1 1
vt 0 1
vt 0 0
vt 1 0
vt 1 1
vt 0 1
vt 0 0
vt 1 0
vt 1 1
vt 0 1
vt 0 0
vt 1 0
vt 1 1
vt 0 1
vt 0 0
vt 1 0
vt 1 1
vt 0 1
vt 0 0
vt 1 0
vt 1 1
vt 0 1
vt 0 0
vt 1 0
vt 1 1
vt 0 1
vt 0 0
vt 1 0
vt 1 1
vt 0 1
vt 0 0
vt 1 0
vt 1 1
vt 0 1
vt 0 0
vt 1 0
vt 1 1
vt 0 1
vt 0 0
vt 1 0
vt 1 1
vt 0 1
vt 0 0
vt 1 0
vt 1 1
vt 0 1
vt 0 0
vt 1 0
vt 1 1
vt 0 1
vt 0 0
vt 1 0
vt 1 1
vt 0 1
vt 0 0
vt 1 0
vt 1 1
vt 0 1
vt 0 0
vt 1 0
vt 1 1
vt 0 1
vt 0 0
vt 1 0
vt 1 1
vt 0 1
vt 0 0
vt 1 0
vt 1 1
vt 0 1
vt 0 0
vt 1 0
vt 1 1
vt 0 1
vt 0 0
vt 1 0
vt 1 1
vt 0 1
vt 0 0
vt 1 0
vt 1 1
vt 0 1
vt 0 0
vt 1 0
vt 1 1
vt 0 1
vt 0 0
vt 1 0
vt 1 1
vt 0 1
vt 0 0
vt 1 0
vt 1 1
vt 0 1
vt 0 0
vt 1 0
vt 1 1
vt 0 1
vt 0 0
vt 1 0
vt 1 1
vt 0 1
vt 0 0
vt 1 0
vt 1 1
vt 0 1
vt 0 0
vt 1 0
vt 1 1
vt 0 1
vt 0 0
vt 1 0
vt 1 1
vt 0 1
vt 0 0
vt 1 0
vt 1 1
vt 0 1
vt 0 0
vt 1 0
vt 1 1
vt 0 1
vt 0 0
vt 1 0
vt 1 1
vt 0 1
vt 0 0
vt 1 0
vt 1 1
vt 0 1
vt 0 0
vt 1 0
vt 1 1
vt 0 1
vt 0 0
vt 1 0
vt 1 1
vt 0 1
vt 0 0
vt 1 0
vt 1 1
vt 0 1
vt 0 0
vt 1 0
vt 1 1
vt 0 1
vt 0 0
vt 1 0
vt 1 1
vt 0 1
vt 0 0
vt 1 0
vt 1 1
vt 0 1
vt 0 0
vt 1 0
vt 1 1
vt 0 1
vt 0 0
vt 1 0
vt 1 1
vt 0 1
vt 0 0
vt 1 0
vt 1 1
vt 0 1
vt 0 0
vt 1 0
vt 1 1
vt 0 1
vt 0 0
vt 1 0
vt 1 1
vt 0 1
vt 0 0
vt 1 0
vt 1 1
vt 0 1
vt 0 0
vt 1 0
vt 1 1
vt 0 1
vt 0 0
vt 1 0
vt 1 1
vt 0 1
vt 0 0
vt 1 0
vt 1 1
vt 0 1
vt 0 0
vt 1 0
vt 1 1
vt 0 1
vt 0 0
vt 1 0
vt 1 1
vt 0 1
vt 0 0
vt 1 0
vt 1 1
vt 0 1
vt 0 0
vt 1 0
vt 1 1
vt 0 1
vt 0 0
vt 1 0
vt 1 1
vt 0 1
vt 0 0
vt 1 0
vt 1 1
vt 0 1
vt 0 0
vt 1 0
vt 1 1
vt 0 1
vt 0 0
vt 1 0
vt 1 1
vt 0 1
vt 0 0
vt 1 0
vt 1 1
vt 0 1
vt 0 0
vt 1 0
vt 1 1
vt 0 1
vt 0 0
vt 1 0
vt 1 1
vt 0 1
vt 0 0
vt 1 0
vt 1 1
vt 0 1
vt 0 0
vt 1 0
vt 1 1
vt 0 1
vt 0 0
vt 1 0
vt 1 1
vt 0 1
vt 0 0
vt 1 0
vt 1 1
vt 0 1
vt 0 0
vt 1 0
vt 1 1
vt 0 1
vt 0 0
vt 1 0
vt 1 1
vt 0 1
vt 0 0
vt 1 0
vt 1 1
vt 0 1
vt 0 0
vt 1 0
vt 1 1
vt 0 1
vt 0 0
vt 1 0
vt 1 1
vt 0 1
vt 0 0
vt 1 0
vt 1 1
vt 0 1
vt 0 0
vt 1 0
vt 1 1
vt 0 1
vt 0 0
vt 1 0
vt 1 1
vt 0 1
vt 0 0
vt 1 0
vt 1 1
vt 0 1
vt 0 0
vt 1 0
vt 1 1
vt 0 1
vt 0 0
vt 1 0
vt 1 1
vt 0 1
vt 0 0
vt 1 0
vt 1 1
vt 0 1
vt 0 0
vt 1 0
vt 1 1
vt 0 1
vt 0 0
vt 1 0
vt 1 1
vt 0 1
vt 0 0
vt 1 0
vt 1 1
vt 0 1
vt 0 0
vt 1 0
vt 1 1
vt 0 1
vt 0 0
vt 1 0
vt 1 1
vt 0 1
vt 0 0
vt 1 0
vt 1 1
vt 0 1
vt 0 0
vt 1 0
vt 1 1
vt 0 1
vt 0 0
vt 1 0
vt 1 1
vt 0 1
vt 0 0
vt 1 0
vt 1 1
vt 0 1
vt 0 0
vt 1 0
vt 1 1
vt 0 1
vt 0 0
vt 1 0
vt 1 1
vt 0 1
vt 0 0
vt 1 0
vt 1 1
vt 0 1
vt 0 0
vt 1 0
vt 1 1
vt 0 1
vt 0 0
vt 1 0
vt 1 1
vt 0 1
vt 0 0
vt 1 0
vt 1 1
vt 0 1
vt 0 0
vt 1 0
vt 1 1
vt 0 1
vt 0 0
vt 1 0
vt 1 1
vt 0 1
vt 0 0
vt 1 0
vt 1 1
vt 0 1
vt 0 0
vt 1 0
vt 1 1
vt 0 1
vt 0 0
vt 1 0
vt 1 1
vt 0 1
vt 0 0
vt 1 0
vt 1 1
vt 0 1
vt 0 0
vt 1 0
vt 1 1
vt 0 1
vt 0 0
vt 1 0
vt 1 1
vt 0 1
vt 0 0
vt 1 0
vt 1 1
vt 0 1
vt 0 0
vt 1 0
vt 1 1
vt 0 1
vt 0 0
vt 1 0
vt 1 1
vt 0 1
vt 0 0
vt 1 0
vt 1 1
vt 0 1
vt 0 0
vt 1 0
vt 1 1
vt 0 1
vt 0 0
vt 1 0
vt 1 1
vt 0 1
vt 0 0
vt 1 0
vt 1 1
vt 0 1
vt 0 0
vt 1 0
vt 1 1
vt 0 1
vt 0 0
vt 1 0
vt 1 1
vt 0 1
vt 0 0
vt 1 0
vt 1 1
vt 0 1
vt 0 0
vt 1 0
vt 1 1
vt 0 1
vt 0 0
vt 1 0
vt 1 1
vt 0 1
vt 0 0
vt 1 0
vt 1 1
vt 0 1
vt 0 0
vt 1 0
vt 1 1
vt 0 1
vt 0 0
vt 1 0
vt 1 1
vt 0 1
vt 0 0
vt 1 0
vt 1 1
vt 0 1
vt 0 0
vt 1 0
vt 1 1
vt 0 1
vt 0 0
vt 1 0
vt 1 1
vt 0 1
vt 0 0
vt 1 0
vt 1 1
vt 0 1
vt 0 0
vt 1 0
vt 1 1
vt 0 1
vt 0 0
vt 1 0
vt 1 1
vt 0 1
vt 0 0
vt 1 0
vt 1 1
vt 0 1
vt 0 0
vt 1 0
vt 1 1
vt 0 1
vt 0 0
vt 1 0
vt 1 1
vt 0 1
vt 0 0
vt 1 0
vt 1 1
vt 0 1
vt 0 0
vt 1 0
vt 1 1
vt 0 1
vt 0 0
vt 1 0
vt 1 1
vt 0 1
vt 0 0
vt 1 0
vt 1 1
vt 0 1
vt 0 0
vt 1 0
vt 1 1
vt 0 1
vt 0 0
vt 1 0
vt 1 1
vt 0 1
vt 0 0
vt 1 0
vt 1 1
vt 0 1
vt 0 0
vt 1 0
vt 1 1
vt 0 1
vt 0 0
vt 1 0
vt 1 1
vt 0 1
vt 0 0
vt 1 0
vt 1 1
vt 0 1
vt 0 0
vt 1 0
vt 1 1
vt 0 1
vt 0 0
vt 1 0
vt 1 1
vt 0 1
vt 0 0
vt 1 0
vt 1 1
vt 0 1
vt 0 0
vt 1 0
vt 1 1
vt 0 1
vt 0 0
vt 1 0
vt 1 1
vt 0 1
vt 0 0
vt 1 0
vt 1 1
vt 0 1
vt 0 0
vt 1 0
vt 1 1
vt 0 1
vt 0 0
vt 1 0
vt 1 1
vt 0 1
vt 0 0
vt 1 0
vt 1 1
vt 0 1
vt 0 0
vt 1 0
vt 1 1
vt 0 1
vt 0 0
vt 1 0
vt 1 1
vt 0 1
vt 0 0
vt 1 0
vt 1 1
vt 0 1
vt 0 0
vt 1 0
vt 1 1
vt 0 1
vt 0 0
vt 1 0
vt 1 1
vt 0 1
vt 0 0
vt 1 0
vt 1 1
vt 0 1
vt 0 0
vt 1 0
vt 1 1
vt 0 1
vt 0 0
vt 1 0
vt 1 1
vt 0 1
vt 0 0
vt 1 0
vt 1 1
vt 0 1
vt 0 0
vt 1 0
vt 1 1
vt 0 1
vt 0 0
vt 1 0
vt 1 1
vt 0 1
vt 0 0
vt 1 0
vt 1 1
vt 0 1
vt 0 0
vt 1 0
vt 1 1
vt 0 1
vt 0 0
vt 1 0
vt 1 1
vt 0 1
vt 0 0
vt 1 0
vt 1 1
vt 0 1
vt 0 0
vt 1 0
vt 1 1
vt 0 1
vt 0 0
vt 1 0
vt 1 1
vt 0 1
vt 0 0
vt 1 0
vt 1 1
vt 0 1
vt 0 0
vt 1 0
vt 1 1
vt 0 1
vt 0 0
vt 1 0
vt 1 1
vt 0 1
vt 0 0
vt 1 0
vt 1 1
vt 0 1
vt 0 0
vt 1 0
vt 1 1
vt 0 1
vt 0 0
vt 1 0
vt 1 1
vt 0 1
vt 0 0
vt 1 0
vt 1 1
vt 0 1
vt 0 0
vt 1 0
vt 1 1
vt 0 1
vt 0 0
vt 1 0
vt 1 1
vt 0 1
vt 0 0
vt 1 0
vt 1 1
vt 0 1
vt 0 0
vt 1 0
vt 1 1
vt 0 1
vt 0 0
vt 1 0
vt 1 1
vt 0 1
vt 0 0
vt 1 0
vt 1 1
vt 0 1
vt 0 0
vt 1 0
vt 1 1
vt 0 1
vt 0 0
vt 1 0
vt 1 1
vt 0 1
vt 0 0
vt 1 0
vt 1 1
vt 0 1
vt 0 0
vt 1 0
vt 1 1
vt 0 1
vt 0 0
vt 1 0
vt 1 1
vt 0 1
vt 0 0
vt 1 0
vt 1 1
vt 0 1
vt 0 0
vt 1 0
vt 1 1
vt 0 1
vt 0 0
vt 1 0
vt 1 1
vt 0 1
vt 0 0
vt 1 0
vt 1 1
vt 0 1
vt 0 0
vt 1 0
vt 1 1
vt 0 1
vt 0 0
vt 1 0
vt 1 1
vt 0 1
vt 0 0
vt 1 0
vt 1 1
vt 0 1
vt 0 0
vt 1 0
vt 1 1
vt 0 1
vt 0 0
vt 1 0
vt 1 1
vt 0 1
vt 0 0
vt 1 0
vt 1 1
vt 0 1
vt 0 0
vt 1 0
vt 1 1
vt 0 1
vt 0 0
vt 1 0
vt 1 1
vt 0 1
vt 0 0
vt 1 0
vt 1 1
vt 0 1
vt 0 0
vt 1 0
vt 1 1
vt 0 1
vt 0 0
vt 1 0
vt 1 1
vt 0 1
vt 0 0
vt 1 0
vt 1 1
vt 0 1
vt 0 0
vt 1 0
vt 1 1
vt 0 1
vt 0 0
vt 1 0
vt 1 1
vt 0 1
vt 0 0
vt 1 0
vt 1 1
vt 0 1
vt 0 0
vt 1 0
vt 1 1
vt 0 1
vt 0 0
vt 1 0
vt 1 1
vt 0 1
vt 0 0
vt 1 0
vt 1 1
vt 0 1
vt 0 0
vt 1 0
vt 1 1
vt 0 1
vt 0 0
vt 1 0
vt 1 1
vt 0 1
vt 0 0
vt 1 0
vt 1 1
vt 0 1
vt 0 0
vt 1 0
vt 1 1
vt 0 1
vt 0 0
vt 1 0
vt 1 1
vt 0 1
vt 0 0
vt 1 0
vt 1 1
vt 0 1
vt 0 0
vt 1 0
vt 1 1
vt 0 1
vt 0 0
vt 1 0
vt 1 1
vt 0 1
vt 0 0
vt 1 0
vt 1 1
vt 0 1
vt 0 0
vt 1 0
vt 1 1
vt 0 1
vt 0 0
vt 1 0
vt 1 1
vt 0 1
vt 0 0
vt 1 0
vt 1 1
vt 0 1
vt 0 0
vt 1 0
vt 1 1
vt 0 1
vt 0 0
vt 1 0
vt 1 1
vt 0 1
vt 0 0
vt 1 0
vt 1 1
vt 0 1
vt 0 0
vt 1 0
vt 1 1
vt 0 1
vt 0 0
vt 1 0
vt 1 1
vt 0 1
vt 0 0
vt 1 0
vt 1 1
vt 0 1
vt 0 0
vt 1 0
vt 1 1
vt 0 1
vt 0 0
vt 1 0
vt 1 1
vt 0 1
vt 0 0
vt 1 0
vt 1 3
vt 0 3
vt 0 0
vt 1 0
vt 1 3
vt 0 3
vt 0 0
vt 1 0
vt 1 3
vt 0 3
vt 0 0
vt 1 0
vt 1 3
vt 0 3
vt 0 0
vt 1 0
vt 1 1
vt 0 1
vt 0 0
vt 1 0
vt 1 1
vt 0 1
vt 0 0
vt 1 0
vt 1 3
vt 0 3
vt 0 0
vt 1 0
vt 1 3
vt 0 3
vt 0 0
vt 1 0
vt 1 3
vt 0 3
vt 0 0
vt 1 0
vt 1 3
vt 0 3
vt 0 0
vt 1 0
vt 1 1
vt 0 1
vt 0 0
vt 1 0
vt 1 1
vt 0 1
vt 0 0
vt 1 0
vt 1 5
vt 0 5
vt 0 0
vt 1 0
vt 1 5
vt 0 5
vt 0 0
vt 1 0
vt 1 5
vt 0 5
vt 0 0
vt 1 0
vt 1 5
vt 0 5
vt 0 0
vt 1 0
vt 1 1
vt 0 1
vt 0 0
vt 1 0
vt 1 1
vt 0 1
vt 0 0
vt 1 0
vt 1 5
vt 0 5
vt 0 0
vt 1 0
vt 1 5
vt 0 5
vt 0 0
vt 1 0
vt 1 5
vt 0 5
vt 0 0
vt 1 0
vt 1 5
vt 0 5
vt 0 0
vt 1 0
vt 1 1
vt 0 1
vt 0 0
vt 1 0
vt 1 1
vt 0 1
vt 0 0
vt 1 0
vt 1 5
vt 0 5
vt 0 0
vt 1 0
vt 1 5
vt 0 5
vt 0 0
vt 1 0
vt 1 5
vt 0 5
vt 0 0
vt 1 0
vt 1 5
vt 0 5
vt 0 0
vt 1 0
vt 1 1
vt 0 1
vt 0 0
vt 1 0
vt 1 1
vt 0 1
vt 0 0
vt 1 0
vt 1 5
vt 0 5
vt 0 0
vt 1 0
vt 1 5
vt 0 5
vt 0 0
vt 1 0
vt 1 5
vt 0 5
vt 0 0
vt 1 0
vt 1 5
vt 0 5
vt 0 0
vt 1 0
vt 1 1
vt 0 1
vt 0 0
vt 1 0
vt 1 1
vt 0 1
vt 0 0
vt 1 0
vt 1 1
vt 0 1
vt 0 0
vt 1 0
vt 1 1
vt 0 1
vt 0 0
vt 1 0
vt 1 1
vt 0 1
vt 0 0
vt 1 0
vt 1 1
vt 0 1
vt 0 0
vt 1 0
vt 1 1
vt 0 1
vt 0 0
vt 1 0
vt 1 1
vt 0 1
vt 0 0
vt 1 0
vt 1 1
vt 0 1
vt 0 0
vt 1 0
vt 1 1
vt 0 1
vt 0 0
vt 1 0
vt 1 1
vt 0 1
vt 0 0
vt 1 0
vt 1 1
vt 0 1
vt 0 0
vt 1 0
vt 1 1
vt 0 1
vt 0 0
vt 1 0
vt 1 1
vt 0 1
vt 0 0
vt 1 0
vt 1 1
vt 0 1
vt 0 0
vt 1 0
vt 1 1
vt 0 1
vt 0 0
vt 1 0
vt 1 1
vt 0 1
vt 0 0
vt 1 0
vt 1 1
vt 0 1
vt 0 0
vt 1 0
vt 1 1
vt 0 1
vt 0 0
vt 1 0
vt 1 1
vt 0 1
vt 0 0
vt 1 0
vt 1 1
vt 0 1
vt 0 0
vt 1 0
vt 1 1
vt 0 1
vt 0 0
vt 1 0
vt 1 1
vt 0 1
vt 0 0
vt 1 0
vt 1 1
vt 0 1
vt 0 0
vt 1 0
vt 1 1
vt 0 1
vt 0 0
vt 1 0
vt 1 1
vt 0 1
vt 0 0
vt 1 0
vt 1 1
vt 0 1
vt 0 0
vt 1 0
vt 1 1
vt 0 1
vt 0 0
vt 1 0
vt 1 1
vt 0 1
vt 0 0
vt 1 0
vt 1 1
vt 0 1
vt 0 0
vt 1 0
vt 1 1
vt 0 1
vt 0 0
vt 1 0
vt 1 1
vt 0 1
vt 0 0
vt 1 0
vt 1 1
vt 0 1
vt 0 0
vt 1 0
vt 1 1
vt 0 1
vt 0 0
vt 1 0
vt 1 1
vt 0 1
vt 0 0
vt 1 0
vt 1 1
vt 0 1
vt 0 0
vt 1 0
vt 1 1
vt 0 1
vt 0 0
vt 1 0
vt 1 1
vt 0 1
vt 0 0
vt 1 0
vt 1 1
vt 0 1
vt 0 0
vt 1 0
vt 1 1
vt 0 1
vt 0 0
vt 1 0
vt 1 1
vt 0 1
vt 0 0
vt 1 0
vt 1 1
vt 0 1
vt 0 0
vt 1 0
vt 1 1
vt 0 1
vt 0 0
vt 1 0
vt 1 1
vt 0 1
vt 0 0
vt 1 0
vt 1 1
vt 0 1
vt 0 0
vt 1 0
vt 1 1
vt 0 1
vt 0 0
vt 1 0
vt 1 1
vt 0 1
vt 0 0
vt 1 0
vt 1 1
vt 0 1
vt 0 0
vt 1 0
vt 1 1
vt 0 1
vt 0 0
vt 1 0
vt 1 1
vt 0 1
vt 0 0
vt 1 0
vt 1 1
vt 0 1
vt 0 0
vt 1 0
vt 1 1
vt 0 1
vt 0 0
vt 1 0
vt 1 1
vt 0 1
vt 0 0
vt 1 0
vt 1 1
vt 0 1
vt 0 0
vt 1 0
vt 1 1
vt 0 1
vt 0 0
vt 1 0
vt 1 1
vt 0 1
vt 0 0
vt 1 0
vt 1 5
vt 0 5
vt 0 0
vt 1 0
vt 1 5
vt 0 5
vt 0 0
vt 1 0
vt 1 5
vt 0 5
vt 0 0
vt 1 0
vt 1 5
vt 0 5
vt 0 0
vt 1 0
vt 1 1
vt 0 1
vt 0 0
vt 1 0
vt 1 1
vt 0 1
vt 0 0
vt 1 0
vt 1 5
vt 0 5
vt 0 0
vt 1 0
vt 1 5
vt 0 5
vt 0 0
vt 1 0
vt 1 5
vt 0 5
vt 0 0
vt 1 0
vt 1 5
vt 0 5
vt 0 0
vt 1 0
vt 1 1
vt 0 1
vt 0 0
vt 1 0
vt 1 1
vt 0 1
vt 0 0
vt 1 0
vt 1 5
vt 0 5
vt 0 0
vt 1 0
vt 1 5
vt 0 5
vt 0 0
vt 1 0
vt 1 5
vt 0 5
vt 0 0
vt 1 0
vt 1 5
vt 0 5
vt 0 0
vt 1 0
vt 1 1
vt 0 1
vt 0 0
vt 1 0
vt 1 1
vt 0 1
vt 0 0
vt 1 0
vt 1 5
vt 0 5
vt 0 0
vt 1 0
vt 1 5
vt 0 5
vt 0 0
vt 1 0
vt 1 5
vt 0 5
vt 0 0
vt 1 0
vt 1 5
vt 0 5
vt 0 0
vt 1 0
vt 1 2
vt 0 2
vt 0 0
vt 1 0
vt 1 2
vt 0 2
vt 0 0
vt 1 0
vt 1 1
vt 0 1
vt 0 0
vt 2 0
vt 2 1
vt 0 1
vt 0 0
vt 1 0
vt 1 1
vt 0 1
vt 0 0
vt 2 0
vt 2 1
vt 0 1
vt 0 0
vt 1 0
vt 1 1
vt 0 1
vt 0 0
vt 1 0
vt 1 1
vt 0 1
vt 0 0
vt 1 0
vt 1 1
vt 0 1
vt 0 0
vt 1 0
vt 1 1
vt 0 1
vt 0 0
vt 1 0
vt 1 1
vt 0 1
vt 0 0
vt 1 0
vt 1 1
vt 0 1
vt 0 0
vt 14 0
vt 14 14
vt 0 14
vt 0 0
vt 14 0
vt 14 14
vt 0 14
vt 0 0
vt 14 0
vt 14 1
vt 0 1
vt 0 0
vt 14 0
vt 14 1
vt 0 1
vt 0 0
vt 14 0
vt 14 1
vt 0 1
vt 0 0
vt 14 0
vt 14 1
vt 0 1
vt 0 0
vt 1 0
vt 1 1
vt 0 1
vt 0 0
vt 1 0
vt 1 1
vt 0 1
vt 0 0
vt 1 0
vt 1 1
vt 0 1
vt 0 0
vt 1 0
vt 1 1
vt 0 1
vt 0 0
vt 1 0
vt 1 1
vt 0 1
vt 0 0
vt 1 0
vt 1 1
vt 0 1
vt 0 0
vt 1 0
vt 1 1
vt 0 1
vt 0 0
vt 1 0
vt 1 1
vt 0 1
vt 0 0
vt 1 0
vt 1 1
vt 0 1
vt 0 0
vt 1 0
vt 1 1
vt 0 1
vt 0 0
vt 1 0
vt 1 1
vt 0 1
vt 0 0
vt 1 0
vt 1 1
vt 0 1
vt 0 0
vt 1 0
vt 1 1
vt 0 1
vt 0 0
vt 1 0
vt 1 1
vt 0 1
vt 0 0
vt 1 0
vt 1 1
vt 0 1
vt 0 0
vt 1 0
vt 1 1
vt 0 1
vt 0 0
vt 1 0
vt 1 1
vt 0 1
vt 0 0
vt 1 0
vt 1 1
vt 0 1
vt 0 0
vt 1 0
vt 1 1
vt 0 1
vt 0 0
vt 1 0
vt 1 1
vt 0 1
vt 0 0
vt 1 0
vt 1 1
vt 0 1
vt 0 0
vt 1 0
vt 1 1
vt 0 1
vt 0 0
vt 1 0
vt 1 1
vt 0 1
vt 0 0
vt 1 0
vt 1 1
vt 0 1
vt 0 0
vt 1 0
vt 1 1
vt 0 1
vt 0 0
vt 1 0
vt 1 1
vt 0 1
vt 0 0
vt 1 0
vt 1 1
vt 0 1
vt 0 0
vt 1 0
vt 1 1
vt 0 1
vt 0 0
vt 1 0
vt 1 1
vt 0 1
vt 0 0
vt 1 0
vt 1 1
vt 0 1
vt 0 0
vt 1 0
vt 1 1
vt 0 1
vt 0 0
vt 1 0
vt 1 1
vt 0 1
vt 0 0
vt 1 0
vt 1 1
vt 0 1
vt 0 0
vt 1 0
vt 1 1
vt 0 1
vt 0 0
vt 1 0
vt 1 1
vt 0 1
vt 0 0
vt 1 0
vt 1 1
vt 0 1
vt 0 0
vt 1 0
vt 1 1
vt 0 1
vt 0 0
vt 1 0
vt 1 1
vt 0 1
vt 0 0
vt 1 0
vt 1 1
vt 0 1
vt 0 0
vt 1 0
vt 1 1
vt 0 1
vt 0 0
vt 1 0
vt 1 1
vt 0 1
vt 0 0
vt 1 0
vt 1 1
vt 0 1
vt 0 0
vt 1 0
vt 1 1
vt 0 1
vt 0 0
vt 1 0
vt 1 1
vt 0 1
vt 0 0
vt 1 0
vt 1 1
vt 0 1
vt 0 0
vt 1 0
vt 1 1
vt 0 1
vt 0 0
vt 1 0
vt 1 1
vt 0 1
vt 0 0
vt 1 0
vt 1 1
vt 0 1
vt 0 0
vt 1 0
vt 1 1
vt 0 1
vt 0 0
vt 1 0
vt 1 1
vt 0 1
vt 0 0
vt 1 0
vt 1 1
vt 0 1
vt 0 0
vt 1 0
vt 1 1
vt 0 1
vt 0 0
vt 1 0
vt 1 1
vt 0 1
vt 0 0
vt 1 0
vt 1 1
vt 0 1
vt 0 0
vt 1 0
vt 1 1
vt 0 1
vt 0 0
vt 1 0
vt 1 1
vt 0 1
vt 0 0
vt 1 0
vt 1 1
vt 0 1
vt 0 0
vt 1 0
vt 1 1
vt 0 1
vt 0 0
vt 1 0
vt 1 1
vt 0 1
vt 0 0
vt 1 0
vt 1 1
vt 0 1
vt 0 0
vt 1 0
vt 1 1
vt 0 1
vt 0 0
vt 1 0
vt 1 1
vt 0 1
vt 0 0
vt 1 0
vt 1 1
vt 0 1
vt 0 0
vt 1 0
vt 1 1
vt 0 1
vt 0 0
vt 1 0
vt 1 1
vt 0 1
vt 0 0
vt 1 0
vt 1 1
vt 0 1
vt 0 0
vt 1 0
vt 1 1
vt 0 1
vt 0 0
vt 1 0
vt 1 1
vt 0 1
vt 0 0
vt 1 0
vt 1 1
vt 0 1
vt 0 0
vt 1 0
vt 1 1
vt 0 1
vt 0 0
vt 1 0
vt 1 1
vt 0 1
vt 0 0
vt 1 0
vt 1 1
vt 0 1
vt 0 0
vt 1 0
vt 1 1
vt 0 1
vt 0 0
vt 1 0
vt 1 1
vt 0 1
vt 0 0
vt 1 0
vt 1 1
vt 0 1
vt 0 0
vt 1 0
vt 1 1
vt 0 1
vt 0 0
vt 1 0
vt 1 1
vt 0 1
vt 0 0
vt 1 0
vt 1 1
vt 0 1
vt 0 0
vt 1 0
vt 1 1
vt 0 1
vt 0 0
vt 1 0
vt 1 1
vt 0 1
vt 0 0
vt 1 0
vt 1 1
vt 0 1
vt 0 0
vt 1 0
vt 1 1
vt 0 1
vt 0 0
vt 1 0
vt 1 1
vt 0 1
vt 0 0
vt 1 0
vt 1 1
vt 0 1
vt 0 0
vt 1 0
vt 1 1
vt 0 1
vt 0 0
vt 1 0
vt 1 1
vt 0 1
vt 0 0
vt 1 0
vt 1 1
vt 0 1
vt 0 0
vt 1 0
vt 1 1
vt 0 1
vt 0 0
vt 1 0
vt 1 1
vt 0 1
vt 0 0
vt 1 0
vt 1 1
vt 0 1
vt 0 0
vt 1 0
vt 1 1
vt 0 1
vt 0 0
vt 1 0
vt 1 1
vt 0 1
vt 0 0
vt 1 0
vt 1 1
vt 0 1
vt 0 0
vt 1 0
vt 1 1
vt 0 1
vt 0 0
vt 1 0
vt 1 1
vt 0 1
vt 0 0
vt 1 0
vt 1 1
vt 0 1
vt 0 0
vt 1 0
vt 1 1
vt 0 1
vt 0 0
vt 1 0
vt 1 1
vt 0 1
vt 0 0
vt 1 0
vt 1 1
vt 0 1
vt 0 0
vt 1 0
vt 1 1
vt 0 1
vt 0 0
vt 1 0
vt 1 1
vt 0 1
vt 0 0
vt 1 0
vt 1 1
vt 0 1
vt 0 0
vt 1 0
vt 1 1
vt 0 1
vt 0 0
vt 1 0
vt 1 1
vt 0 1
vt 0 0
vt 1 0
vt 1 1
vt 0 1
vt 0 0
vt 1 0
vt 1 1
vt 0 1
vt 0 0
vt 1 0
vt 1 1
vt 0 1
vt 0 0
vt 1 0
vt 1 1
vt 0 1
vt 0 0
vt 1 0
vt 1 1
vt 0 1
vt 0 0
vt 1 0
vt 1 1
vt 0 1
vt 0 0
vt 1 0
vt 1 1
vt 0 1
vt 0 0
vt 1 0
vt 1 1
vt 0 1
vt 0 0
vt 1 0
vt 1 1
vt 0 1
vt 0 0
vt 1 0
vt 1 1
vt 0 1
vt 0 0
vt 1 0
vt 1 1
vt 0 1
vt 0 0
vt 1 0
vt 1 1
vt 0 1
vt 0 0
vt 1 0
vt 1 1
vt 0 1
vt 0 0
vt 1 0
vt 1 1
vt 0 1
vt 0 0
vt 1 0
vt 1 1
vt 0 1
vt 0 0
vt 1 0
vt 1 1
vt 0 1
vt 0 0
vt 1 0
vt 1 1
vt 0 1
vt 0 0
vt 1 0
vt 1 1
vt 0 1
vt 0 0
vt 1 0
vt 1 1
vt 0 1
vt 0 0
vt 1 0
vt 1 1
vt 0 1
vt 0 0
vt 1 0
vt 1 1
vt 0 1
vt 0 0
vt 1 0
vt 1 1
vt 0 1
vt 0 0
vt 1 0
vt 1 1
vt 0 1
vt 0 0
vt 1 0
vt 1 1
vt 0 1
vt 0 0
vt 1 0
vt 1 1
vt 0 1
vt 0 0
vt 1 0
vt 1 1
vt 0 1
vt 0 0
vt 1 0
vt 1 1
vt 0 1
vt 0 0
vt 1 0
vt 1 1
vt 0 1
vt 0 0
vt 1 0
vt 1 1
vt 0 1
vt 0 0
vt 1 0
vt 1 1
vt 0 1
vt 0 0
vt 1 0
vt 1 1
vt 0 1
vt 0 0
vt 1 0
vt 1 1
vt 0 1
vt 0 0
vt 1 0
vt 1 1
vt 0 1
vt 0 0
vt 1 0
vt 1 1
vt 0 1
vt 0 0
vt 1 0
vt 1 1
vt 0 1
vt 0 0
vt 1 0
vt 1 1
vt 0 1
vt 0 0
vt 1 0
vt 1 1
vt 0 1
vt 0 0
vt 1 0
vt 1 1
vt 0 1
vt 0 0
vt 1 0
vt 1 1
vt 0 1
vt 0 0
vt 1 0
vt 1 1
vt 0 1
vt 0 0
vt 1 0
vt 1 1
vt 0 1
vt 0 0
vt 1 0
vt 1 1
vt 0 1
vt 0 0
vt 1 0
vt 1 1
vt 0 1
vt 0 0
vt 1 0
vt 1 1
vt 0 1
vt 0 0
vt 1 0
vt 1 1
vt 0 1
vt 0 0
vt 1 0
vt 1 1
vt 0 1
vt 0 0
vt 1 0
vt 1 1
vt 0 1
vt 0 0
vt 1 0
vt 1 1
vt 0 1
vt 0 0
vt 1 0
vt 1 1
vt 0 1
vt 0 0
vt 1 0
vt 1 1
vt 0 1
vt 0 0
vt 1 0
vt 1 1
vt 0 1
vt 0 0
vt 1 0
vt 1 1
vt 0 1
vt 0 0
vt 1 0
vt 1 1
vt 0 1
vt 0 0
vt 1 0
vt 1 1
vt 0 1
vt 0 0
vt 1 0
vt 1 1
vt 0 1
vt 0 0
vt 1 0
vt 1 1
vt 0 1
vt 0 0
vt 1 0
vt 1 1
vt 0 1
vt 0 0
vt 1 0
vt 1 1
vt 0 1
vt 0 0
vt 1 0
vt 1 1
vt 0 1
vt 0 0
vt 1 0
vt 1 1
vt 0 1
vt 0 0
vt 1 0
vt 1 1
vt 0 1
vt 0 0
vt 1 0
vt 1 1
vt 0 1
vt 0 0
vt 1 0
vt 1 1
vt 0 1
vt 0 0
vt 1 0
vt 1 1
vt 0 1
vt 0 0
vt 1 0
vt 1 1
vt 0 1
vt 0 0
vt 1 0
vt 1 1
vt 0 1
vt 0 0
vt 1 0
vt 1 1
vt 0 1
vt 0 0
vt 1 0
vt 1 1
vt 0 1
vt 0 0
vt 1 0
vt 1 1
vt 0 1
vt 0 0
vt 1 0
vt 1 1
vt 0 1
vt 0 0
vt 1 0
vt 1 1
vt 0 1
vt 0 0
vt 1 0
vt 1 1
vt 0 1
vt 0 0
vt 1 0
vt 1 1
vt 0 1
vt 0 0
vt 1 0
vt 1 1
vt 0 1
vt 0 0
vt 1 0
vt 1 1
vt 0 1
vt 0 0
vt 1 0
vt 1 1
vt 0 1
vt 0 0
vt 1 0
vt 1 1
vt 0 1
vt 0 0
vt 1 0
vt 1 1
vt 0 1
vt 0 0
vt 1 0
vt 1 1
vt 0 1
vt 0 0
vt 1 0
vt 1 1
vt 0 1
vt 0 0
vt 1 0
vt 1 1
vt 0 1
vt 0 0
vt 1 0
vt 1 1
vt 0 1
vt 0 0
vt 1 0
vt 1 1
vt 0 1
vt 0 0
vt 1 0
vt 1 1
vt 0 1
vt 0 0
vt 1 0
vt 1 1
vt 0 1
vt 0 0
vt 1 0
vt 1 1
vt 0 1
vt 0 0
vt 1 0
vt 1 1
vt 0 1
vt 0 0
vt 1 0
vt 1 1
vt 0 1
vt 0 0
vt 1 0
vt 1 1
vt 0 1
vt 0 0
vt 1 0
vt 1 1
vt 0 1
vt 0 0
vt 1 0
vt 1 1
vt 0 1
vt 0 0
vt 1 0
vt 1 1
vt 0 1
vt 0 0
vt 1 0
vt 1 1
vt 0 1
vt 0 0
vt 1 0
vt 1 1
vt 0 1
vt 0 0
vt 1 0
vt 1 1
vt 0 1
vt 0 0
vt 1 0
vt 1 1
vt 0 1
vt 0 0
vt 1 0
vt 1 1
vt 0 1
vt 0 0
vt 1 0
vt 1 1
vt 0 1
vt 0 0
vt 1 0
vt 1 1
vt 0 1
vt 0 0
vt 1 0
vt 1 1
vt 0 1
vt 0 0
vt 1 0
vt 1 1
vt 0 1
vt 0 0
vt 1 0
vt 1 1
vt 0 1
vt 0 0
vt 1 0
vt 1 1
vt 0 1
vt 0 0
vt 1 0
vt 1 1
vt 0 1
vt 0 0
vt 1 0
vt 1 1
vt 0 1
vt 0 0
vt 1 0
vt 1 1
vt 0 1
vt 0 0
vt 1 0
vt 1 1
vt 0 1
vt 0 0
vt 1 0
vt 1 1
vt 0 1
vt 0 0
vt 1 0
vt 1 1
vt 0 1
vt 0 0
vt 1 0
vt 1 1
vt 0 1
vt 0 0
vt 1 0
vt 1 1
vt 0 1
vt 0 0
vt 1 0
vt 1 1
vt 0 1
vt 0 0
vt 1 0
vt 1 1
vt 0 1
vt 0 0
vt 1 0
vt 1 1
vt 0 1
vt 0 0
vt 1 0
vt 1 1
vt 0 1
vt 0 0
vt 1 0
vt 1 1
vt 0 1
vt 0 0
vt 1 0
vt 1 1
vt 0 1
vt 0 0
vt 1 0
vt 1 1
vt 0 1
vt 0 0
vt 1 0
vt 1 1
vt 0 1
vt 0 0
vt 1 0
vt 1 1
vt 0 1
vt 0 0
vt 1 0
vt 1 1
vt 0 1
vt 0 0
vt 1 0
vt 1 1
vt 0 1
vt 0 0
vt 1 0
vt 1 1
vt 0 1
vt 0 0
vt 1 0
vt 1 1
vt 0 1
vt 0 0
vt 1 0
vt 1 1
vt 0 1
vt 0 0
vt 1 0
vt 1 1
vt 0 1
vt 0 0
vt 1 0
vt 1 1
vt 0 1
vt 0 0
vt 1 0
vt 1 1
vt 0 1
vt 0 0
vt 1 0
vt 1 1
vt 0 1
vt 0 0
vt 1 0
vt 1 1
vt 0 1
vt 0 0
vt 1 0
vt 1 1
vt 0 1
vt 0 0
vt 1 0
vt 1 1
vt 0 1
vt 0 0
vt 1 0
vt 1 1
vt 0 1
vt 0 0
vt 1 0
vt 1 1
vt 0 1
vt 0 0
vt 1 0
vt 1 1
vt 0 1
vt 0 0
vt 1 0
vt 1 1
vt 0 1
vt 0 0
vt 1 0
vt 1 1
vt 0 1
vt 0 0
vt 1 0
vt 1 1
vt 0 1
vt 0 0
vt 1 0
vt 1 1
vt 0 1
vt 0 0
vt 1 0
vt 1 1
vt 0 1
vt 0 0
vt 1 0
vt 1 1
vt 0 1
vt 0 0
vt 1 0
vt 1 1
vt 0 1
vt 0 0
vt 1 0
vt 1 1
vt 0 1
vt 0 0
vt 1 0
vt 1 1
vt 0 1
vt 0 0
vt 1 0
vt 1 1
vt 0 1
vt 0 0
vt 1 0
vt 1 1
vt 0 1
vt 0 0
vt 1 0
vt 1 1
vt 0 1
vt 0 0
vt 1 0
vt 1 1
vt 0 1
vt 0 0
vt 1 0
vt 1 1
vt 0 1
vt 0 0
vt 1 0
vt 1 1
vt 0 1
vt 0 0
vt 1 0
vt 1 1
vt 0 1
vt 0 0
vt 1 0
vt 1 1
vt 0 1
vt 0 0
vt 1 0
vt 1 1
vt 0 1
vt 0 0
vt 1 0
vt 1 1
vt 0 1
vt 0 0
vt 1 0
vt 1 1
vt 0 1
vt 0 0
vt 1 0
vt 1 1
vt 0 1
vt 0 0
vt 1 0
vt 1 1
vt 0 1
vt 0 0
vt 1 0
vt 1 1
vt 0 1
vt 0 0
vt 1 0
vt 1 1
vt 0 1
vt 0 0
vt 1 0
vt 1 1
vt 0 1
vt 0 0
vt 1 0
vt 1 1
vt 0 1
vt 0 0
vt 1 0
vt 1 1
vt 0 1
vt 0 0
vt 1 0
vt 1 1
vt 0 1
vt 0 0
vt 1 0
vt 1 1
vt 0 1
vt 0 0
vt 1 0
vt 1 1
vt 0 1
vt 0 0
vt 1 0
vt 1 1
vt 0 1
vt 0 0
vt 1 0
vt 1 1
vt 0 1
vt 0 0
vt 1 0
vt 1 1
vt 0 1
vt 0 0
vt 1 0
vt 1 1
vt 0 1
vt 0 0
vt 1 0
vt 1 1
vt 0 1
vt 0 0
vt 1 0
vt 1 1
vt 0 1
vt 0 0
vt 1 0
vt 1 1
vt 0 1
vt 0 0
vt 1 0
vt 1 1
vt 0 1
vt 0 0
vt 1 0
vt 1 1
vt 0 1
vt 0 0
vt 1 0
vt 1 1
vt 0 1
vt 0 0
vt 1 0
vt 1 1
vt 0 1
vt 0 0
vt 1 0
vt 1 1
vt 0 1
vt 0 0
vt 1 0
vt 1 1
vt 0 1
vt 0 0
vt 1 0
vt 1 1
vt 0 1
vt 0 0
vt 1 0
vt 1 1
vt 0 1
vt 0 0
vt 1 0
vt 1 1
vt 0 1
vt 0 0
vt 1 0
vt 1 1
vt 0 1
vt 0 0
vt 1 0
vt 1 1
vt 0 1
vt 0 0
vt 1 0
vt 1 1
vt 0 1
vt 0 0
vt 1 0
vt 1 1
vt 0 1
vt 0 0
vt 1 0
vt 1 1
vt 0 1
vt 0 0
vt 1 0
vt 1 1
vt 0 1
vt 0 0
vt 1 0
vt 1 1
vt 0 1
vt 0 0
vt 1 0
vt 1 1
vt 0 1
vt 0 0
vt 1 0
vt 1 1
vt 0 1
vt 0 0
vt 1 0
vt 1 1
vt 0 1
vt 0 0
vt 1 0
vt 1 1
vt 0 1
vt 0 0
vt 1 0
vt 1 1
vt 0 1
vt 0 0
vt 1 0
vt 1 1
vt 0 1
vt 0 0
vt 1 0
vt 1 1
vt 0 1
vt 0 0
vt 1 0
vt 1 1
vt 0 1
vt 0 0
vt 1 0
vt 1 1
vt 0 1
vt 0 0
vt 1 0
vt 1 1
vt 0 1
vt 0 0
vt 1 0
vt 1 1
vt 0 1
vt 0 0
vt 1 0
vt 1 1
vt 0 1
vt 0 0
vt 1 0
vt 1 1
vt 0 1
vt 0 0
vt 1 0
vt 1 1
vt 0 1
vt 0 0
vt 1 0
vt 1 1
vt 0 1
vt 0 0
vt 1 0
vt 1 1
vt 0 1
vt 0 0
vt 1 0
vt 1 1
vt 0 1
vt 0 0
vt 1 0
vt 1 1
vt 0 1
vt 0 0
vt 1 0
vt 1 1
vt 0 1
vt 0 0
vt 1 0
vt 1 1
vt 0 1
vt 0 0
vt 1 0
vt 1 1
vt 0 1
vt 0 0
vt 1 0
vt 1 1
vt 0 1
vt 0 0
vt 1 0
vt 1 1
vt 0 1
vt 0 0
vt 1 0
vt 1 1
vt 0 1
vt 0 0
vt 1 0
vt 1 1
vt 0 1
vt 0 0
vt 1 0
vt 1 1
vt 0 1
vt 0 0
vt 1 0
vt 1 1
vt 0 1
vt 0 0
vt 1 0
vt 1 1
vt 0 1
vt 0 0
vt 1 0
vt 1 1
vt 0 1
vt 0 0
vt 1 0
vt 1 1
vt 0 1
vt 0 0
vt 1 0
vt 1 1
vt 0 1
vt 0 0
vt 1 0
vt 1 1
vt 0 1
vt 0 0
vt 1 0
vt 1 1
vt 0 1
vt 0 0
vt 1 0
vt 1 1
vt 0 1
vt 0 0
vt 1 0
vt 1 1
vt 0 1
vt 0 0
vt 1 0
vt 1 1
vt 0 1
vt 0 0
vt 1 0
vt 1 1
vt 0 1
vt 0 0
vt 1 0
vt 1 1
vt 0 1
vt 0 0
vt 1 0
vt 1 1
vt 0 1
vt 0 0
vt 1 0
vt 1 1
vt 0 1
vt 0 0
vt 1 0
vt 1 1
vt 0 1
vt 0 0
vt 1 0
vt 1 1
vt 0 1
vt 0 0
vt 1 0
vt 1 1
vt 0 1
vt 0 0
vt 1 0
vt 1 1
vt 0 1
vt 0 0
vt 1 0
vt 1 1
vt 0 1
vt 0 0
vt 1 0
vt 1 1
vt 0 1
vt 0 0
vt 1 0
vt 1 1
vt 0 1
vt 0 0
vt 1 0
vt 1 1
vt 0 1
vt 0 0
vt 1 0
vt 1 1
vt 0 1
vt 0 0
vt 1 0
vt 1 1
vt 0 1
vt 0 0
vt 1 0
vt 1 1
vt 0 1
vt 0 0
vt 1 0
vt 1 1
vt 0 1
vt 0 0
vt 1 0
vt 1 1
vt 0 1
vt 0 0
vt 1 0
vt 1 1
vt 0 1
vt 0 0
vt 1 0
vt 1 1
vt 0 1
vt 0 0
vt 1 0
vt 1 1
vt 0 1
vt 0 0
vt 1 0
vt 1 1
vt 0 1
vt 0 0
vt 1 0
vt 1 1
vt 0 1
vt 0 0
vt 1 0
vt 1 1
vt 0 1
vt 0 0
vt 1 0
vt 1 1
vt 0 1
vt 0 0
vt 1 0
vt 1 1
vt 0 1
vt 0 0
vt 1 0
vt 1 1
vt 0 1
vt 0 0
vt 1 0
vt 1 1
vt 0 1
vt 0 0
vt 1 0
vt 1 1
vt 0 1
vt 0 0
vt 1 0
vt 1 1
vt 0 1
vt 0 0
vt 1 0
vt 1 1
vt 0 1
vt 0 0
vt 1 0
vt 1 1
vt 0 1
vt 0 0
vt 1 0
vt 1 1
vt 0 1
vt 0 0
vt 1 0
vt 1 1
vt 0 1
vt 0 0
vt 1 0
vt 1 1
vt 0 1
vt 0 0
vt 1 0
vt 1 1
vt 0 1
vt 0 0
vt 1 0
vt 1 1
vt 0 1
vt 0 0
vt 1 0
vt 1 1
vt 0 1
vt 0 0
vt 1 0
vt 1 1
vt 0 1
vt 0 0
vt 1 0
vt 1 1
vt 0 1
vt 0 0
vt 1 0
vt 1 1
vt 0 1
vt 0 0
vt 1 0
vt 1 1
vt 0 1
vt 0 0
vt 1 0
vt 1 1
vt 0 1
vt 0 0
vt 1 0
vt 1 1
vt 0 1
vt 0 0
vt 1 0
vt 1 1
vt 0 1
vt 0 0
vt 1 0
vt 1 1
vt 0 1
vt 0 0
vt 1 0
vt 1 1
vt 0 1
vt 0 0
vt 1 0
vt 1 1
vt 0 1
vt 0 0
vt 1 0
vt 1 1
vt 0 1
vt 0 0
vt 1 0
vt 1 1
vt 0 1
vt 0 0
vt 1 0
vt 1 1
vt 0 1
vt 0 0
vt 1 0
vt 1 1
vt 0 1
vt 0 0
vt 1 0
vt 1 1
vt 0 1
vt 0 0
vt 1 0
vt 1 1
vt 0 1
vt 0 0
vt 1 0
vt 1 1
vt 0 1
vt 0 0
vt 1 0
vt 1 1
vt 0 1
vt 0 0
vt 1 0
vt 1 1
vt 0 1
vt 0 0
vt 1 0
vt 1 1
vt 0 1
vt 0 0
vt 1 0
vt 1 1
vt 0 1
vt 0 0
vt 1 0
vt 1 1
vt 0 1
vt 0 0
vt 1 0
vt 1 1
vt 0 1
vt 0 0
vt 1 0
vt 1 1
vt 0 1
vt 0 0
vt 1 0
vt 1 1
vt 0 1
vt 0 0
vt 1 0
vt 1 1
vt 0 1
vt 0 0
vt 1 0
vt 1 1
vt 0 1
vt 0 0
vt 1 0
vt 1 1
vt 0 1
vt 0 0
vt 1 0
vt 1 1
vt 0 1
vt 0 0
vt 1 0
vt 1 1
vt 0 1
vt 0 0
vt 1 0
vt 1 1
vt 0 1
vt 0 0
vt 1 0
vt 1 1
vt 0 1
vt 0 0
vt 1 0
vt 1 1
vt 0 1
vt 0 0
vt 1 0
vt 1 1
vt 0 1
vt 0 0
vt 1 0
vt 1 1
vt 0 1
vt 0 0
vt 1 0
vt 1 1
vt 0 1
vt 0 0
vt 1 0
vt 1 1
vt 0 1
vt 0 0
vt 1 0
vt 1 1
vt 0 1
vt 0 0
vt 1 0
vt 1 1
vt 0 1
vt 0 0
vt 1 0
vt 1 1
vt 0 1
vt 0 0
vt 1 0
vt 1 1
vt 0 1
vt 0 0
vt 1 0
vt 1 1
vt 0 1
vt 0 0
vt 1 0
vt 1 1
vt 0 1
vt 0 0
vt 2 0
vt 2 2
vt 0 2
vt 0 0
vt 2 0
vt 2 2
vt 0 2
vt 0 0
vt 2 0
vt 2 1
vt 0 1
vt 0 0
vt 2 0
vt 2 1
vt 0 1
vt 0 0
vt 2 0
vt 2 1
vt 0 1
vt 0 0
vt 2 0
vt 2 1
vt 0 1
vt 0 0
vt 2 0
vt 2 2
vt 0 2
vt 0 0
vt 2 0
vt 2 2
vt 0 2
vt 0 0
vt 2 0
vt 2 1
vt 0 1
vt 0 0
vt 2 0
vt 2 1
vt 0 1
vt 0 0
vt 2 0
vt 2 1
vt 0 1
vt 0 0
vt 2 0
vt 2 1
vt 0 1
vt 0 0
vt 2 0
vt 2 2
vt 0 2
vt 0 0
vt 2 0
vt 2 2
vt 0 2
vt 0 0
vt 2 0
vt 2 1
vt 0 1
vt 0 0
vt 2 0
vt 2 1
vt 0 1
vt 0 0
vt 2 0
vt 2 1
vt 0 1
vt 0 0
vt 2 0
vt 2 1
vt 0 1
vt 0 0
vt 2 0
vt 2 2
vt 0 2
vt 0 0
vt 2 0
vt 2 2
vt 0 2
vt 0 0
vt 2 0
vt 2 1
vt 0 1
vt 0 0
vt 2 0
vt 2 1
vt 0 1
vt 0 0
vt 2 0
vt 2 1
vt 0 1
vt 0 0
vt 2 0
vt 2 1
vt 0 1
o Concrete
usemtl Concrete
f 1/1 2/2 3/3 4/4 # Ground
f 5/5 6/6 7/7 8/8 # Ground
f 1/9 2/10 6/11 5/12 # Ground
f 2/13 3/14 7/15 6/16 # Ground
f 3/17 4/18 8/19 7/20 # Ground
f 4/21 1/22 5/23 8/24 # Ground
f 3153/25 3154/26 3155/27 3156/28 # BridgeDeck
f 3157/29 3158/30 3159/31 3160/32 # BridgeDeck
f 3153/33 3154/34 3158/35 3157/36 # BridgeDeck
f 3154/37 3155/38 3159/39 3158/40 # BridgeDeck
f 3155/41 3156/42 3160/43 3159/44 # BridgeDeck
f 3156/45 3153/46 3157/47 3160/48 # BridgeDeck
f 3161/49 3162/50 3163/51 3164/52 # BridgeR1
f 3165/53 3166/54 3167/55 3168/56 # BridgeR1
f 3161/57 3162/58 3166/59 3165/60 # BridgeR1
f 3162/61 3163/62 3167/63 3166/64 # BridgeR1
f 3163/65 3164/66 3168/67 3167/68 # BridgeR1
f 3164/69 3161/70 3165/71 3168/72 # BridgeR1
f 3169/73 3170/74 3171/75 3172/76 # BridgeR2
f 3173/77 3174/78 3175/79 3176/80 # BridgeR2
f 3169/81 3170/82 3174/83 3173/84 # BridgeR2
f 3170/85 3171/86 3175/87 3174/88 # BridgeR2
f 3171/89 3172/90 3176/91 3175/92 # BridgeR2
f 3172/93 3169/94 3173/95 3176/96 # BridgeR2
f 3305/97 3306/98 3307/99 3308/100 # ParkLot
f 3309/101 3310/102 3311/103 3312/104 # ParkLot
f 3305/105 3306/106 3310/107 3309/108 # ParkLot
f 3306/109 3307/110 3311/111 3310/112 # ParkLot
f 3307/113 3308/114 3312/115 3311/116 # ParkLot
f 3308/117 3305/118 3309/119 3312/120 # ParkLot
o Water
usemtl Water
f 9/121 10/122 11/123 12/124 # Water
f 13/125 14/126 15/127 16/128 # Water
f 9/129 10/130 14/131 13/132 # Water
f 10/133 11/134 15/135 14/136 # Water
f 11/137 12/138 16/139 15/140 # Water
f 12/141 9/142 13/143 16/144 # Water
f 3289/145 3290/146 3291/147 3292/148 # ParkWater
f 3293/149 3294/150 3295/151 3296/152 # ParkWater
f 3289/153 3290/154 3294/155 3293/156 # ParkWater
f 3290/157 3291/158 3295/159 3294/160 # ParkWater
f 3291/161 3292/162 3296/163 3295/164 # ParkWater
f 3292/165 3289/166 3293/167 3296/168 # ParkWater
o Sand
usemtl Sand
f 17/169 18/170 19/171 20/172 # Sand
f 21/173 22/174 23/175 24/176 # Sand
f 17/177 18/178 22/179 21/180 # Sand
f 18/181 19/182 23/183 22/184 # Sand
f 19/185 20/186 24/187 23/188 # Sand
f 20/189 17/190 21/191 24/192 # Sand
o Stone
usemtl Stone
f 25/193 26/194 27/195 28/196 # Seawall
f 29/197 30/198 31/199 32/200 # Seawall
f 25/201 26/202 30/203 29/204 # Seawall
f 26/205 27/206 31/207 30/208 # Seawall
f 27/209 28/210 32/211 31/212 # Seawall
f 28/213 25/214 29/215 32/216 # Seawall
f 289/217 290/218 291/219 292/220 # Hero_Canopy
f 293/221 294/222 295/223 296/224 # Hero_Canopy
f 289/225 290/226 294/227 293/228 # Hero_Canopy
f 290/229 291/230 295/231 294/232 # Hero_Canopy
f 291/233 292/234 296/235 295/236 # Hero_Canopy
f 292/237 289/238 293/239 296/240 # Hero_Canopy
f 377/241 378/242 379/243 380/244 # Tall2_Canopy
f 381/245 382/246 383/247 384/248 # Tall2_Canopy
f 377/249 378/250 382/251 381/252 # Tall2_Canopy
f 378/253 379/254 383/255 382/256 # Tall2_Canopy
f 379/257 380/258 384/259 383/260 # Tall2_Canopy
f 380/261 377/262 381/263 384/264 # Tall2_Canopy
f 457/265 458/266 459/267 460/268 # Tall3_Canopy
f 461/269 462/270 463/271 464/272 # Tall3_Canopy
f 457/273 458/274 462/275 461/276 # Tall3_Canopy
f 458/277 459/278 463/279 462/280 # Tall3_Canopy
f 459/281 460/282 464/283 463/284 # Tall3_Canopy
f 460/285 457/286 461/287 464/288 # Tall3_Canopy
f 537/289 538/290 539/291 540/292 # Tall4_Canopy
f 541/293 542/294 543/295 544/296 # Tall4_Canopy
f 537/297 538/298 542/299 541/300 # Tall4_Canopy
f 538/301 539/302 543/303 542/304 # Tall4_Canopy
f 539/305 540/306 544/307 543/308 # Tall4_Canopy
f 540/309 537/310 541/311 544/312 # Tall4_Canopy
f 617/313 618/314 619/315 620/316 # Tall5_Canopy
f 621/317 622/318 623/319 624/320 # Tall5_Canopy
f 617/321 618/322 622/323 621/324 # Tall5_Canopy
f 618/325 619/326 623/327 622/328 # Tall5_Canopy
f 619/329 620/330 624/331 623/332 # Tall5_Canopy
f 620/333 617/334 621/335 624/336 # Tall5_Canopy
f 689/337 690/338 691/339 692/340 # B0_Canopy
f 693/341 694/342 695/343 696/344 # B0_Canopy
f 689/345 690/346 694/347 693/348 # B0_Canopy
f 690/349 691/350 695/351 694/352 # B0_Canopy
f 691/353 692/354 696/355 695/356 # B0_Canopy
f 692/357 689/358 693/359 696/360 # B0_Canopy
f 761/361 762/362 763/363 764/364 # B1_Canopy
f 765/365 766/366 767/367 768/368 # B1_Canopy
f 761/369 762/370 766/371 765/372 # B1_Canopy
f 762/373 763/374 767/375 766/376 # B1_Canopy
f 763/377 764/378 768/379 767/380 # B1_Canopy
f 764/381 761/382 765/383 768/384 # B1_Canopy
f 817/385 818/386 819/387 820/388 # B2_Canopy
f 821/389 822/390 823/391 824/392 # B2_Canopy
f 817/393 818/394 822/395 821/396 # B2_Canopy
f 818/397 819/398 823/399 822/400 # B2_Canopy
f 819/401 820/402 824/403 823/404 # B2_Canopy
f 820/405 817/406 821/407 824/408 # B2_Canopy
f 897/409 898/410 899/411 900/412 # B3_Canopy
f 901/413 902/414 903/415 904/416 # B3_Canopy
f 897/417 898/418 902/419 901/420 # B3_Canopy
f 898/421 899/422 903/423 902/424 # B3_Canopy
f 899/425 900/426 904/427 903/428 # B3_Canopy
f 900/429 897/430 901/431 904/432 # B3_Canopy
f 953/433 954/434 955/435 956/436 # B4_Canopy
f 957/437 958/438 959/439 960/440 # B4_Canopy
f 953/441 954/442 958/443 957/444 # B4_Canopy
f 954/445 955/446 959/447 958/448 # B4_Canopy
f 955/449 956/450 960/451 959/452 # B4_Canopy
f 956/453 953/454 957/455 960/456 # B4_Canopy
f 1033/457 1034/458 1035/459 1036/460 # B5_Canopy
f 1037/461 1038/462 1039/463 1040/464 # B5_Canopy
f 1033/465 1034/466 1038/467 1037/468 # B5_Canopy
f 1034/469 1035/470 1039/471 1038/472 # B5_Canopy
f 1035/473 1036/474 1040/475 1039/476 # B5_Canopy
f 1036/477 1033/478 1037/479 1040/480 # B5_Canopy
f 1105/481 1106/482 1107/483 1108/484 # B6_Canopy
f 1109/485 1110/486 1111/487 1112/488 # B6_Canopy
f 1105/489 1106/490 1110/491 1109/492 # B6_Canopy
f 1106/493 1107/494 1111/495 1110/496 # B6_Canopy
f 1107/497 1108/498 1112/499 1111/500 # B6_Canopy
f 1108/501 1105/502 1109/503 1112/504 # B6_Canopy
f 1177/505 1178/506 1179/507 1180/508 # B7_Canopy
f 1181/509 1182/510 1183/511 1184/512 # B7_Canopy
f 1177/513 1178/514 1182/515 1181/516 # B7_Canopy
f 1178/517 1179/518 1183/519 1182/520 # B7_Canopy
f 1179/521 1180/522 1184/523 1183/524 # B7_Canopy
f 1180/525 1177/526 1181/527 1184/528 # B7_Canopy
f 1249/529 1250/530 1251/531 1252/532 # B8_Canopy
f 1253/533 1254/534 1255/535 1256/536 # B8_Canopy
f 1249/537 1250/538 1254/539 1253/540 # B8_Canopy
f 1250/541 1251/542 1255/543 1254/544 # B8_Canopy
f 1251/545 1252/546 1256/547 1255/548 # B8_Canopy
f 1252/549 1249/550 1253/551 1256/552 # B8_Canopy
f 1305/553 1306/554 1307/555 1308/556 # B9_Canopy
f 1309/557 1310/558 1311/559 1312/560 # B9_Canopy
f 1305/561 1306/562 1310/563 1309/564 # B9_Canopy
f 1306/565 1307/566 1311/567 1310/568 # B9_Canopy
f 1307/569 1308/570 1312/571 1311/572 # B9_Canopy
f 1308/573 1305/574 1309/575 1312/576 # B9_Canopy
f 1377/577 1378/578 1379/579 1380/580 # B10_Canopy
f 1381/581 1382/582 1383/583 1384/584 # B10_Canopy
f 1377/585 1378/586 1382/587 1381/588 # B10_Canopy
f 1378/589 1379/590 1383/591 1382/592 # B10_Canopy
f 1379/593 1380/594 1384/595 1383/596 # B10_Canopy
f 1380/597 1377/598 1381/599 1384/600 # B10_Canopy
f 1433/601 1434/602 1435/603 1436/604 # B11_Canopy
f 1437/605 1438/606 1439/607 1440/608 # B11_Canopy
f 1433/609 1434/610 1438/611 1437/612 # B11_Canopy
f 1434/613 1435/614 1439/615 1438/616 # B11_Canopy
f 1435/617 1436/618 1440/619 1439/620 # B11_Canopy
f 1436/621 1433/622 1437/623 1440/624 # B11_Canopy
f 1505/625 1506/626 1507/627 1508/628 # B12_Canopy
f 1509/629 1510/630 1511/631 1512/632 # B12_Canopy
f 1505/633 1506/634 1510/635 1509/636 # B12_Canopy
f 1506/637 1507/638 1511/639 1510/640 # B12_Canopy
f 1507/641 1508/642 1512/643 1511/644 # B12_Canopy
f 1508/645 1505/646 1509/647 1512/648 # B12_Canopy
f 1561/649 1562/650 1563/651 1564/652 # B13_Canopy
f 1565/653 1566/654 1567/655 1568/656 # B13_Canopy
f 1561/657 1562/658 1566/659 1565/660 # B13_Canopy
f 1562/661 1563/662 1567/663 1566/664 # B13_Canopy
f 1563/665 1564/666 1568/667 1567/668 # B13_Canopy
f 1564/669 1561/670 1565/671 1568/672 # B13_Canopy
f 1617/673 1618/674 1619/675 1620/676 # Shop0_Trim
f 1621/677 1622/678 1623/679 1624/680 # Shop0_Trim
f 1617/681 1618/682 1622/683 1621/684 # Shop0_Trim
f 1618/685 1619/686 1623/687 1622/688 # Shop0_Trim
f 1619/689 1620/690 1624/691 1623/692 # Shop0_Trim
f 1620/693 1617/694 1621/695 1624/696 # Shop0_Trim
f 1689/697 1690/698 1691/699 1692/700 # Shop1_Trim
f 1693/701 1694/702 1695/703 1696/704 # Shop1_Trim
f 1689/705 1690/706 1694/707 1693/708 # Shop1_Trim
f 1690/709 1691/710 1695/711 1694/712 # Shop1_Trim
f 1691/713 1692/714 1696/715 1695/716 # Shop1_Trim
f 1692/717 1689/718 1693/719 1696/720 # Shop1_Trim
f 1761/721 1762/722 1763/723 1764/724 # Shop2_Trim
f 1765/725 1766/726 1767/727 1768/728 # Shop2_Trim
f 1761/729 1762/730 1766/731 1765/732 # Shop2_Trim
f 1762/733 1763/734 1767/735 1766/736 # Shop2_Trim
f 1763/737 1764/738 1768/739 1767/740 # Shop2_Trim
f 1764/741 1761/742 1765/743 1768/744 # Shop2_Trim
f 1833/745 1834/746 1835/747 1836/748 # Shop3_Trim
f 1837/749 1838/750 1839/751 1840/752 # Shop3_Trim
f 1833/753 1834/754 1838/755 1837/756 # Shop3_Trim
f 1834/757 1835/758 1839/759 1838/760 # Shop3_Trim
f 1835/761 1836/762 1840/763 1839/764 # Shop3_Trim
f 1836/765 1833/766 1837/767 1840/768 # Shop3_Trim
f 1905/769 1906/770 1907/771 1908/772 # Shop4_Trim
f 1909/773 1910/774 1911/775 1912/776 # Shop4_Trim
f 1905/777 1906/778 1910/779 1909/780 # Shop4_Trim
f 1906/781 1907/782 1911/783 1910/784 # Shop4_Trim
f 1907/785 1908/786 1912/787 1911/788 # Shop4_Trim
f 1908/789 1905/790 1909/791 1912/792 # Shop4_Trim
f 1977/793 1978/794 1979/795 1980/796 # Shop5_Trim
f 1981/797 1982/798 1983/799 1984/800 # Shop5_Trim
f 1977/801 1978/802 1982/803 1981/804 # Shop5_Trim
f 1978/805 1979/806 1983/807 1982/808 # Shop5_Trim
f 1979/809 1980/810 1984/811 1983/812 # Shop5_Trim
f 1980/813 1977/814 1981/815 1984/816 # Shop5_Trim
f 3265/817 3266/818 3267/819 3268/820 # ParkPath1
f 3269/821 3270/822 3271/823 3272/824 # ParkPath1
f 3265/825 3266/826 3270/827 3269/828 # ParkPath1
f 3266/829 3267/830 3271/831 3270/832 # ParkPath1
f 3267/833 3268/834 3272/835 3271/836 # ParkPath1
f 3268/837 3265/838 3269/839 3272/840 # ParkPath1
f 3273/841 3274/842 3275/843 3276/844 # ParkPath2
f 3277/845 3278/846 3279/847 3280/848 # ParkPath2
f 3273/849 3274/850 3278/851 3277/852 # ParkPath2
f 3274/853 3275/854 3279/855 3278/856 # ParkPath2
f 3275/857 3276/858 3280/859 3279/860 # ParkPath2
f 3276/861 3273/862 3277/863 3280/864 # ParkPath2
f 3281/865 3282/866 3283/867 3284/868 # ParkFount
f 3285/869 3286/870 3287/871 3288/872 # ParkFount
f 3281/873 3282/874 3286/875 3285/876 # ParkFount
f 3282/877 3283/878 3287/879 3286/880 # ParkFount
f 3283/881 3284/882 3288/883 3287/884 # ParkFount
f 3284/885 3281/886 3285/887 3288/888 # ParkFount
f 3297/889 3298/890 3299/891 3300/892 # ParkOb
f 3301/893 3302/894 3303/895 3304/896 # ParkOb
f 3297/897 3298/898 3302/899 3301/900 # ParkOb
f 3298/901 3299/902 3303/903 3302/904 # ParkOb
f 3299/905 3300/906 3304/907 3303/908 # ParkOb
f 3300/909 3297/910 3301/911 3304/912 # ParkOb
o Wood
usemtl Wood
f 33/913 34/914 35/915 36/916 # Boardwalk
f 37/917 38/918 39/919 40/920 # Boardwalk
f 33/921 34/922 38/923 37/924 # Boardwalk
f 34/925 35/926 39/927 38/928 # Boardwalk
f 35/929 36/930 40/931 39/932 # Boardwalk
f 36/933 33/934 37/935 40/936 # Boardwalk
f 2233/937 2234/938 2235/939 2236/940 # PierDeck
f 2237/941 2238/942 2239/943 2240/944 # PierDeck
f 2233/945 2234/946 2238/947 2237/948 # PierDeck
f 2234/949 2235/950 2239/951 2238/952 # PierDeck
f 2235/953 2236/954 2240/955 2239/956 # PierDeck
f 2236/957 2233/958 2237/959 2240/960 # PierDeck
f 2457/961 2458/962 2459/963 2460/964 # PierRail1
f 2461/965 2462/966 2463/967 2464/968 # PierRail1
f 2457/969 2458/970 2462/971 2461/972 # PierRail1
f 2458/973 2459/974 2463/975 2462/976 # PierRail1
f 2459/977 2460/978 2464/979 2463/980 # PierRail1
f 2460/981 2457/982 2461/983 2464/984 # PierRail1
f 2465/985 2466/986 2467/987 2468/988 # PierRail2
f 2469/989 2470/990 2471/991 2472/992 # PierRail2
f 2465/993 2466/994 2470/995 2469/996 # PierRail2
f 2466/997 2467/998 2471/999 2470/1000 # PierRail2
f 2467/1001 2468/1002 2472/1003 2471/1004 # PierRail2
f 2468/1005 2465/1006 2469/1007 2472/1008 # PierRail2
f 2497/1009 2498/1010 2499/1011 2500/1012 # Ticket
f 2501/1013 2502/1014 2503/1015 2504/1016 # Ticket
f 2497/1017 2498/1018 2502/1019 2501/1020 # Ticket
f 2498/1021 2499/1022 2503/1023 2502/1024 # Ticket
f 2499/1025 2500/1026 2504/1027 2503/1028 # Ticket
f 2500/1029 2497/1030 2501/1031 2504/1032 # Ticket
f 2793/1033 2794/1034 2795/1035 2796/1036 # Dock0
f 2797/1037 2798/1038 2799/1039 2800/1040 # Dock0
f 2793/1041 2794/1042 2798/1043 2797/1044 # Dock0
f 2794/1045 2795/1046 2799/1047 2798/1048 # Dock0
f 2795/1049 2796/1050 2800/1051 2799/1052 # Dock0
f 2796/1053 2793/1054 2797/1055 2800/1056 # Dock0
f 2849/1057 2850/1058 2851/1059 2852/1060 # Dock1
f 2853/1061 2854/1062 2855/1063 2856/1064 # Dock1
f 2849/1065 2850/1066 2854/1067 2853/1068 # Dock1
f 2850/1069 2851/1070 2855/1071 2854/1072 # Dock1
f 2851/1073 2852/1074 2856/1075 2855/1076 # Dock1
f 2852/1077 2849/1078 2853/1079 2856/1080 # Dock1
f 2905/1081 2906/1082 2907/1083 2908/1084 # Dock2
f 2909/1085 2910/1086 2911/1087 2912/1088 # Dock2
f 2905/1089 2906/1090 2910/1091 2909/1092 # Dock2
f 2906/1093 2907/1094 2911/1095 2910/1096 # Dock2
f 2907/1097 2908/1098 2912/1099 2911/1100 # Dock2
f 2908/1101 2905/1102 2909/1103 2912/1104 # Dock2
o Asphalt
usemtl Asphalt
f 41/1105 42/1106 43/1107 44/1108 # Ave_-200
f 45/1109 46/1110 47/1111 48/1112 # Ave_-200
f 41/1113 42/1114 46/1115 45/1116 # Ave_-200
f 42/1117 43/1118 47/1119 46/1120 # Ave_-200
f 43/1121 44/1122 48/1123 47/1124 # Ave_-200
f 44/1125 41/1126 45/1127 48/1128 # Ave_-200
f 49/1129 50/1130 51/1131 52/1132 # Ave_-120
f 53/1133 54/1134 55/1135 56/1136 # Ave_-120
f 49/1137 50/1138 54/1139 53/1140 # Ave_-120
f 50/1141 51/1142 55/1143 54/1144 # Ave_-120
f 51/1145 52/1146 56/1147 55/1148 # Ave_-120
f 52/1149 49/1150 53/1151 56/1152 # Ave_-120
f 57/1153 58/1154 59/1155 60/1156 # Ave_-40
f 61/1157 62/1158 63/1159 64/1160 # Ave_-40
f 57/1161 58/1162 62/1163 61/1164 # Ave_-40
f 58/1165 59/1166 63/1167 62/1168 # Ave_-40
f 59/1169 60/1170 64/1171 63/1172 # Ave_-40
f 60/1173 57/1174 61/1175 64/1176 # Ave_-40
f 65/1177 66/1178 67/1179 68/1180 # Ave_40
f 69/1181 70/1182 71/1183 72/1184 # Ave_40
f 65/1185 66/1186 70/1187 69/1188 # Ave_40
f 66/1189 67/1190 71/1191 70/1192 # Ave_40
f 67/1193 68/1194 72/1195 71/1196 # Ave_40
f 68/1197 65/1198 69/1199 72/1200 # Ave_40
f 73/1201 74/1202 75/1203 76/1204 # St_-200
f 77/1205 78/1206 79/1207 80/1208 # St_-200
f 73/1209 74/1210 78/1211 77/1212 # St_-200
f 74/1213 75/1214 79/1215 78/1216 # St_-200
f 75/1217 76/1218 80/1219 79/1220 # St_-200
f 76/1221 73/1222 77/1223 80/1224 # St_-200
f 81/1225 82/1226 83/1227 84/1228 # St_-120
f 85/1229 86/1230 87/1231 88/1232 # St_-120
f 81/1233 82/1234 86/1235 85/1236 # St_-120
f 82/1237 83/1238 87/1239 86/1240 # St_-120
f 83/1241 84/1242 88/1243 87/1244 # St_-120
f 84/1245 81/1246 85/1247 88/1248 # St_-120
f 89/1249 90/1250 91/1251 92/1252 # St_-40
f 93/1253 94/1254 95/1255 96/1256 # St_-40
f 89/1257 90/1258 94/1259 93/1260 # St_-40
f 90/1261 91/1262 95/1263 94/1264 # St_-40
f 91/1265 92/1266 96/1267 95/1268 # St_-40
f 92/1269 89/1270 93/1271 96/1272 # St_-40
f 97/1273 98/1274 99/1275 100/1276 # St_40
f 101/1277 102/1278 103/1279 104/1280 # St_40
f 97/1281 98/1282 102/1283 101/1284 # St_40
f 98/1285 99/1286 103/1287 102/1288 # St_40
f 99/1289 100/1290 104/1291 103/1292 # St_40
f 100/1293 97/1294 101/1295 104/1296 # St_40
f 105/1297 106/1298 107/1299 108/1300 # St_120
f 109/1301 110/1302 111/1303 112/1304 # St_120
f 105/1305 106/1306 110/1307 109/1308 # St_120
f 106/1309 107/1310 111/1311 110/1312 # St_120
f 107/1313 108/1314 112/1315 111/1316 # St_120
f 108/1317 105/1318 109/1319 112/1320 # St_120
f 113/1321 114/1322 115/1323 116/1324 # St_200
f 117/1325 118/1326 119/1327 120/1328 # St_200
f 113/1329 114/1330 118/1331 117/1332 # St_200
f 114/1333 115/1334 119/1335 118/1336 # St_200
f 115/1337 116/1338 120/1339 119/1340 # St_200
f 116/1341 113/1342 117/1343 120/1344 # St_200
f 337/1345 338/1346 339/1347 340/1348 # Hero_Heli
f 341/1349 342/1350 343/1351 344/1352 # Hero_Heli
f 337/1353 338/1354 342/1355 341/1356 # Hero_Heli
f 338/1357 339/1358 343/1359 342/1360 # Hero_Heli
f 339/1361 340/1362 344/1363 343/1364 # Hero_Heli
f 340/1365 337/1366 341/1367 344/1368 # Hero_Heli
o Cream
usemtl Cream
f 121/1369 122/1370 123/1371 124/1372 # Cross_-40_-40_0
f 125/1373 126/1374 127/1375 128/1376 # Cross_-40_-40_0
f 121/1377 122/1378 126/1379 125/1380 # Cross_-40_-40_0
f 122/1381 123/1382 127/1383 126/1384 # Cross_-40_-40_0
f 123/1385 124/1386 128/1387 127/1388 # Cross_-40_-40_0
f 124/1389 121/1390 125/1391 128/1392 # Cross_-40_-40_0
f 129/1393 130/1394 131/1395 132/1396 # Cross_-40_-40_1
f 133/1397 134/1398 135/1399 136/1400 # Cross_-40_-40_1
f 129/1401 130/1402 134/1403 133/1404 # Cross_-40_-40_1
f 130/1405 131/1406 135/1407 134/1408 # Cross_-40_-40_1
f 131/1409 132/1410 136/1411 135/1412 # Cross_-40_-40_1
f 132/1413 129/1414 133/1415 136/1416 # Cross_-40_-40_1
f 137/1417 138/1418 139/1419 140/1420 # Cross_-40_-40_2
f 141/1421 142/1422 143/1423 144/1424 # Cross_-40_-40_2
f 137/1425 138/1426 142/1427 141/1428 # Cross_-40_-40_2
f 138/1429 139/1430 143/1431 142/1432 # Cross_-40_-40_2
f 139/1433 140/1434 144/1435 143/1436 # Cross_-40_-40_2
f 140/1437 137/1438 141/1439 144/1440 # Cross_-40_-40_2
f 145/1441 146/1442 147/1443 148/1444 # Cross_-40_-40_3
f 149/1445 150/1446 151/1447 152/1448 # Cross_-40_-40_3
f 145/1449 146/1450 150/1451 149/1452 # Cross_-40_-40_3
f 146/1453 147/1454 151/1455 150/1456 # Cross_-40_-40_3
f 147/1457 148/1458 152/1459 151/1460 # Cross_-40_-40_3
f 148/1461 145/1462 149/1463 152/1464 # Cross_-40_-40_3
f 153/1465 154/1466 155/1467 156/1468 # Cross_-40_-40_4
f 157/1469 158/1470 159/1471 160/1472 # Cross_-40_-40_4
f 153/1473 154/1474 158/1475 157/1476 # Cross_-40_-40_4
f 154/1477 155/1478 159/1479 158/1480 # Cross_-40_-40_4
f 155/1481 156/1482 160/1483 159/1484 # Cross_-40_-40_4
f 156/1485 153/1486 157/1487 160/1488 # Cross_-40_-40_4
f 161/1489 162/1490 163/1491 164/1492 # Cross_40_-40_0
f 165/1493 166/1494 167/1495 168/1496 # Cross_40_-40_0
f 161/1497 162/1498 166/1499 165/1500 # Cross_40_-40_0
f 162/1501 163/1502 167/1503 166/1504 # Cross_40_-40_0
f 163/1505 164/1506 168/1507 167/1508 # Cross_40_-40_0
f 164/1509 161/1510 165/1511 168/1512 # Cross_40_-40_0
f 169/1513 170/1514 171/1515 172/1516 # Cross_40_-40_1
f 173/1517 174/1518 175/1519 176/1520 # Cross_40_-40_1
f 169/1521 170/1522 174/1523 173/1524 # Cross_40_-40_1
f 170/1525 171/1526 175/1527 174/1528 # Cross_40_-40_1
f 171/1529 172/1530 176/1531 175/1532 # Cross_40_-40_1
f 172/1533 169/1534 173/1535 176/1536 # Cross_40_-40_1
f 177/1537 178/1538 179/1539 180/1540 # Cross_40_-40_2
f 181/1541 182/1542 183/1543 184/1544 # Cross_40_-40_2
f 177/1545 178/1546 182/1547 181/1548 # Cross_40_-40_2
f 178/1549 179/1550 183/1551 182/1552 # Cross_40_-40_2
f 179/1553 180/1554 184/1555 183/1556 # Cross_40_-40_2
f 180/1557 177/1558 181/1559 184/1560 # Cross_40_-40_2
f 185/1561 186/1562 187/1563 188/1564 # Cross_40_-40_3
f 189/1565 190/1566 191/1567 192/1568 # Cross_40_-40_3
f 185/1569 186/1570 190/1571 189/1572 # Cross_40_-40_3
f 186/1573 187/1574 191/1575 190/1576 # Cross_40_-40_3
f 187/1577 188/1578 192/1579 191/1580 # Cross_40_-40_3
f 188/1581 185/1582 189/1583 192/1584 # Cross_40_-40_3
f 193/1585 194/1586 195/1587 196/1588 # Cross_40_-40_4
f 197/1589 198/1590 199/1591 200/1592 # Cross_40_-40_4
f 193/1593 194/1594 198/1595 197/1596 # Cross_40_-40_4
f 194/1597 195/1598 199/1599 198/1600 # Cross_40_-40_4
f 195/1601 196/1602 200/1603 199/1604 # Cross_40_-40_4
f 196/1605 193/1606 197/1607 200/1608 # Cross_40_-40_4
f 201/1609 202/1610 203/1611 204/1612 # Cross_-40_40_0
f 205/1613 206/1614 207/1615 208/1616 # Cross_-40_40_0
f 201/1617 202/1618 206/1619 205/1620 # Cross_-40_40_0
f 202/1621 203/1622 207/1623 206/1624 # Cross_-40_40_0
f 203/1625 204/1626 208/1627 207/1628 # Cross_-40_40_0
f 204/1629 201/1630 205/1631 208/1632 # Cross_-40_40_0
f 209/1633 210/1634 211/1635 212/1636 # Cross_-40_40_1
f 213/1637 214/1638 215/1639 216/1640 # Cross_-40_40_1
f 209/1641 210/1642 214/1643 213/1644 # Cross_-40_40_1
f 210/1645 211/1646 215/1647 214/1648 # Cross_-40_40_1
f 211/1649 212/1650 216/1651 215/1652 # Cross_-40_40_1
f 212/1653 209/1654 213/1655 216/1656 # Cross_-40_40_1
f 217/1657 218/1658 219/1659 220/1660 # Cross_-40_40_2
f 221/1661 222/1662 223/1663 224/1664 # Cross_-40_40_2
f 217/1665 218/1666 222/1667 221/1668 # Cross_-40_40_2
f 218/1669 219/1670 223/1671 222/1672 # Cross_-40_40_2
f 219/1673 220/1674 224/1675 223/1676 # Cross_-40_40_2
f 220/1677 217/1678 221/1679 224/1680 # Cross_-40_40_2
f 225/1681 226/1682 227/1683 228/1684 # Cross_-40_40_3
f 229/1685 230/1686 231/1687 232/1688 # Cross_-40_40_3
f 225/1689 226/1690 230/1691 229/1692 # Cross_-40_40_3
f 226/1693 227/1694 231/1695 230/1696 # Cross_-40_40_3
f 227/1697 228/1698 232/1699 231/1700 # Cross_-40_40_3
f 228/1701 225/1702 229/1703 232/1704 # Cross_-40_40_3
f 233/1705 234/1706 235/1707 236/1708 # Cross_-40_40_4
f 237/1709 238/1710 239/1711 240/1712 # Cross_-40_40_4
f 233/1713 234/1714 238/1715 237/1716 # Cross_-40_40_4
f 234/1717 235/1718 239/1719 238/1720 # Cross_-40_40_4
f 235/1721 236/1722 240/1723 239/1724 # Cross_-40_40_4
f 236/1725 233/1726 237/1727 240/1728 # Cross_-40_40_4
f 241/1729 242/1730 243/1731 244/1732 # Cross_40_40_0
f 245/1733 246/1734 247/1735 248/1736 # Cross_40_40_0
f 241/1737 242/1738 246/1739 245/1740 # Cross_40_40_0
f 242/1741 243/1742 247/1743 246/1744 # Cross_40_40_0
f 243/1745 244/1746 248/1747 247/1748 # Cross_40_40_0
f 244/1749 241/1750 245/1751 248/1752 # Cross_40_40_0
f 249/1753 250/1754 251/1755 252/1756 # Cross_40_40_1
f 253/1757 254/1758 255/1759 256/1760 # Cross_40_40_1
f 249/1761 250/1762 254/1763 253/1764 # Cross_40_40_1
f 250/1765 251/1766 255/1767 254/1768 # Cross_40_40_1
f 251/1769 252/1770 256/1771 255/1772 # Cross_40_40_1
f 252/1773 249/1774 253/1775 256/1776 # Cross_40_40_1
f 257/1777 258/1778 259/1779 260/1780 # Cross_40_40_2
f 261/1781 262/1782 263/1783 264/1784 # Cross_40_40_2
f 257/1785 258/1786 262/1787 261/1788 # Cross_40_40_2
f 258/1789 259/1790 263/1791 262/1792 # Cross_40_40_2
f 259/1793 260/1794 264/1795 263/1796 # Cross_40_40_2
f 260/1797 257/1798 261/1799 264/1800 # Cross_40_40_2
f 265/1801 266/1802 267/1803 268/1804 # Cross_40_40_3
f 269/1805 270/1806 271/1807 272/1808 # Cross_40_40_3
f 265/1809 266/1810 270/1811 269/1812 # Cross_40_40_3
f 266/1813 267/1814 271/1815 270/1816 # Cross_40_40_3
f 267/1817 268/1818 272/1819 271/1820 # Cross_40_40_3
f 268/1821 265/1822 269/1823 272/1824 # Cross_40_40_3
f 273/1825 274/1826 275/1827 276/1828 # Cross_40_40_4
f 277/1829 278/1830 279/1831 280/1832 # Cross_40_40_4
f 273/1833 274/1834 278/1835 277/1836 # Cross_40_40_4
f 274/1837 275/1838 279/1839 278/1840 # Cross_40_40_4
f 275/1841 276/1842 280/1843 279/1844 # Cross_40_40_4
f 276/1845 273/1846 277/1847 280/1848 # Cross_40_40_4
f 1633/1849 1634/1850 1635/1851 1636/1852 # Shop0_Aw0
f 1637/1853 1638/1854 1639/1855 1640/1856 # Shop0_Aw0
f 1633/1857 1634/1858 1638/1859 1637/1860 # Shop0_Aw0
f 1634/1861 1635/1862 1639/1863 1638/1864 # Shop0_Aw0
f 1635/1865 1636/1866 1640/1867 1639/1868 # Shop0_Aw0
f 1636/1869 1633/1870 1637/1871 1640/1872 # Shop0_Aw0
f 1649/1873 1650/1874 1651/1875 1652/1876 # Shop0_Aw2
f 1653/1877 1654/1878 1655/1879 1656/1880 # Shop0_Aw2
f 1649/1881 1650/1882 1654/1883 1653/1884 # Shop0_Aw2
f 1650/1885 1651/1886 1655/1887 1654/1888 # Shop0_Aw2
f 1651/1889 1652/1890 1656/1891 1655/1892 # Shop0_Aw2
f 1652/1893 1649/1894 1653/1895 1656/1896 # Shop0_Aw2
f 1665/1897 1666/1898 1667/1899 1668/1900 # Shop0_Aw4
f 1669/1901 1670/1902 1671/1903 1672/1904 # Shop0_Aw4
f 1665/1905 1666/1906 1670/1907 1669/1908 # Shop0_Aw4
f 1666/1909 1667/1910 1671/1911 1670/1912 # Shop0_Aw4
f 1667/1913 1668/1914 1672/1915 1671/1916 # Shop0_Aw4
f 1668/1917 1665/1918 1669/1919 1672/1920 # Shop0_Aw4
f 1713/1921 1714/1922 1715/1923 1716/1924 # Shop1_Aw1
f 1717/1925 1718/1926 1719/1927 1720/1928 # Shop1_Aw1
f 1713/1929 1714/1930 1718/1931 1717/1932 # Shop1_Aw1
f 1714/1933 1715/1934 1719/1935 1718/1936 # Shop1_Aw1
f 1715/1937 1716/1938 1720/1939 1719/1940 # Shop1_Aw1
f 1716/1941 1713/1942 1717/1943 1720/1944 # Shop1_Aw1
f 1729/1945 1730/1946 1731/1947 1732/1948 # Shop1_Aw3
f 1733/1949 1734/1950 1735/1951 1736/1952 # Shop1_Aw3
f 1729/1953 1730/1954 1734/1955 1733/1956 # Shop1_Aw3
f 1730/1957 1731/1958 1735/1959 1734/1960 # Shop1_Aw3
f 1731/1961 1732/1962 1736/1963 1735/1964 # Shop1_Aw3
f 1732/1965 1729/1966 1733/1967 1736/1968 # Shop1_Aw3
f 1777/1969 1778/1970 1779/1971 1780/1972 # Shop2_Aw0
f 1781/1973 1782/1974 1783/1975 1784/1976 # Shop2_Aw0
f 1777/1977 1778/1978 1782/1979 1781/1980 # Shop2_Aw0
f 1778/1981 1779/1982 1783/1983 1782/1984 # Shop2_Aw0
f 1779/1985 1780/1986 1784/1987 1783/1988 # Shop2_Aw0
f 1780/1989 1777/1990 1781/1991 1784/1992 # Shop2_Aw0
f 1793/1993 1794/1994 1795/1995 1796/1996 # Shop2_Aw2
f 1797/1997 1798/1998 1799/1999 1800/2000 # Shop2_Aw2
f 1793/2001 1794/2002 1798/2003 1797/2004 # Shop2_Aw2
f 1794/2005 1795/2006 1799/2007 1798/2008 # Shop2_Aw2
f 1795/2009 1796/2010 1800/2011 1799/2012 # Shop2_Aw2
f 1796/2013 1793/2014 1797/2015 1800/2016 # Shop2_Aw2
f 1809/2017 1810/2018 1811/2019 1812/2020 # Shop2_Aw4
f 1813/2021 1814/2022 1815/2023 1816/2024 # Shop2_Aw4
f 1809/2025 1810/2026 1814/2027 1813/2028 # Shop2_Aw4
f 1810/2029 1811/2030 1815/2031 1814/2032 # Shop2_Aw4
f 1811/2033 1812/2034 1816/2035 1815/2036 # Shop2_Aw4
f 1812/2037 1809/2038 1813/2039 1816/2040 # Shop2_Aw4
f 1857/2041 1858/2042 1859/2043 1860/2044 # Shop3_Aw1
f 1861/2045 1862/2046 1863/2047 1864/2048 # Shop3_Aw1
f 1857/2049 1858/2050 1862/2051 1861/2052 # Shop3_Aw1
f 1858/2053 1859/2054 1863/2055 1862/2056 # Shop3_Aw1
f 1859/2057 1860/2058 1864/2059 1863/2060 # Shop3_Aw1
f 1860/2061 1857/2062 1861/2063 1864/2064 # Shop3_Aw1
f 1873/2065 1874/2066 1875/2067 1876/2068 # Shop3_Aw3
f 1877/2069 1878/2070 1879/2071 1880/2072 # Shop3_Aw3
f 1873/2073 1874/2074 1878/2075 1877/2076 # Shop3_Aw3
f 1874/2077 1875/2078 1879/2079 1878/2080 # Shop3_Aw3
f 1875/2081 1876/2082 1880/2083 1879/2084 # Shop3_Aw3
f 1876/2085 1873/2086 1877/2087 1880/2088 # Shop3_Aw3
f 1921/2089 1922/2090 1923/2091 1924/2092 # Shop4_Aw0
f 1925/2093 1926/2094 1927/2095 1928/2096 # Shop4_Aw0
f 1921/2097 1922/2098 1926/2099 1925/2100 # Shop4_Aw0
f 1922/2101 1923/2102 1927/2103 1926/2104 # Shop4_Aw0
f 1923/2105 1924/2106 1928/2107 1927/2108 # Shop4_Aw0
f 1924/2109 1921/2110 1925/2111 1928/2112 # Shop4_Aw0
f 1937/2113 1938/2114 1939/2115 1940/2116 # Shop4_Aw2
f 1941/2117 1942/2118 1943/2119 1944/2120 # Shop4_Aw2
f 1937/2121 1938/2122 1942/2123 1941/2124 # Shop4_Aw2
f 1938/2125 1939/2126 1943/2127 1942/2128 # Shop4_Aw2
f 1939/2129 1940/2130 1944/2131 1943/2132 # Shop4_Aw2
f 1940/2133 1937/2134 1941/2135 1944/2136 # Shop4_Aw2
f 1953/2137 1954/2138 1955/2139 1956/2140 # Shop4_Aw4
f 1957/2141 1958/2142 1959/2143 1960/2144 # Shop4_Aw4
f 1953/2145 1954/2146 1958/2147 1957/2148 # Shop4_Aw4
f 1954/2149 1955/2150 1959/2151 1958/2152 # Shop4_Aw4
f 1955/2153 1956/2154 1960/2155 1959/2156 # Shop4_Aw4
f 1956/2157 1953/2158 1957/2159 1960/2160 # Shop4_Aw4
f 2001/2161 2002/2162 2003/2163 2004/2164 # Shop5_Aw1
f 2005/2165 2006/2166 2007/2167 2008/2168 # Shop5_Aw1
f 2001/2169 2002/2170 2006/2171 2005/2172 # Shop5_Aw1
f 2002/2173 2003/2174 2007/2175 2006/2176 # Shop5_Aw1
f 2003/2177 2004/2178 2008/2179 2007/2180 # Shop5_Aw1
f 2004/2181 2001/2182 2005/2183 2008/2184 # Shop5_Aw1
f 2017/2185 2018/2186 2019/2187 2020/2188 # Shop5_Aw3
f 2021/2189 2022/2190 2023/2191 2024/2192 # Shop5_Aw3
f 2017/2193 2018/2194 2022/2195 2021/2196 # Shop5_Aw3
f 2018/2197 2019/2198 2023/2199 2022/2200 # Shop5_Aw3
f 2019/2201 2020/2202 2024/2203 2023/2204 # Shop5_Aw3
f 2020/2205 2017/2206 2021/2207 2024/2208 # Shop5_Aw3
f 2665/2209 2666/2210 2667/2211 2668/2212 # Rim0
f 2669/2213 2670/2214 2671/2215 2672/2216 # Rim0
f 2665/2217 2666/2218 2670/2219 2669/2220 # Rim0
f 2666/2221 2667/2222 2671/2223 2670/2224 # Rim0
f 2667/2225 2668/2226 2672/2227 2671/2228 # Rim0
f 2668/2229 2665/2230 2669/2231 2672/2232 # Rim0
f 2673/2233 2674/2234 2675/2235 2676/2236 # Rim1
f 2677/2237 2678/2238 2679/2239 2680/2240 # Rim1
f 2673/2241 2674/2242 2678/2243 2677/2244 # Rim1
f 2674/2245 2675/2246 2679/2247 2678/2248 # Rim1
f 2675/2249 2676/2250 2680/2251 2679/2252 # Rim1
f 2676/2253 2673/2254 2677/2255 2680/2256 # Rim1
f 2681/2257 2682/2258 2683/2259 2684/2260 # Rim2
f 2685/2261 2686/2262 2687/2263 2688/2264 # Rim2
f 2681/2265 2682/2266 2686/2267 2685/2268 # Rim2
f 2682/2269 2683/2270 2687/2271 2686/2272 # Rim2
f 2683/2273 2684/2274 2688/2275 2687/2276 # Rim2
f 2684/2277 2681/2278 2685/2279 2688/2280 # Rim2
f 2689/2281 2690/2282 2691/2283 2692/2284 # Rim3
f 2693/2285 2694/2286 2695/2287 2696/2288 # Rim3
f 2689/2289 2690/2290 2694/2291 2693/2292 # Rim3
f 2690/2293 2691/2294 2695/2295 2694/2296 # Rim3
f 2691/2297 2692/2298 2696/2299 2695/2300 # Rim3
f 2692/2301 2689/2302 2693/2303 2696/2304 # Rim3
f 2697/2305 2698/2306 2699/2307 2700/2308 # Rim4
f 2701/2309 2702/2310 2703/2311 2704/2312 # Rim4
f 2697/2313 2698/2314 2702/2315 2701/2316 # Rim4
f 2698/2317 2699/2318 2703/2319 2702/2320 # Rim4
f 2699/2321 2700/2322 2704/2323 2703/2324 # Rim4
f 2700/2325 2697/2326 2701/2327 2704/2328 # Rim4
f 2705/2329 2706/2330 2707/2331 2708/2332 # Rim5
f 2709/2333 2710/2334 2711/2335 2712/2336 # Rim5
f 2705/2337 2706/2338 2710/2339 2709/2340 # Rim5
f 2706/2341 2707/2342 2711/2343 2710/2344 # Rim5
f 2707/2345 2708/2346 2712/2347 2711/2348 # Rim5
f 2708/2349 2705/2350 2709/2351 2712/2352 # Rim5
f 2713/2353 2714/2354 2715/2355 2716/2356 # Rim6
f 2717/2357 2718/2358 2719/2359 2720/2360 # Rim6
f 2713/2361 2714/2362 2718/2363 2717/2364 # Rim6
f 2714/2365 2715/2366 2719/2367 2718/2368 # Rim6
f 2715/2369 2716/2370 2720/2371 2719/2372 # Rim6
f 2716/2373 2713/2374 2717/2375 2720/2376 # Rim6
f 2721/2377 2722/2378 2723/2379 2724/2380 # Rim7
f 2725/2381 2726/2382 2727/2383 2728/2384 # Rim7
f 2721/2385 2722/2386 2726/2387 2725/2388 # Rim7
f 2722/2389 2723/2390 2727/2391 2726/2392 # Rim7
f 2723/2393 2724/2394 2728/2395 2727/2396 # Rim7
f 2724/2397 2721/2398 2725/2399 2728/2400 # Rim7
f 2729/2401 2730/2402 2731/2403 2732/2404 # Rim8
f 2733/2405 2734/2406 2735/2407 2736/2408 # Rim8
f 2729/2409 2730/2410 2734/2411 2733/2412 # Rim8
f 2730/2413 2731/2414 2735/2415 2734/2416 # Rim8
f 2731/2417 2732/2418 2736/2419 2735/2420 # Rim8
f 2732/2421 2729/2422 2733/2423 2736/2424 # Rim8
f 2737/2425 2738/2426 2739/2427 2740/2428 # Rim9
f 2741/2429 2742/2430 2743/2431 2744/2432 # Rim9
f 2737/2433 2738/2434 2742/2435 2741/2436 # Rim9
f 2738/2437 2739/2438 2743/2439 2742/2440 # Rim9
f 2739/2441 2740/2442 2744/2443 2743/2444 # Rim9
f 2740/2445 2737/2446 2741/2447 2744/2448 # Rim9
f 2745/2449 2746/2450 2747/2451 2748/2452 # Rim10
f 2749/2453 2750/2454 2751/2455 2752/2456 # Rim10
f 2745/2457 2746/2458 2750/2459 2749/2460 # Rim10
f 2746/2461 2747/2462 2751/2463 2750/2464 # Rim10
f 2747/2465 2748/2466 2752/2467 2751/2468 # Rim10
f 2748/2469 2745/2470 2749/2471 2752/2472 # Rim10
f 2753/2473 2754/2474 2755/2475 2756/2476 # Rim11
f 2757/2477 2758/2478 2759/2479 2760/2480 # Rim11
f 2753/2481 2754/2482 2758/2483 2757/2484 # Rim11
f 2754/2485 2755/2486 2759/2487 2758/2488 # Rim11
f 2755/2489 2756/2490 2760/2491 2759/2492 # Rim11
f 2756/2493 2753/2494 2757/2495 2760/2496 # Rim11
f 2761/2497 2762/2498 2763/2499 2764/2500 # Rim12
f 2765/2501 2766/2502 2767/2503 2768/2504 # Rim12
f 2761/2505 2762/2506 2766/2507 2765/2508 # Rim12
f 2762/2509 2763/2510 2767/2511 2766/2512 # Rim12
f 2763/2513 2764/2514 2768/2515 2767/2516 # Rim12
f 2764/2517 2761/2518 2765/2519 2768/2520 # Rim12
f 2769/2521 2770/2522 2771/2523 2772/2524 # Rim13
f 2773/2525 2774/2526 2775/2527 2776/2528 # Rim13
f 2769/2529 2770/2530 2774/2531 2773/2532 # Rim13
f 2770/2533 2771/2534 2775/2535 2774/2536 # Rim13
f 2771/2537 2772/2538 2776/2539 2775/2540 # Rim13
f 2772/2541 2769/2542 2773/2543 2776/2544 # Rim13
f 2777/2545 2778/2546 2779/2547 2780/2548 # Rim14
f 2781/2549 2782/2550 2783/2551 2784/2552 # Rim14
f 2777/2553 2778/2554 2782/2555 2781/2556 # Rim14
f 2778/2557 2779/2558 2783/2559 2782/2560 # Rim14
f 2779/2561 2780/2562 2784/2563 2783/2564 # Rim14
f 2780/2565 2777/2566 2781/2567 2784/2568 # Rim14
f 2785/2569 2786/2570 2787/2571 2788/2572 # Rim15
f 2789/2573 2790/2574 2791/2575 2792/2576 # Rim15
f 2785/2577 2786/2578 2790/2579 2789/2580 # Rim15
f 2786/2581 2787/2582 2791/2583 2790/2584 # Rim15
f 2787/2585 2788/2586 2792/2587 2791/2588 # Rim15
f 2788/2589 2785/2590 2789/2591 2792/2592 # Rim15
f 2977/2593 2978/2594 2979/2595 2980/2596 # Boat1_Cab
f 2981/2597 2982/2598 2983/2599 2984/2600 # Boat1_Cab
f 2977/2601 2978/2602 2982/2603 2981/2604 # Boat1_Cab
f 2978/2605 2979/2606 2983/2607 2982/2608 # Boat1_Cab
f 2979/2609 2980/2610 2984/2611 2983/2612 # Boat1_Cab
f 2980/2613 2977/2614 2981/2615 2984/2616 # Boat1_Cab
f 3009/2617 3010/2618 3011/2619 3012/2620 # Boat2_Cab
f 3013/2621 3014/2622 3015/2623 3016/2624 # Boat2_Cab
f 3009/2625 3010/2626 3014/2627 3013/2628 # Boat2_Cab
f 3010/2629 3011/2630 3015/2631 3014/2632 # Boat2_Cab
f 3011/2633 3012/2634 3016/2635 3015/2636 # Boat2_Cab
f 3012/2637 3009/2638 3013/2639 3016/2640 # Boat2_Cab
f 3041/2641 3042/2642 3043/2643 3044/2644 # Boat3_Cab
f 3045/2645 3046/2646 3047/2647 3048/2648 # Boat3_Cab
f 3041/2649 3042/2650 3046/2651 3045/2652 # Boat3_Cab
f 3042/2653 3043/2654 3047/2655 3046/2656 # Boat3_Cab
f 3043/2657 3044/2658 3048/2659 3047/2660 # Boat3_Cab
f 3044/2661 3041/2662 3045/2663 3048/2664 # Boat3_Cab
f 3185/2665 3186/2666 3187/2667 3188/2668 # Cable210_-1_1
f 3189/2669 3190/2670 3191/2671 3192/2672 # Cable210_-1_1
f 3185/2673 3186/2674 3190/2675 3189/2676 # Cable210_-1_1
f 3186/2677 3187/2678 3191/2679 3190/2680 # Cable210_-1_1
f 3187/2681 3188/2682 3192/2683 3191/2684 # Cable210_-1_1
f 3188/2685 3185/2686 3189/2687 3192/2688 # Cable210_-1_1
f 3193/2689 3194/2690 3195/2691 3196/2692 # Cable210_-1_2
f 3197/2693 3198/2694 3199/2695 3200/2696 # Cable210_-1_2
f 3193/2697 3194/2698 3198/2699 3197/2700 # Cable210_-1_2
f 3194/2701 3195/2702 3199/2703 3198/2704 # Cable210_-1_2
f 3195/2705 3196/2706 3200/2707 3199/2708 # Cable210_-1_2
f 3196/2709 3193/2710 3197/2711 3200/2712 # Cable210_-1_2
f 3201/2713 3202/2714 3203/2715 3204/2716 # Cable210_1_1
f 3205/2717 3206/2718 3207/2719 3208/2720 # Cable210_1_1
f 3201/2721 3202/2722 3206/2723 3205/2724 # Cable210_1_1
f 3202/2725 3203/2726 3207/2727 3206/2728 # Cable210_1_1
f 3203/2729 3204/2730 3208/2731 3207/2732 # Cable210_1_1
f 3204/2733 3201/2734 3205/2735 3208/2736 # Cable210_1_1
f 3209/2737 3210/2738 3211/2739 3212/2740 # Cable210_1_2
f 3213/2741 3214/2742 3215/2743 3216/2744 # Cable210_1_2
f 3209/2745 3210/2746 3214/2747 3213/2748 # Cable210_1_2
f 3210/2749 3211/2750 3215/2751 3214/2752 # Cable210_1_2
f 3211/2753 3212/2754 3216/2755 3215/2756 # Cable210_1_2
f 3212/2757 3209/2758 3213/2759 3216/2760 # Cable210_1_2
f 3225/2761 3226/2762 3227/2763 3228/2764 # Cable290_-1_1
f 3229/2765 3230/2766 3231/2767 3232/2768 # Cable290_-1_1
f 3225/2769 3226/2770 3230/2771 3229/2772 # Cable290_-1_1
f 3226/2773 3227/2774 3231/2775 3230/2776 # Cable290_-1_1
f 3227/2777 3228/2778 3232/2779 3231/2780 # Cable290_-1_1
f 3228/2781 3225/2782 3229/2783 3232/2784 # Cable290_-1_1
f 3233/2785 3234/2786 3235/2787 3236/2788 # Cable290_-1_2
f 3237/2789 3238/2790 3239/2791 3240/2792 # Cable290_-1_2
f 3233/2793 3234/2794 3238/2795 3237/2796 # Cable290_-1_2
f 3234/2797 3235/2798 3239/2799 3238/2800 # Cable290_-1_2
f 3235/2801 3236/2802 3240/2803 3239/2804 # Cable290_-1_2
f 3236/2805 3233/2806 3237/2807 3240/2808 # Cable290_-1_2
f 3241/2809 3242/2810 3243/2811 3244/2812 # Cable290_1_1
f 3245/2813 3246/2814 3247/2815 3248/2816 # Cable290_1_1
f 3241/2817 3242/2818 3246/2819 3245/2820 # Cable290_1_1
f 3242/2821 3243/2822 3247/2823 3246/2824 # Cable290_1_1
f 3243/2825 3244/2826 3248/2827 3247/2828 # Cable290_1_1
f 3244/2829 3241/2830 3245/2831 3248/2832 # Cable290_1_1
f 3249/2833 3250/2834 3251/2835 3252/2836 # Cable290_1_2
f 3253/2837 3254/2838 3255/2839 3256/2840 # Cable290_1_2
f 3249/2841 3250/2842 3254/2843 3253/2844 # Cable290_1_2
f 3250/2845 3251/2846 3255/2847 3254/2848 # Cable290_1_2
f 3251/2849 3252/2850 3256/2851 3255/2852 # Cable290_1_2
f 3252/2853 3249/2854 3253/2855 3256/2856 # Cable290_1_2
f 3313/2857 3314/2858 3315/2859 3316/2860 # LotLine0
f 3317/2861 3318/2862 3319/2863 3320/2864 # LotLine0
f 3313/2865 3314/2866 3318/2867 3317/2868 # LotLine0
f 3314/2869 3315/2870 3319/2871 3318/2872 # LotLine0
f 3315/2873 3316/2874 3320/2875 3319/2876 # LotLine0
f 3316/2877 3313/2878 3317/2879 3320/2880 # LotLine0
f 3321/2881 3322/2882 3323/2883 3324/2884 # LotLine1
f 3325/2885 3326/2886 3327/2887 3328/2888 # LotLine1
f 3321/2889 3322/2890 3326/2891 3325/2892 # LotLine1
f 3322/2893 3323/2894 3327/2895 3326/2896 # LotLine1
f 3323/2897 3324/2898 3328/2899 3327/2900 # LotLine1
f 3324/2901 3321/2902 3325/2903 3328/2904 # LotLine1
f 3329/2905 3330/2906 3331/2907 3332/2908 # LotLine2
f 3333/2909 3334/2910 3335/2911 3336/2912 # LotLine2
f 3329/2913 3330/2914 3334/2915 3333/2916 # LotLine2
f 3330/2917 3331/2918 3335/2919 3334/2920 # LotLine2
f 3331/2921 3332/2922 3336/2923 3335/2924 # LotLine2
f 3332/2925 3329/2926 3333/2927 3336/2928 # LotLine2
f 3337/2929 3338/2930 3339/2931 3340/2932 # LotLine3
f 3341/2933 3342/2934 3343/2935 3344/2936 # LotLine3
f 3337/2937 3338/2938 3342/2939 3341/2940 # LotLine3
f 3338/2941 3339/2942 3343/2943 3342/2944 # LotLine3
f 3339/2945 3340/2946 3344/2947 3343/2948 # LotLine3
f 3340/2949 3337/2950 3341/2951 3344/2952 # LotLine3
f 3345/2953 3346/2954 3347/2955 3348/2956 # LotLine4
f 3349/2957 3350/2958 3351/2959 3352/2960 # LotLine4
f 3345/2961 3346/2962 3350/2963 3349/2964 # LotLine4
f 3346/2965 3347/2966 3351/2967 3350/2968 # LotLine4
f 3347/2969 3348/2970 3352/2971 3351/2972 # LotLine4
f 3348/2973 3345/2974 3349/2975 3352/2976 # LotLine4
f 3353/2977 3354/2978 3355/2979 3356/2980 # LotLine5
f 3357/2981 3358/2982 3359/2983 3360/2984 # LotLine5
f 3353/2985 3354/2986 3358/2987 3357/2988 # LotLine5
f 3354/2989 3355/2990 3359/2991 3358/2992 # LotLine5
f 3355/2993 3356/2994 3360/2995 3359/2996 # LotLine5
f 3356/2997 3353/2998 3357/2999 3360/3000 # LotLine5
f 3361/3001 3362/3002 3363/3003 3364/3004 # LotLine6
f 3365/3005 3366/3006 3367/3007 3368/3008 # LotLine6
f 3361/3009 3362/3010 3366/3011 3365/3012 # LotLine6
f 3362/3013 3363/3014 3367/3015 3366/3016 # LotLine6
f 3363/3017 3364/3018 3368/3019 3367/3020 # LotLine6
f 3364/3021 3361/3022 3365/3023 3368/3024 # LotLine6
f 3561/3025 3562/3026 3563/3027 3564/3028 # Car5_Body
f 3565/3029 3566/3030 3567/3031 3568/3032 # Car5_Body
f 3561/3033 3562/3034 3566/3035 3565/3036 # Car5_Body
f 3562/3037 3563/3038 3567/3039 3566/3040 # Car5_Body
f 3563/3041 3564/3042 3568/3043 3567/3044 # Car5_Body
f 3564/3045 3561/3046 3565/3047 3568/3048 # Car5_Body
o Glass
usemtl Glass
f 281/3049 282/3050 283/3051 284/3052 # Hero_Lobby
f 285/3053 286/3054 287/3055 288/3056 # Hero_Lobby
f 281/3057 282/3058 286/3059 285/3060 # Hero_Lobby
f 282/3061 283/3062 287/3063 286/3064 # Hero_Lobby
f 283/3065 284/3066 288/3067 287/3068 # Hero_Lobby
f 284/3069 281/3070 285/3071 288/3072 # Hero_Lobby
f 369/3073 370/3074 371/3075 372/3076 # Tall2_Lobby
f 373/3077 374/3078 375/3079 376/3080 # Tall2_Lobby
f 369/3081 370/3082 374/3083 373/3084 # Tall2_Lobby
f 370/3085 371/3086 375/3087 374/3088 # Tall2_Lobby
f 371/3089 372/3090 376/3091 375/3092 # Tall2_Lobby
f 372/3093 369/3094 373/3095 376/3096 # Tall2_Lobby
f 449/3097 450/3098 451/3099 452/3100 # Tall3_Lobby
f 453/3101 454/3102 455/3103 456/3104 # Tall3_Lobby
f 449/3105 450/3106 454/3107 453/3108 # Tall3_Lobby
f 450/3109 451/3110 455/3111 454/3112 # Tall3_Lobby
f 451/3113 452/3114 456/3115 455/3116 # Tall3_Lobby
f 452/3117 449/3118 453/3119 456/3120 # Tall3_Lobby
f 529/3121 530/3122 531/3123 532/3124 # Tall4_Lobby
f 533/3125 534/3126 535/3127 536/3128 # Tall4_Lobby
f 529/3129 530/3130 534/3131 533/3132 # Tall4_Lobby
f 530/3133 531/3134 535/3135 534/3136 # Tall4_Lobby
f 531/3137 532/3138 536/3139 535/3140 # Tall4_Lobby
f 532/3141 529/3142 533/3143 536/3144 # Tall4_Lobby
f 609/3145 610/3146 611/3147 612/3148 # Tall5_Lobby
f 613/3149 614/3150 615/3151 616/3152 # Tall5_Lobby
f 609/3153 610/3154 614/3155 613/3156 # Tall5_Lobby
f 610/3157 611/3158 615/3159 614/3160 # Tall5_Lobby
f 611/3161 612/3162 616/3163 615/3164 # Tall5_Lobby
f 612/3165 609/3166 613/3167 616/3168 # Tall5_Lobby
f 681/3169 682/3170 683/3171 684/3172 # B0_Lobby
f 685/3173 686/3174 687/3175 688/3176 # B0_Lobby
f 681/3177 682/3178 686/3179 685/3180 # B0_Lobby
f 682/3181 683/3182 687/3183 686/3184 # B0_Lobby
f 683/3185 684/3186 688/3187 687/3188 # B0_Lobby
f 684/3189 681/3190 685/3191 688/3192 # B0_Lobby
f 753/3193 754/3194 755/3195 756/3196 # B1_Lobby
f 757/3197 758/3198 759/3199 760/3200 # B1_Lobby
f 753/3201 754/3202 758/3203 757/3204 # B1_Lobby
f 754/3205 755/3206 759/3207 758/3208 # B1_Lobby
f 755/3209 756/3210 760/3211 759/3212 # B1_Lobby
f 756/3213 753/3214 757/3215 760/3216 # B1_Lobby
f 809/3217 810/3218 811/3219 812/3220 # B2_Lobby
f 813/3221 814/3222 815/3223 816/3224 # B2_Lobby
f 809/3225 810/3226 814/3227 813/3228 # B2_Lobby
f 810/3229 811/3230 815/3231 814/3232 # B2_Lobby
f 811/3233 812/3234 816/3235 815/3236 # B2_Lobby
f 812/3237 809/3238 813/3239 816/3240 # B2_Lobby
f 889/3241 890/3242 891/3243 892/3244 # B3_Lobby
f 893/3245 894/3246 895/3247 896/3248 # B3_Lobby
f 889/3249 890/3250 894/3251 893/3252 # B3_Lobby
f 890/3253 891/3254 895/3255 894/3256 # B3_Lobby
f 891/3257 892/3258 896/3259 895/3260 # B3_Lobby
f 892/3261 889/3262 893/3263 896/3264 # B3_Lobby
f 945/3265 946/3266 947/3267 948/3268 # B4_Lobby
f 949/3269 950/3270 951/3271 952/3272 # B4_Lobby
f 945/3273 946/3274 950/3275 949/3276 # B4_Lobby
f 946/3277 947/3278 951/3279 950/3280 # B4_Lobby
f 947/3281 948/3282 952/3283 951/3284 # B4_Lobby
f 948/3285 945/3286 949/3287 952/3288 # B4_Lobby
f 1025/3289 1026/3290 1027/3291 1028/3292 # B5_Lobby
f 1029/3293 1030/3294 1031/3295 1032/3296 # B5_Lobby
f 1025/3297 1026/3298 1030/3299 1029/3300 # B5_Lobby
f 1026/3301 1027/3302 1031/3303 1030/3304 # B5_Lobby
f 1027/3305 1028/3306 1032/3307 1031/3308 # B5_Lobby
f 1028/3309 1025/3310 1029/3311 1032/3312 # B5_Lobby
f 1097/3313 1098/3314 1099/3315 1100/3316 # B6_Lobby
f 1101/3317 1102/3318 1103/3319 1104/3320 # B6_Lobby
f 1097/3321 1098/3322 1102/3323 1101/3324 # B6_Lobby
f 1098/3325 1099/3326 1103/3327 1102/3328 # B6_Lobby
f 1099/3329 1100/3330 1104/3331 1103/3332 # B6_Lobby
f 1100/3333 1097/3334 1101/3335 1104/3336 # B6_Lobby
f 1169/3337 1170/3338 1171/3339 1172/3340 # B7_Lobby
f 1173/3341 1174/3342 1175/3343 1176/3344 # B7_Lobby
f 1169/3345 1170/3346 1174/3347 1173/3348 # B7_Lobby
f 1170/3349 1171/3350 1175/3351 1174/3352 # B7_Lobby
f 1171/3353 1172/3354 1176/3355 1175/3356 # B7_Lobby
f 1172/3357 1169/3358 1173/3359 1176/3360 # B7_Lobby
f 1241/3361 1242/3362 1243/3363 1244/3364 # B8_Lobby
f 1245/3365 1246/3366 1247/3367 1248/3368 # B8_Lobby
f 1241/3369 1242/3370 1246/3371 1245/3372 # B8_Lobby
f 1242/3373 1243/3374 1247/3375 1246/3376 # B8_Lobby
f 1243/3377 1244/3378 1248/3379 1247/3380 # B8_Lobby
f 1244/3381 1241/3382 1245/3383 1248/3384 # B8_Lobby
f 1297/3385 1298/3386 1299/3387 1300/3388 # B9_Lobby
f 1301/3389 1302/3390 1303/3391 1304/3392 # B9_Lobby
f 1297/3393 1298/3394 1302/3395 1301/3396 # B9_Lobby
f 1298/3397 1299/3398 1303/3399 1302/3400 # B9_Lobby
f 1299/3401 1300/3402 1304/3403 1303/3404 # B9_Lobby
f 1300/3405 1297/3406 1301/3407 1304/3408 # B9_Lobby
f 1369/3409 1370/3410 1371/3411 1372/3412 # B10_Lobby
f 1373/3413 1374/3414 1375/3415 1376/3416 # B10_Lobby
f 1369/3417 1370/3418 1374/3419 1373/3420 # B10_Lobby
f 1370/3421 1371/3422 1375/3423 1374/3424 # B10_Lobby
f 1371/3425 1372/3426 1376/3427 1375/3428 # B10_Lobby
f 1372/3429 1369/3430 1373/3431 1376/3432 # B10_Lobby
f 1425/3433 1426/3434 1427/3435 1428/3436 # B11_Lobby
f 1429/3437 1430/3438 1431/3439 1432/3440 # B11_Lobby
f 1425/3441 1426/3442 1430/3443 1429/3444 # B11_Lobby
f 1426/3445 1427/3446 1431/3447 1430/3448 # B11_Lobby
f 1427/3449 1428/3450 1432/3451 1431/3452 # B11_Lobby
f 1428/3453 1425/3454 1429/3455 1432/3456 # B11_Lobby
f 1497/3457 1498/3458 1499/3459 1500/3460 # B12_Lobby
f 1501/3461 1502/3462 1503/3463 1504/3464 # B12_Lobby
f 1497/3465 1498/3466 1502/3467 1501/3468 # B12_Lobby
f 1498/3469 1499/3470 1503/3471 1502/3472 # B12_Lobby
f 1499/3473 1500/3474 1504/3475 1503/3476 # B12_Lobby
f 1500/3477 1497/3478 1501/3479 1504/3480 # B12_Lobby
f 1553/3481 1554/3482 1555/3483 1556/3484 # B13_Lobby
f 1557/3485 1558/3486 1559/3487 1560/3488 # B13_Lobby
f 1553/3489 1554/3490 1558/3491 1557/3492 # B13_Lobby
f 1554/3493 1555/3494 1559/3495 1558/3496 # B13_Lobby
f 1555/3497 1556/3498 1560/3499 1559/3500 # B13_Lobby
f 1556/3501 1553/3502 1557/3503 1560/3504 # B13_Lobby
f 1625/3505 1626/3506 1627/3507 1628/3508 # Shop0_Glass
f 1629/3509 1630/3510 1631/3511 1632/3512 # Shop0_Glass
f 1625/3513 1626/3514 1630/3515 1629/3516 # Shop0_Glass
f 1626/3517 1627/3518 1631/3519 1630/3520 # Shop0_Glass
f 1627/3521 1628/3522 1632/3523 1631/3524 # Shop0_Glass
f 1628/3525 1625/3526 1629/3527 1632/3528 # Shop0_Glass
f 1697/3529 1698/3530 1699/3531 1700/3532 # Shop1_Glass
f 1701/3533 1702/3534 1703/3535 1704/3536 # Shop1_Glass
f 1697/3537 1698/3538 1702/3539 1701/3540 # Shop1_Glass
f 1698/3541 1699/3542 1703/3543 1702/3544 # Shop1_Glass
f 1699/3545 1700/3546 1704/3547 1703/3548 # Shop1_Glass
f 1700/3549 1697/3550 1701/3551 1704/3552 # Shop1_Glass
f 1769/3553 1770/3554 1771/3555 1772/3556 # Shop2_Glass
f 1773/3557 1774/3558 1775/3559 1776/3560 # Shop2_Glass
f 1769/3561 1770/3562 1774/3563 1773/3564 # Shop2_Glass
f 1770/3565 1771/3566 1775/3567 1774/3568 # Shop2_Glass
f 1771/3569 1772/3570 1776/3571 1775/3572 # Shop2_Glass
f 1772/3573 1769/3574 1773/3575 1776/3576 # Shop2_Glass
f 1841/3577 1842/3578 1843/3579 1844/3580 # Shop3_Glass
f 1845/3581 1846/3582 1847/3583 1848/3584 # Shop3_Glass
f 1841/3585 1842/3586 1846/3587 1845/3588 # Shop3_Glass
f 1842/3589 1843/3590 1847/3591 1846/3592 # Shop3_Glass
f 1843/3593 1844/3594 1848/3595 1847/3596 # Shop3_Glass
f 1844/3597 1841/3598 1845/3599 1848/3600 # Shop3_Glass
f 1913/3601 1914/3602 1915/3603 1916/3604 # Shop4_Glass
f 1917/3605 1918/3606 1919/3607 1920/3608 # Shop4_Glass
f 1913/3609 1914/3610 1918/3611 1917/3612 # Shop4_Glass
f 1914/3613 1915/3614 1919/3615 1918/3616 # Shop4_Glass
f 1915/3617 1916/3618 1920/3619 1919/3620 # Shop4_Glass
f 1916/3621 1913/3622 1917/3623 1920/3624 # Shop4_Glass
f 1985/3625 1986/3626 1987/3627 1988/3628 # Shop5_Glass
f 1989/3629 1990/3630 1991/3631 1992/3632 # Shop5_Glass
f 1985/3633 1986/3634 1990/3635 1989/3636 # Shop5_Glass
f 1986/3637 1987/3638 1991/3639 1990/3640 # Shop5_Glass
f 1987/3641 1988/3642 1992/3643 1991/3644 # Shop5_Glass
f 1988/3645 1985/3646 1989/3647 1992/3648 # Shop5_Glass
f 3377/3649 3378/3650 3379/3651 3380/3652 # Car1_Top
f 3381/3653 3382/3654 3383/3655 3384/3656 # Car1_Top
f 3377/3657 3378/3658 3382/3659 3381/3660 # Car1_Top
f 3378/3661 3379/3662 3383/3663 3382/3664 # Car1_Top
f 3379/3665 3380/3666 3384/3667 3383/3668 # Car1_Top
f 3380/3669 3377/3670 3381/3671 3384/3672 # Car1_Top
f 3425/3673 3426/3674 3427/3675 3428/3676 # Car2_Top
f 3429/3677 3430/3678 3431/3679 3432/3680 # Car2_Top
f 3425/3681 3426/3682 3430/3683 3429/3684 # Car2_Top
f 3426/3685 3427/3686 3431/3687 3430/3688 # Car2_Top
f 3427/3689 3428/3690 3432/3691 3431/3692 # Car2_Top
f 3428/3693 3425/3694 3429/3695 3432/3696 # Car2_Top
f 3473/3697 3474/3698 3475/3699 3476/3700 # Car3_Top
f 3477/3701 3478/3702 3479/3703 3480/3704 # Car3_Top
f 3473/3705 3474/3706 3478/3707 3477/3708 # Car3_Top
f 3474/3709 3475/3710 3479/3711 3478/3712 # Car3_Top
f 3475/3713 3476/3714 3480/3715 3479/3716 # Car3_Top
f 3476/3717 3473/3718 3477/3719 3480/3720 # Car3_Top
f 3521/3721 3522/3722 3523/3723 3524/3724 # Car4_Top
f 3525/3725 3526/3726 3527/3727 3528/3728 # Car4_Top
f 3521/3729 3522/3730 3526/3731 3525/3732 # Car4_Top
f 3522/3733 3523/3734 3527/3735 3526/3736 # Car4_Top
f 3523/3737 3524/3738 3528/3739 3527/3740 # Car4_Top
f 3524/3741 3521/3742 3525/3743 3528/3744 # Car4_Top
f 3569/3745 3570/3746 3571/3747 3572/3748 # Car5_Top
f 3573/3749 3574/3750 3575/3751 3576/3752 # Car5_Top
f 3569/3753 3570/3754 3574/3755 3573/3756 # Car5_Top
f 3570/3757 3571/3758 3575/3759 3574/3760 # Car5_Top
f 3571/3761 3572/3762 3576/3763 3575/3764 # Car5_Top
f 3572/3765 3569/3766 3573/3767 3576/3768 # Car5_Top
f 3617/3769 3618/3770 3619/3771 3620/3772 # Car6_Top
f 3621/3773 3622/3774 3623/3775 3624/3776 # Car6_Top
f 3617/3777 3618/3778 3622/3779 3621/3780 # Car6_Top
f 3618/3781 3619/3782 3623/3783 3622/3784 # Car6_Top
f 3619/3785 3620/3786 3624/3787 3623/3788 # Car6_Top
f 3620/3789 3617/3790 3621/3791 3624/3792 # Car6_Top
o FacadeGlass
usemtl FacadeGlass
f 297/3793 298/3794 299/3795 300/3796 # Hero_T0
f 301/3797 302/3798 303/3799 304/3800 # Hero_T0
f 297/3801 298/3802 302/3803 301/3804 # Hero_T0
f 298/3805 299/3806 303/3807 302/3808 # Hero_T0
f 299/3809 300/3810 304/3811 303/3812 # Hero_T0
f 300/3813 297/3814 301/3815 304/3816 # Hero_T0
f 305/3817 306/3818 307/3819 308/3820 # Hero_T1
f 309/3821 310/3822 311/3823 312/3824 # Hero_T1
f 305/3825 306/3826 310/3827 309/3828 # Hero_T1
f 306/3829 307/3830 311/3831 310/3832 # Hero_T1
f 307/3833 308/3834 312/3835 311/3836 # Hero_T1
f 308/3837 305/3838 309/3839 312/3840 # Hero_T1
f 313/3841 314/3842 315/3843 316/3844 # Hero_T2
f 317/3845 318/3846 319/3847 320/3848 # Hero_T2
f 313/3849 314/3850 318/3851 317/3852 # Hero_T2
f 314/3853 315/3854 319/3855 318/3856 # Hero_T2
f 315/3857 316/3858 320/3859 319/3860 # Hero_T2
f 316/3861 313/3862 317/3863 320/3864 # Hero_T2
f 321/3865 322/3866 323/3867 324/3868 # Hero_T3
f 325/3869 326/3870 327/3871 328/3872 # Hero_T3
f 321/3873 322/3874 326/3875 325/3876 # Hero_T3
f 322/3877 323/3878 327/3879 326/3880 # Hero_T3
f 323/3881 324/3882 328/3883 327/3884 # Hero_T3
f 324/3885 321/3886 325/3887 328/3888 # Hero_T3
f 545/3889 546/3890 547/3891 548/3892 # Tall4_T0
f 549/3893 550/3894 551/3895 552/3896 # Tall4_T0
f 545/3897 546/3898 550/3899 549/3900 # Tall4_T0
f 546/3901 547/3902 551/3903 550/3904 # Tall4_T0
f 547/3905 548/3906 552/3907 551/3908 # Tall4_T0
f 548/3909 545/3910 549/3911 552/3912 # Tall4_T0
f 553/3913 554/3914 555/3915 556/3916 # Tall4_T1
f 557/3917 558/3918 559/3919 560/3920 # Tall4_T1
f 553/3921 554/3922 558/3923 557/3924 # Tall4_T1
f 554/3925 555/3926 559/3927 558/3928 # Tall4_T1
f 555/3929 556/3930 560/3931 559/3932 # Tall4_T1
f 556/3933 553/3934 557/3935 560/3936 # Tall4_T1
f 561/3937 562/3938 563/3939 564/3940 # Tall4_T2
f 565/3941 566/3942 567/3943 568/3944 # Tall4_T2
f 561/3945 562/3946 566/3947 565/3948 # Tall4_T2
f 562/3949 563/3950 567/3951 566/3952 # Tall4_T2
f 563/3953 564/3954 568/3955 567/3956 # Tall4_T2
f 564/3957 561/3958 565/3959 568/3960 # Tall4_T2
f 825/3961 826/3962 827/3963 828/3964 # B2_T0
f 829/3965 830/3966 831/3967 832/3968 # B2_T0
f 825/3969 826/3970 830/3971 829/3972 # B2_T0
f 826/3973 827/3974 831/3975 830/3976 # B2_T0
f 827/3977 828/3978 832/3979 831/3980 # B2_T0
f 828/3981 825/3982 829/3983 832/3984 # B2_T0
f 833/3985 834/3986 835/3987 836/3988 # B2_T1
f 837/3989 838/3990 839/3991 840/3992 # B2_T1
f 833/3993 834/3994 838/3995 837/3996 # B2_T1
f 834/3997 835/3998 839/3999 838/4000 # B2_T1
f 835/4001 836/4002 840/4003 839/4004 # B2_T1
f 836/4005 833/4006 837/4007 840/4008 # B2_T1
f 841/4009 842/4010 843/4011 844/4012 # B2_T2
f 845/4013 846/4014 847/4015 848/4016 # B2_T2
f 841/4017 842/4018 846/4019 845/4020 # B2_T2
f 842/4021 843/4022 847/4023 846/4024 # B2_T2
f 843/4025 844/4026 848/4027 847/4028 # B2_T2
f 844/4029 841/4030 845/4031 848/4032 # B2_T2
f 1041/4033 1042/4034 1043/4035 1044/4036 # B5_T0
f 1045/4037 1046/4038 1047/4039 1048/4040 # B5_T0
f 1041/4041 1042/4042 1046/4043 1045/4044 # B5_T0
f 1042/4045 1043/4046 1047/4047 1046/4048 # B5_T0
f 1043/4049 1044/4050 1048/4051 1047/4052 # B5_T0
f 1044/4053 1041/4054 1045/4055 1048/4056 # B5_T0
f 1049/4057 1050/4058 1051/4059 1052/4060 # B5_T1
f 1053/4061 1054/4062 1055/4063 1056/4064 # B5_T1
f 1049/4065 1050/4066 1054/4067 1053/4068 # B5_T1
f 1050/4069 1051/4070 1055/4071 1054/4072 # B5_T1
f 1051/4073 1052/4074 1056/4075 1055/4076 # B5_T1
f 1052/4077 1049/4078 1053/4079 1056/4080 # B5_T1
f 1257/4081 1258/4082 1259/4083 1260/4084 # B8_T0
f 1261/4085 1262/4086 1263/4087 1264/4088 # B8_T0
f 1257/4089 1258/4090 1262/4091 1261/4092 # B8_T0
f 1258/4093 1259/4094 1263/4095 1262/4096 # B8_T0
f 1259/4097 1260/4098 1264/4099 1263/4100 # B8_T0
f 1260/4101 1257/4102 1261/4103 1264/4104 # B8_T0
f 1265/4105 1266/4106 1267/4107 1268/4108 # B8_T1
f 1269/4109 1270/4110 1271/4111 1272/4112 # B8_T1
f 1265/4113 1266/4114 1270/4115 1269/4116 # B8_T1
f 1266/4117 1267/4118 1271/4119 1270/4120 # B8_T1
f 1267/4121 1268/4122 1272/4123 1271/4124 # B8_T1
f 1268/4125 1265/4126 1269/4127 1272/4128 # B8_T1
f 1441/4129 1442/4130 1443/4131 1444/4132 # B11_T0
f 1445/4133 1446/4134 1447/4135 1448/4136 # B11_T0
f 1441/4137 1442/4138 1446/4139 1445/4140 # B11_T0
f 1442/4141 1443/4142 1447/4143 1446/4144 # B11_T0
f 1443/4145 1444/4146 1448/4147 1447/4148 # B11_T0
f 1444/4149 1441/4150 1445/4151 1448/4152 # B11_T0
f 1449/4153 1450/4154 1451/4155 1452/4156 # B11_T1
f 1453/4157 1454/4158 1455/4159 1456/4160 # B11_T1
f 1449/4161 1450/4162 1454/4163 1453/4164 # B11_T1
f 1450/4165 1451/4166 1455/4167 1454/4168 # B11_T1
f 1451/4169 1452/4170 1456/4171 1455/4172 # B11_T1
f 1452/4173 1449/4174 1453/4175 1456/4176 # B11_T1
o RoofGrey
usemtl RoofGrey
f 329/4177 330/4178 331/4179 332/4180 # Hero_Par
f 333/4181 334/4182 335/4183 336/4184 # Hero_Par
f 329/4185 330/4186 334/4187 333/4188 # Hero_Par
f 330/4189 331/4190 335/4191 334/4192 # Hero_Par
f 331/4193 332/4194 336/4195 335/4196 # Hero_Par
f 332/4197 329/4198 333/4199 336/4200 # Hero_Par
f 409/4201 410/4202 411/4203 412/4204 # Tall2_Par
f 413/4205 414/4206 415/4207 416/4208 # Tall2_Par
f 409/4209 410/4210 414/4211 413/4212 # Tall2_Par
f 410/4213 411/4214 415/4215 414/4216 # Tall2_Par
f 411/4217 412/4218 416/4219 415/4220 # Tall2_Par
f 412/4221 409/4222 413/4223 416/4224 # Tall2_Par
f 417/4225 418/4226 419/4227 420/4228 # Tall2_AC
f 421/4229 422/4230 423/4231 424/4232 # Tall2_AC
f 417/4233 418/4234 422/4235 421/4236 # Tall2_AC
f 418/4237 419/4238 423/4239 422/4240 # Tall2_AC
f 419/4241 420/4242 424/4243 423/4244 # Tall2_AC
f 420/4245 417/4246 421/4247 424/4248 # Tall2_AC
f 425/4249 426/4250 427/4251 428/4252 # Tall2_AC2
f 429/4253 430/4254 431/4255 432/4256 # Tall2_AC2
f 425/4257 426/4258 430/4259 429/4260 # Tall2_AC2
f 426/4261 427/4262 431/4263 430/4264 # Tall2_AC2
f 427/4265 428/4266 432/4267 431/4268 # Tall2_AC2
f 428/4269 425/4270 429/4271 432/4272 # Tall2_AC2
f 489/4273 490/4274 491/4275 492/4276 # Tall3_Par
f 493/4277 494/4278 495/4279 496/4280 # Tall3_Par
f 489/4281 490/4282 494/4283 493/4284 # Tall3_Par
f 490/4285 491/4286 495/4287 494/4288 # Tall3_Par
f 491/4289 492/4290 496/4291 495/4292 # Tall3_Par
f 492/4293 489/4294 493/4295 496/4296 # Tall3_Par
f 497/4297 498/4298 499/4299 500/4300 # Tall3_AC
f 501/4301 502/4302 503/4303 504/4304 # Tall3_AC
f 497/4305 498/4306 502/4307 501/4308 # Tall3_AC
f 498/4309 499/4310 503/4311 502/4312 # Tall3_AC
f 499/4313 500/4314 504/4315 503/4316 # Tall3_AC
f 500/4317 497/4318 501/4319 504/4320 # Tall3_AC
f 505/4321 506/4322 507/4323 508/4324 # Tall3_AC2
f 509/4325 510/4326 511/4327 512/4328 # Tall3_AC2
f 505/4329 506/4330 510/4331 509/4332 # Tall3_AC2
f 506/4333 507/4334 511/4335 510/4336 # Tall3_AC2
f 507/4337 508/4338 512/4339 511/4340 # Tall3_AC2
f 508/4341 505/4342 509/4343 512/4344 # Tall3_AC2
f 569/4345 570/4346 571/4347 572/4348 # Tall4_Par
f 573/4349 574/4350 575/4351 576/4352 # Tall4_Par
f 569/4353 570/4354 574/4355 573/4356 # Tall4_Par
f 570/4357 571/4358 575/4359 574/4360 # Tall4_Par
f 571/4361 572/4362 576/4363 575/4364 # Tall4_Par
f 572/4365 569/4366 573/4367 576/4368 # Tall4_Par
f 577/4369 578/4370 579/4371 580/4372 # Tall4_AC
f 581/4373 582/4374 583/4375 584/4376 # Tall4_AC
f 577/4377 578/4378 582/4379 581/4380 # Tall4_AC
f 578/4381 579/4382 583/4383 582/4384 # Tall4_AC
f 579/4385 580/4386 584/4387 583/4388 # Tall4_AC
f 580/4389 577/4390 581/4391 584/4392 # Tall4_AC
f 585/4393 586/4394 587/4395 588/4396 # Tall4_AC2
f 589/4397 590/4398 591/4399 592/4400 # Tall4_AC2
f 585/4401 586/4402 590/4403 589/4404 # Tall4_AC2
f 586/4405 587/4406 591/4407 590/4408 # Tall4_AC2
f 587/4409 588/4410 592/4411 591/4412 # Tall4_AC2
f 588/4413 585/4414 589/4415 592/4416 # Tall4_AC2
f 641/4417 642/4418 643/4419 644/4420 # Tall5_Par
f 645/4421 646/4422 647/4423 648/4424 # Tall5_Par
f 641/4425 642/4426 646/4427 645/4428 # Tall5_Par
f 642/4429 643/4430 647/4431 646/4432 # Tall5_Par
f 643/4433 644/4434 648/4435 647/4436 # Tall5_Par
f 644/4437 641/4438 645/4439 648/4440 # Tall5_Par
f 649/4441 650/4442 651/4443 652/4444 # Tall5_AC
f 653/4445 654/4446 655/4447 656/4448 # Tall5_AC
f 649/4449 650/4450 654/4451 653/4452 # Tall5_AC
f 650/4453 651/4454 655/4455 654/4456 # Tall5_AC
f 651/4457 652/4458 656/4459 655/4460 # Tall5_AC
f 652/4461 649/4462 653/4463 656/4464 # Tall5_AC
f 657/4465 658/4466 659/4467 660/4468 # Tall5_AC2
f 661/4469 662/4470 663/4471 664/4472 # Tall5_AC2
f 657/4473 658/4474 662/4475 661/4476 # Tall5_AC2
f 658/4477 659/4478 663/4479 662/4480 # Tall5_AC2
f 659/4481 660/4482 664/4483 663/4484 # Tall5_AC2
f 660/4485 657/4486 661/4487 664/4488 # Tall5_AC2
f 713/4489 714/4490 715/4491 716/4492 # B0_Par
f 717/4493 718/4494 719/4495 720/4496 # B0_Par
f 713/4497 714/4498 718/4499 717/4500 # B0_Par
f 714/4501 715/4502 719/4503 718/4504 # B0_Par
f 715/4505 716/4506 720/4507 719/4508 # B0_Par
f 716/4509 713/4510 717/4511 720/4512 # B0_Par
f 721/4513 722/4514 723/4515 724/4516 # B0_AC
f 725/4517 726/4518 727/4519 728/4520 # B0_AC
f 721/4521 722/4522 726/4523 725/4524 # B0_AC
f 722/4525 723/4526 727/4527 726/4528 # B0_AC
f 723/4529 724/4530 728/4531 727/4532 # B0_AC
f 724/4533 721/4534 725/4535 728/4536 # B0_AC
f 729/4537 730/4538 731/4539 732/4540 # B0_AC2
f 733/4541 734/4542 735/4543 736/4544 # B0_AC2
f 729/4545 730/4546 734/4547 733/4548 # B0_AC2
f 730/4549 731/4550 735/4551 734/4552 # B0_AC2
f 731/4553 732/4554 736/4555 735/4556 # B0_AC2
f 732/4557 729/4558 733/4559 736/4560 # B0_AC2
f 785/4561 786/4562 787/4563 788/4564 # B1_Par
f 789/4565 790/4566 791/4567 792/4568 # B1_Par
f 785/4569 786/4570 790/4571 789/4572 # B1_Par
f 786/4573 787/4574 791/4575 790/4576 # B1_Par
f 787/4577 788/4578 792/4579 791/4580 # B1_Par
f 788/4581 785/4582 789/4583 792/4584 # B1_Par
f 793/4585 794/4586 795/4587 796/4588 # B1_AC
f 797/4589 798/4590 799/4591 800/4592 # B1_AC
f 793/4593 794/4594 798/4595 797/4596 # B1_AC
f 794/4597 795/4598 799/4599 798/4600 # B1_AC
f 795/4601 796/4602 800/4603 799/4604 # B1_AC
f 796/4605 793/4606 797/4607 800/4608 # B1_AC
f 801/4609 802/4610 803/4611 804/4612 # B1_AC2
f 805/4613 806/4614 807/4615 808/4616 # B1_AC2
f 801/4617 802/4618 806/4619 805/4620 # B1_AC2
f 802/4621 803/4622 807/4623 806/4624 # B1_AC2
f 803/4625 804/4626 808/4627 807/4628 # B1_AC2
f 804/4629 801/4630 805/4631 808/4632 # B1_AC2
f 849/4633 850/4634 851/4635 852/4636 # B2_Par
f 853/4637 854/4638 855/4639 856/4640 # B2_Par
f 849/4641 850/4642 854/4643 853/4644 # B2_Par
f 850/4645 851/4646 855/4647 854/4648 # B2_Par
f 851/4649 852/4650 856/4651 855/4652 # B2_Par
f 852/4653 849/4654 853/4655 856/4656 # B2_Par
f 857/4657 858/4658 859/4659 860/4660 # B2_AC
f 861/4661 862/4662 863/4663 864/4664 # B2_AC
f 857/4665 858/4666 862/4667 861/4668 # B2_AC
f 858/4669 859/4670 863/4671 862/4672 # B2_AC
f 859/4673 860/4674 864/4675 863/4676 # B2_AC
f 860/4677 857/4678 861/4679 864/4680 # B2_AC
f 865/4681 866/4682 867/4683 868/4684 # B2_AC2
f 869/4685 870/4686 871/4687 872/4688 # B2_AC2
f 865/4689 866/4690 870/4691 869/4692 # B2_AC2
f 866/4693 867/4694 871/4695 870/4696 # B2_AC2
f 867/4697 868/4698 872/4699 871/4700 # B2_AC2
f 868/4701 865/4702 869/4703 872/4704 # B2_AC2
f 921/4705 922/4706 923/4707 924/4708 # B3_Par
f 925/4709 926/4710 927/4711 928/4712 # B3_Par
f 921/4713 922/4714 926/4715 925/4716 # B3_Par
f 922/4717 923/4718 927/4719 926/4720 # B3_Par
f 923/4721 924/4722 928/4723 927/4724 # B3_Par
f 924/4725 921/4726 925/4727 928/4728 # B3_Par
f 929/4729 930/4730 931/4731 932/4732 # B3_AC
f 933/4733 934/4734 935/4735 936/4736 # B3_AC
f 929/4737 930/4738 934/4739 933/4740 # B3_AC
f 930/4741 931/4742 935/4743 934/4744 # B3_AC
f 931/4745 932/4746 936/4747 935/4748 # B3_AC
f 932/4749 929/4750 933/4751 936/4752 # B3_AC
f 937/4753 938/4754 939/4755 940/4756 # B3_AC2
f 941/4757 942/4758 943/4759 944/4760 # B3_AC2
f 937/4761 938/4762 942/4763 941/4764 # B3_AC2
f 938/4765 939/4766 943/4767 942/4768 # B3_AC2
f 939/4769 940/4770 944/4771 943/4772 # B3_AC2
f 940/4773 937/4774 941/4775 944/4776 # B3_AC2
f 985/4777 986/4778 987/4779 988/4780 # B4_Par
f 989/4781 990/4782 991/4783 992/4784 # B4_Par
f 985/4785 986/4786 990/4787 989/4788 # B4_Par
f 986/4789 987/4790 991/4791 990/4792 # B4_Par
f 987/4793 988/4794 992/4795 991/4796 # B4_Par
f 988/4797 985/4798 989/4799 992/4800 # B4_Par
f 993/4801 994/4802 995/4803 996/4804 # B4_AC
f 997/4805 998/4806 999/4807 1000/4808 # B4_AC
f 993/4809 994/4810 998/4811 997/4812 # B4_AC
f 994/4813 995/4814 999/4815 998/4816 # B4_AC
f 995/4817 996/4818 1000/4819 999/4820 # B4_AC
f 996/4821 993/4822 997/4823 1000/4824 # B4_AC
f 1001/4825 1002/4826 1003/4827 1004/4828 # B4_AC2
f 1005/4829 1006/4830 1007/4831 1008/4832 # B4_AC2
f 1001/4833 1002/4834 1006/4835 1005/4836 # B4_AC2
f 1002/4837 1003/4838 1007/4839 1006/4840 # B4_AC2
f 1003/4841 1004/4842 1008/4843 1007/4844 # B4_AC2
f 1004/4845 1001/4846 1005/4847 1008/4848 # B4_AC2
f 1057/4849 1058/4850 1059/4851 1060/4852 # B5_Par
f 1061/4853 1062/4854 1063/4855 1064/4856 # B5_Par
f 1057/4857 1058/4858 1062/4859 1061/4860 # B5_Par
f 1058/4861 1059/4862 1063/4863 1062/4864 # B5_Par
f 1059/4865 1060/4866 1064/4867 1063/4868 # B5_Par
f 1060/4869 1057/4870 1061/4871 1064/4872 # B5_Par
f 1065/4873 1066/4874 1067/4875 1068/4876 # B5_AC
f 1069/4877 1070/4878 1071/4879 1072/4880 # B5_AC
f 1065/4881 1066/4882 1070/4883 1069/4884 # B5_AC
f 1066/4885 1067/4886 1071/4887 1070/4888 # B5_AC
f 1067/4889 1068/4890 1072/4891 1071/4892 # B5_AC
f 1068/4893 1065/4894 1069/4895 1072/4896 # B5_AC
f 1073/4897 1074/4898 1075/4899 1076/4900 # B5_AC2
f 1077/4901 1078/4902 1079/4903 1080/4904 # B5_AC2
f 1073/4905 1074/4906 1078/4907 1077/4908 # B5_AC2
f 1074/4909 1075/4910 1079/4911 1078/4912 # B5_AC2
f 1075/4913 1076/4914 1080/4915 1079/4916 # B5_AC2
f 1076/4917 1073/4918 1077/4919 1080/4920 # B5_AC2
f 1129/4921 1130/4922 1131/4923 1132/4924 # B6_Par
f 1133/4925 1134/4926 1135/4927 1136/4928 # B6_Par
f 1129/4929 1130/4930 1134/4931 1133/4932 # B6_Par
f 1130/4933 1131/4934 1135/4935 1134/4936 # B6_Par
f 1131/4937 1132/4938 1136/4939 1135/4940 # B6_Par
f 1132/4941 1129/4942 1133/4943 1136/4944 # B6_Par
f 1137/4945 1138/4946 1139/4947 1140/4948 # B6_AC
f 1141/4949 1142/4950 1143/4951 1144/4952 # B6_AC
f 1137/4953 1138/4954 1142/4955 1141/4956 # B6_AC
f 1138/4957 1139/4958 1143/4959 1142/4960 # B6_AC
f 1139/4961 1140/4962 1144/4963 1143/4964 # B6_AC
f 1140/4965 1137/4966 1141/4967 1144/4968 # B6_AC
f 1145/4969 1146/4970 1147/4971 1148/4972 # B6_AC2
f 1149/4973 1150/4974 1151/4975 1152/4976 # B6_AC2
f 1145/4977 1146/4978 1150/4979 1149/4980 # B6_AC2
f 1146/4981 1147/4982 1151/4983 1150/4984 # B6_AC2
f 1147/4985 1148/4986 1152/4987 1151/4988 # B6_AC2
f 1148/4989 1145/4990 1149/4991 1152/4992 # B6_AC2
f 1201/4993 1202/4994 1203/4995 1204/4996 # B7_Par
f 1205/4997 1206/4998 1207/4999 1208/5000 # B7_Par
f 1201/5001 1202/5002 1206/5003 1205/5004 # B7_Par
f 1202/5005 1203/5006 1207/5007 1206/5008 # B7_Par
f 1203/5009 1204/5010 1208/5011 1207/5012 # B7_Par
f 1204/5013 1201/5014 1205/5015 1208/5016 # B7_Par
f 1209/5017 1210/5018 1211/5019 1212/5020 # B7_AC
f 1213/5021 1214/5022 1215/5023 1216/5024 # B7_AC
f 1209/5025 1210/5026 1214/5027 1213/5028 # B7_AC
f 1210/5029 1211/5030 1215/5031 1214/5032 # B7_AC
f 1211/5033 1212/5034 1216/5035 1215/5036 # B7_AC
f 1212/5037 1209/5038 1213/5039 1216/5040 # B7_AC
f 1217/5041 1218/5042 1219/5043 1220/5044 # B7_AC2
f 1221/5045 1222/5046 1223/5047 1224/5048 # B7_AC2
f 1217/5049 1218/5050 1222/5051 1221/5052 # B7_AC2
f 1218/5053 1219/5054 1223/5055 1222/5056 # B7_AC2
f 1219/5057 1220/5058 1224/5059 1223/5060 # B7_AC2
f 1220/5061 1217/5062 1221/5063 1224/5064 # B7_AC2
f 1273/5065 1274/5066 1275/5067 1276/5068 # B8_Par
f 1277/5069 1278/5070 1279/5071 1280/5072 # B8_Par
f 1273/5073 1274/5074 1278/5075 1277/5076 # B8_Par
f 1274/5077 1275/5078 1279/5079 1278/5080 # B8_Par
f 1275/5081 1276/5082 1280/5083 1279/5084 # B8_Par
f 1276/5085 1273/5086 1277/5087 1280/5088 # B8_Par
f 1281/5089 1282/5090 1283/5091 1284/5092 # B8_AC
f 1285/5093 1286/5094 1287/5095 1288/5096 # B8_AC
f 1281/5097 1282/5098 1286/5099 1285/5100 # B8_AC
f 1282/5101 1283/5102 1287/5103 1286/5104 # B8_AC
f 1283/5105 1284/5106 1288/5107 1287/5108 # B8_AC
f 1284/5109 1281/5110 1285/5111 1288/5112 # B8_AC
f 1289/5113 1290/5114 1291/5115 1292/5116 # B8_AC2
f 1293/5117 1294/5118 1295/5119 1296/5120 # B8_AC2
f 1289/5121 1290/5122 1294/5123 1293/5124 # B8_AC2
f 1290/5125 1291/5126 1295/5127 1294/5128 # B8_AC2
f 1291/5129 1292/5130 1296/5131 1295/5132 # B8_AC2
f 1292/5133 1289/5134 1293/5135 1296/5136 # B8_AC2
f 1329/5137 1330/5138 1331/5139 1332/5140 # B9_Par
f 1333/5141 1334/5142 1335/5143 1336/5144 # B9_Par
f 1329/5145 1330/5146 1334/5147 1333/5148 # B9_Par
f 1330/5149 1331/5150 1335/5151 1334/5152 # B9_Par
f 1331/5153 1332/5154 1336/5155 1335/5156 # B9_Par
f 1332/5157 1329/5158 1333/5159 1336/5160 # B9_Par
f 1337/5161 1338/5162 1339/5163 1340/5164 # B9_AC
f 1341/5165 1342/5166 1343/5167 1344/5168 # B9_AC
f 1337/5169 1338/5170 1342/5171 1341/5172 # B9_AC
f 1338/5173 1339/5174 1343/5175 1342/5176 # B9_AC
f 1339/5177 1340/5178 1344/5179 1343/5180 # B9_AC
f 1340/5181 1337/5182 1341/5183 1344/5184 # B9_AC
f 1345/5185 1346/5186 1347/5187 1348/5188 # B9_AC2
f 1349/5189 1350/5190 1351/5191 1352/5192 # B9_AC2
f 1345/5193 1346/5194 1350/5195 1349/5196 # B9_AC2
f 1346/5197 1347/5198 1351/5199 1350/5200 # B9_AC2
f 1347/5201 1348/5202 1352/5203 1351/5204 # B9_AC2
f 1348/5205 1345/5206 1349/5207 1352/5208 # B9_AC2
f 1401/5209 1402/5210 1403/5211 1404/5212 # B10_Par
f 1405/5213 1406/5214 1407/5215 1408/5216 # B10_Par
f 1401/5217 1402/5218 1406/5219 1405/5220 # B10_Par
f 1402/5221 1403/5222 1407/5223 1406/5224 # B10_Par
f 1403/5225 1404/5226 1408/5227 1407/5228 # B10_Par
f 1404/5229 1401/5230 1405/5231 1408/5232 # B10_Par
f 1409/5233 1410/5234 1411/5235 1412/5236 # B10_AC
f 1413/5237 1414/5238 1415/5239 1416/5240 # B10_AC
f 1409/5241 1410/5242 1414/5243 1413/5244 # B10_AC
f 1410/5245 1411/5246 1415/5247 1414/5248 # B10_AC
f 1411/5249 1412/5250 1416/5251 1415/5252 # B10_AC
f 1412/5253 1409/5254 1413/5255 1416/5256 # B10_AC
f 1417/5257 1418/5258 1419/5259 1420/5260 # B10_AC2
f 1421/5261 1422/5262 1423/5263 1424/5264 # B10_AC2
f 1417/5265 1418/5266 1422/5267 1421/5268 # B10_AC2
f 1418/5269 1419/5270 1423/5271 1422/5272 # B10_AC2
f 1419/5273 1420/5274 1424/5275 1423/5276 # B10_AC2
f 1420/5277 1417/5278 1421/5279 1424/5280 # B10_AC2
f 1457/5281 1458/5282 1459/5283 1460/5284 # B11_Par
f 1461/5285 1462/5286 1463/5287 1464/5288 # B11_Par
f 1457/5289 1458/5290 1462/5291 1461/5292 # B11_Par
f 1458/5293 1459/5294 1463/5295 1462/5296 # B11_Par
f 1459/5297 1460/5298 1464/5299 1463/5300 # B11_Par
f 1460/5301 1457/5302 1461/5303 1464/5304 # B11_Par
f 1465/5305 1466/5306 1467/5307 1468/5308 # B11_AC
f 1469/5309 1470/5310 1471/5311 1472/5312 # B11_AC
f 1465/5313 1466/5314 1470/5315 1469/5316 # B11_AC
f 1466/5317 1467/5318 1471/5319 1470/5320 # B11_AC
f 1467/5321 1468/5322 1472/5323 1471/5324 # B11_AC
f 1468/5325 1465/5326 1469/5327 1472/5328 # B11_AC
f 1473/5329 1474/5330 1475/5331 1476/5332 # B11_AC2
f 1477/5333 1478/5334 1479/5335 1480/5336 # B11_AC2
f 1473/5337 1474/5338 1478/5339 1477/5340 # B11_AC2
f 1474/5341 1475/5342 1479/5343 1478/5344 # B11_AC2
f 1475/5345 1476/5346 1480/5347 1479/5348 # B11_AC2
f 1476/5349 1473/5350 1477/5351 1480/5352 # B11_AC2
f 1529/5353 1530/5354 1531/5355 1532/5356 # B12_Par
f 1533/5357 1534/5358 1535/5359 1536/5360 # B12_Par
f 1529/5361 1530/5362 1534/5363 1533/5364 # B12_Par
f 1530/5365 1531/5366 1535/5367 1534/5368 # B12_Par
f 1531/5369 1532/5370 1536/5371 1535/5372 # B12_Par
f 1532/5373 1529/5374 1533/5375 1536/5376 # B12_Par
f 1537/5377 1538/5378 1539/5379 1540/5380 # B12_AC
f 1541/5381 1542/5382 1543/5383 1544/5384 # B12_AC
f 1537/5385 1538/5386 1542/5387 1541/5388 # B12_AC
f 1538/5389 1539/5390 1543/5391 1542/5392 # B12_AC
f 1539/5393 1540/5394 1544/5395 1543/5396 # B12_AC
f 1540/5397 1537/5398 1541/5399 1544/5400 # B12_AC
f 1545/5401 1546/5402 1547/5403 1548/5404 # B12_AC2
f 1549/5405 1550/5406 1551/5407 1552/5408 # B12_AC2
f 1545/5409 1546/5410 1550/5411 1549/5412 # B12_AC2
f 1546/5413 1547/5414 1551/5415 1550/5416 # B12_AC2
f 1547/5417 1548/5418 1552/5419 1551/5420 # B12_AC2
f 1548/5421 1545/5422 1549/5423 1552/5424 # B12_AC2
f 1585/5425 1586/5426 1587/5427 1588/5428 # B13_Par
f 1589/5429 1590/5430 1591/5431 1592/5432 # B13_Par
f 1585/5433 1586/5434 1590/5435 1589/5436 # B13_Par
f 1586/5437 1587/5438 1591/5439 1590/5440 # B13_Par
f 1587/5441 1588/5442 1592/5443 1591/5444 # B13_Par
f 1588/5445 1585/5446 1589/5447 1592/5448 # B13_Par
f 1593/5449 1594/5450 1595/5451 1596/5452 # B13_AC
f 1597/5453 1598/5454 1599/5455 1600/5456 # B13_AC
f 1593/5457 1594/5458 1598/5459 1597/5460 # B13_AC
f 1594/5461 1595/5462 1599/5463 1598/5464 # B13_AC
f 1595/5465 1596/5466 1600/5467 1599/5468 # B13_AC
f 1596/5469 1593/5470 1597/5471 1600/5472 # B13_AC
f 1601/5473 1602/5474 1603/5475 1604/5476 # B13_AC2
f 1605/5477 1606/5478 1607/5479 1608/5480 # B13_AC2
f 1601/5481 1602/5482 1606/5483 1605/5484 # B13_AC2
f 1602/5485 1603/5486 1607/5487 1606/5488 # B13_AC2
f 1603/5489 1604/5490 1608/5491 1607/5492 # B13_AC2
f 1604/5493 1601/5494 1605/5495 1608/5496 # B13_AC2
o Gold
usemtl Gold
f 345/5497 346/5498 347/5499 348/5500 # Hero_H1
f 349/5501 350/5502 351/5503 352/5504 # Hero_H1
f 345/5505 346/5506 350/5507 349/5508 # Hero_H1
f 346/5509 347/5510 351/5511 350/5512 # Hero_H1
f 347/5513 348/5514 352/5515 351/5516 # Hero_H1
f 348/5517 345/5518 349/5519 352/5520 # Hero_H1
f 353/5521 354/5522 355/5523 356/5524 # Hero_H2
f 357/5525 358/5526 359/5527 360/5528 # Hero_H2
f 353/5529 354/5530 358/5531 357/5532 # Hero_H2
f 354/5533 355/5534 359/5535 358/5536 # Hero_H2
f 355/5537 356/5538 360/5539 359/5540 # Hero_H2
f 356/5541 353/5542 357/5543 360/5544 # Hero_H2
f 361/5545 362/5546 363/5547 364/5548 # Hero_H3
f 365/5549 366/5550 367/5551 368/5552 # Hero_H3
f 361/5553 362/5554 366/5555 365/5556 # Hero_H3
f 362/5557 363/5558 367/5559 366/5560 # Hero_H3
f 363/5561 364/5562 368/5563 367/5564 # Hero_H3
f 364/5565 361/5566 365/5567 368/5568 # Hero_H3
f 3465/5569 3466/5570 3467/5571 3468/5572 # Car3_Body
f 3469/5573 3470/5574 3471/5575 3472/5576 # Car3_Body
f 3465/5577 3466/5578 3470/5579 3469/5580 # Car3_Body
f 3466/5581 3467/5582 3471/5583 3470/5584 # Car3_Body
f 3467/5585 3468/5586 3472/5587 3471/5588 # Car3_Body
f 3468/5589 3465/5590 3469/5591 3472/5592 # Car3_Body
f 4425/5593 4426/5594 4427/5595 4428/5596 # Bollard0
f 4429/5597 4430/5598 4431/5599 4432/5600 # Bollard0
f 4425/5601 4426/5602 4430/5603 4429/5604 # Bollard0
f 4426/5605 4427/5606 4431/5607 4430/5608 # Bollard0
f 4427/5609 4428/5610 4432/5611 4431/5612 # Bollard0
f 4428/5613 4425/5614 4429/5615 4432/5616 # Bollard0
f 4433/5617 4434/5618 4435/5619 4436/5620 # Bollard1
f 4437/5621 4438/5622 4439/5623 4440/5624 # Bollard1
f 4433/5625 4434/5626 4438/5627 4437/5628 # Bollard1
f 4434/5629 4435/5630 4439/5631 4438/5632 # Bollard1
f 4435/5633 4436/5634 4440/5635 4439/5636 # Bollard1
f 4436/5637 4433/5638 4437/5639 4440/5640 # Bollard1
f 4441/5641 4442/5642 4443/5643 4444/5644 # Bollard2
f 4445/5645 4446/5646 4447/5647 4448/5648 # Bollard2
f 4441/5649 4442/5650 4446/5651 4445/5652 # Bollard2
f 4442/5653 4443/5654 4447/5655 4446/5656 # Bollard2
f 4443/5657 4444/5658 4448/5659 4447/5660 # Bollard2
f 4444/5661 4441/5662 4445/5663 4448/5664 # Bollard2
f 4449/5665 4450/5666 4451/5667 4452/5668 # Bollard3
f 4453/5669 4454/5670 4455/5671 4456/5672 # Bollard3
f 4449/5673 4450/5674 4454/5675 4453/5676 # Bollard3
f 4450/5677 4451/5678 4455/5679 4454/5680 # Bollard3
f 4451/5681 4452/5682 4456/5683 4455/5684 # Bollard3
f 4452/5685 4449/5686 4453/5687 4456/5688 # Bollard3
f 4457/5689 4458/5690 4459/5691 4460/5692 # Bollard4
f 4461/5693 4462/5694 4463/5695 4464/5696 # Bollard4
f 4457/5697 4458/5698 4462/5699 4461/5700 # Bollard4
f 4458/5701 4459/5702 4463/5703 4462/5704 # Bollard4
f 4459/5705 4460/5706 4464/5707 4463/5708 # Bollard4
f 4460/5709 4457/5710 4461/5711 4464/5712 # Bollard4
f 4465/5713 4466/5714 4467/5715 4468/5716 # Bollard5
f 4469/5717 4470/5718 4471/5719 4472/5720 # Bollard5
f 4465/5721 4466/5722 4470/5723 4469/5724 # Bollard5
f 4466/5725 4467/5726 4471/5727 4470/5728 # Bollard5
f 4467/5729 4468/5730 4472/5731 4471/5732 # Bollard5
f 4468/5733 4465/5734 4469/5735 4472/5736 # Bollard5
f 4473/5737 4474/5738 4475/5739 4476/5740 # Bollard6
f 4477/5741 4478/5742 4479/5743 4480/5744 # Bollard6
f 4473/5745 4474/5746 4478/5747 4477/5748 # Bollard6
f 4474/5749 4475/5750 4479/5751 4478/5752 # Bollard6
f 4475/5753 4476/5754 4480/5755 4479/5756 # Bollard6
f 4476/5757 4473/5758 4477/5759 4480/5760 # Bollard6
f 4481/5761 4482/5762 4483/5763 4484/5764 # Bollard7
f 4485/5765 4486/5766 4487/5767 4488/5768 # Bollard7
f 4481/5769 4482/5770 4486/5771 4485/5772 # Bollard7
f 4482/5773 4483/5774 4487/5775 4486/5776 # Bollard7
f 4483/5777 4484/5778 4488/5779 4487/5780 # Bollard7
f 4484/5781 4481/5782 4485/5783 4488/5784 # Bollard7
f 4489/5785 4490/5786 4491/5787 4492/5788 # Bollard8
f 4493/5789 4494/5790 4495/5791 4496/5792 # Bollard8
f 4489/5793 4490/5794 4494/5795 4493/5796 # Bollard8
f 4490/5797 4491/5798 4495/5799 4494/5800 # Bollard8
f 4491/5801 4492/5802 4496/5803 4495/5804 # Bollard8
f 4492/5805 4489/5806 4493/5807 4496/5808 # Bollard8
f 4497/5809 4498/5810 4499/5811 4500/5812 # Bollard9
f 4501/5813 4502/5814 4503/5815 4504/5816 # Bollard9
f 4497/5817 4498/5818 4502/5819 4501/5820 # Bollard9
f 4498/5821 4499/5822 4503/5823 4502/5824 # Bollard9
f 4499/5825 4500/5826 4504/5827 4503/5828 # Bollard9
f 4500/5829 4497/5830 4501/5831 4504/5832 # Bollard9
f 4505/5833 4506/5834 4507/5835 4508/5836 # Bollard10
f 4509/5837 4510/5838 4511/5839 4512/5840 # Bollard10
f 4505/5841 4506/5842 4510/5843 4509/5844 # Bollard10
f 4506/5845 4507/5846 4511/5847 4510/5848 # Bollard10
f 4507/5849 4508/5850 4512/5851 4511/5852 # Bollard10
f 4508/5853 4505/5854 4509/5855 4512/5856 # Bollard10
f 4513/5857 4514/5858 4515/5859 4516/5860 # Bollard11
f 4517/5861 4518/5862 4519/5863 4520/5864 # Bollard11
f 4513/5865 4514/5866 4518/5867 4517/5868 # Bollard11
f 4514/5869 4515/5870 4519/5871 4518/5872 # Bollard11
f 4515/5873 4516/5874 4520/5875 4519/5876 # Bollard11
f 4516/5877 4513/5878 4517/5879 4520/5880 # Bollard11
o FacadeA
usemtl FacadeA
f 385/5881 386/5882 387/5883 388/5884 # Tall2_T0
f 389/5885 390/5886 391/5887 392/5888 # Tall2_T0
f 385/5889 386/5890 390/5891 389/5892 # Tall2_T0
f 386/5893 387/5894 391/5895 390/5896 # Tall2_T0
f 387/5897 388/5898 392/5899 391/5900 # Tall2_T0
f 388/5901 385/5902 389/5903 392/5904 # Tall2_T0
f 393/5905 394/5906 395/5907 396/5908 # Tall2_T1
f 397/5909 398/5910 399/5911 400/5912 # Tall2_T1
f 393/5913 394/5914 398/5915 397/5916 # Tall2_T1
f 394/5917 395/5918 399/5919 398/5920 # Tall2_T1
f 395/5921 396/5922 400/5923 399/5924 # Tall2_T1
f 396/5925 393/5926 397/5927 400/5928 # Tall2_T1
f 401/5929 402/5930 403/5931 404/5932 # Tall2_T2
f 405/5933 406/5934 407/5935 408/5936 # Tall2_T2
f 401/5937 402/5938 406/5939 405/5940 # Tall2_T2
f 402/5941 403/5942 407/5943 406/5944 # Tall2_T2
f 403/5945 404/5946 408/5947 407/5948 # Tall2_T2
f 404/5949 401/5950 405/5951 408/5952 # Tall2_T2
f 625/5953 626/5954 627/5955 628/5956 # Tall5_T0
f 629/5957 630/5958 631/5959 632/5960 # Tall5_T0
f 625/5961 626/5962 630/5963 629/5964 # Tall5_T0
f 626/5965 627/5966 631/5967 630/5968 # Tall5_T0
f 627/5969 628/5970 632/5971 631/5972 # Tall5_T0
f 628/5973 625/5974 629/5975 632/5976 # Tall5_T0
f 633/5977 634/5978 635/5979 636/5980 # Tall5_T1
f 637/5981 638/5982 639/5983 640/5984 # Tall5_T1
f 633/5985 634/5986 638/5987 637/5988 # Tall5_T1
f 634/5989 635/5990 639/5991 638/5992 # Tall5_T1
f 635/5993 636/5994 640/5995 639/5996 # Tall5_T1
f 636/5997 633/5998 637/5999 640/6000 # Tall5_T1
f 697/6001 698/6002 699/6003 700/6004 # B0_T0
f 701/6005 702/6006 703/6007 704/6008 # B0_T0
f 697/6009 698/6010 702/6011 701/6012 # B0_T0
f 698/6013 699/6014 703/6015 702/6016 # B0_T0
f 699/6017 700/6018 704/6019 703/6020 # B0_T0
f 700/6021 697/6022 701/6023 704/6024 # B0_T0
f 705/6025 706/6026 707/6027 708/6028 # B0_T1
f 709/6029 710/6030 711/6031 712/6032 # B0_T1
f 705/6033 706/6034 710/6035 709/6036 # B0_T1
f 706/6037 707/6038 711/6039 710/6040 # B0_T1
f 707/6041 708/6042 712/6043 711/6044 # B0_T1
f 708/6045 705/6046 709/6047 712/6048 # B0_T1
f 905/6049 906/6050 907/6051 908/6052 # B3_T0
f 909/6053 910/6054 911/6055 912/6056 # B3_T0
f 905/6057 906/6058 910/6059 909/6060 # B3_T0
f 906/6061 907/6062 911/6063 910/6064 # B3_T0
f 907/6065 908/6066 912/6067 911/6068 # B3_T0
f 908/6069 905/6070 909/6071 912/6072 # B3_T0
f 913/6073 914/6074 915/6075 916/6076 # B3_T1
f 917/6077 918/6078 919/6079 920/6080 # B3_T1
f 913/6081 914/6082 918/6083 917/6084 # B3_T1
f 914/6085 915/6086 919/6087 918/6088 # B3_T1
f 915/6089 916/6090 920/6091 919/6092 # B3_T1
f 916/6093 913/6094 917/6095 920/6096 # B3_T1
f 1113/6097 1114/6098 1115/6099 1116/6100 # B6_T0
f 1117/6101 1118/6102 1119/6103 1120/6104 # B6_T0
f 1113/6105 1114/6106 1118/6107 1117/6108 # B6_T0
f 1114/6109 1115/6110 1119/6111 1118/6112 # B6_T0
f 1115/6113 1116/6114 1120/6115 1119/6116 # B6_T0
f 1116/6117 1113/6118 1117/6119 1120/6120 # B6_T0
f 1121/6121 1122/6122 1123/6123 1124/6124 # B6_T1
f 1125/6125 1126/6126 1127/6127 1128/6128 # B6_T1
f 1121/6129 1122/6130 1126/6131 1125/6132 # B6_T1
f 1122/6133 1123/6134 1127/6135 1126/6136 # B6_T1
f 1123/6137 1124/6138 1128/6139 1127/6140 # B6_T1
f 1124/6141 1121/6142 1125/6143 1128/6144 # B6_T1
f 1313/6145 1314/6146 1315/6147 1316/6148 # B9_T0
f 1317/6149 1318/6150 1319/6151 1320/6152 # B9_T0
f 1313/6153 1314/6154 1318/6155 1317/6156 # B9_T0
f 1314/6157 1315/6158 1319/6159 1318/6160 # B9_T0
f 1315/6161 1316/6162 1320/6163 1319/6164 # B9_T0
f 1316/6165 1313/6166 1317/6167 1320/6168 # B9_T0
f 1321/6169 1322/6170 1323/6171 1324/6172 # B9_T1
f 1325/6173 1326/6174 1327/6175 1328/6176 # B9_T1
f 1321/6177 1322/6178 1326/6179 1325/6180 # B9_T1
f 1322/6181 1323/6182 1327/6183 1326/6184 # B9_T1
f 1323/6185 1324/6186 1328/6187 1327/6188 # B9_T1
f 1324/6189 1321/6190 1325/6191 1328/6192 # B9_T1
f 1513/6193 1514/6194 1515/6195 1516/6196 # B12_T0
f 1517/6197 1518/6198 1519/6199 1520/6200 # B12_T0
f 1513/6201 1514/6202 1518/6203 1517/6204 # B12_T0
f 1514/6205 1515/6206 1519/6207 1518/6208 # B12_T0
f 1515/6209 1516/6210 1520/6211 1519/6212 # B12_T0
f 1516/6213 1513/6214 1517/6215 1520/6216 # B12_T0
f 1521/6217 1522/6218 1523/6219 1524/6220 # B12_T1
f 1525/6221 1526/6222 1527/6223 1528/6224 # B12_T1
f 1521/6225 1522/6226 1526/6227 1525/6228 # B12_T1
f 1522/6229 1523/6230 1527/6231 1526/6232 # B12_T1
f 1523/6233 1524/6234 1528/6235 1527/6236 # B12_T1
f 1524/6237 1521/6238 1525/6239 1528/6240 # B12_T1
o Slate
usemtl Slate
f 433/6241 434/6242 435/6243 436/6244 # Tall2_Ant
f 437/6245 438/6246 439/6247 440/6248 # Tall2_Ant
f 433/6249 434/6250 438/6251 437/6252 # Tall2_Ant
f 434/6253 435/6254 439/6255 438/6256 # Tall2_Ant
f 435/6257 436/6258 440/6259 439/6260 # Tall2_Ant
f 436/6261 433/6262 437/6263 440/6264 # Tall2_Ant
f 513/6265 514/6266 515/6267 516/6268 # Tall3_Ant
f 517/6269 518/6270 519/6271 520/6272 # Tall3_Ant
f 513/6273 514/6274 518/6275 517/6276 # Tall3_Ant
f 514/6277 515/6278 519/6279 518/6280 # Tall3_Ant
f 515/6281 516/6282 520/6283 519/6284 # Tall3_Ant
f 516/6285 513/6286 517/6287 520/6288 # Tall3_Ant
f 593/6289 594/6290 595/6291 596/6292 # Tall4_Ant
f 597/6293 598/6294 599/6295 600/6296 # Tall4_Ant
f 593/6297 594/6298 598/6299 597/6300 # Tall4_Ant
f 594/6301 595/6302 599/6303 598/6304 # Tall4_Ant
f 595/6305 596/6306 600/6307 599/6308 # Tall4_Ant
f 596/6309 593/6310 597/6311 600/6312 # Tall4_Ant
f 665/6313 666/6314 667/6315 668/6316 # Tall5_Ant
f 669/6317 670/6318 671/6319 672/6320 # Tall5_Ant
f 665/6321 666/6322 670/6323 669/6324 # Tall5_Ant
f 666/6325 667/6326 671/6327 670/6328 # Tall5_Ant
f 667/6329 668/6330 672/6331 671/6332 # Tall5_Ant
f 668/6333 665/6334 669/6335 672/6336 # Tall5_Ant
f 737/6337 738/6338 739/6339 740/6340 # B0_Ant
f 741/6341 742/6342 743/6343 744/6344 # B0_Ant
f 737/6345 738/6346 742/6347 741/6348 # B0_Ant
f 738/6349 739/6350 743/6351 742/6352 # B0_Ant
f 739/6353 740/6354 744/6355 743/6356 # B0_Ant
f 740/6357 737/6358 741/6359 744/6360 # B0_Ant
f 873/6361 874/6362 875/6363 876/6364 # B2_Ant
f 877/6365 878/6366 879/6367 880/6368 # B2_Ant
f 873/6369 874/6370 878/6371 877/6372 # B2_Ant
f 874/6373 875/6374 879/6375 878/6376 # B2_Ant
f 875/6377 876/6378 880/6379 879/6380 # B2_Ant
f 876/6381 873/6382 877/6383 880/6384 # B2_Ant
f 1009/6385 1010/6386 1011/6387 1012/6388 # B4_Ant
f 1013/6389 1014/6390 1015/6391 1016/6392 # B4_Ant
f 1009/6393 1010/6394 1014/6395 1013/6396 # B4_Ant
f 1010/6397 1011/6398 1015/6399 1014/6400 # B4_Ant
f 1011/6401 1012/6402 1016/6403 1015/6404 # B4_Ant
f 1012/6405 1009/6406 1013/6407 1016/6408 # B4_Ant
f 1081/6409 1082/6410 1083/6411 1084/6412 # B5_Ant
f 1085/6413 1086/6414 1087/6415 1088/6416 # B5_Ant
f 1081/6417 1082/6418 1086/6419 1085/6420 # B5_Ant
f 1082/6421 1083/6422 1087/6423 1086/6424 # B5_Ant
f 1083/6425 1084/6426 1088/6427 1087/6428 # B5_Ant
f 1084/6429 1081/6430 1085/6431 1088/6432 # B5_Ant
f 1153/6433 1154/6434 1155/6435 1156/6436 # B6_Ant
f 1157/6437 1158/6438 1159/6439 1160/6440 # B6_Ant
f 1153/6441 1154/6442 1158/6443 1157/6444 # B6_Ant
f 1154/6445 1155/6446 1159/6447 1158/6448 # B6_Ant
f 1155/6449 1156/6450 1160/6451 1159/6452 # B6_Ant
f 1156/6453 1153/6454 1157/6455 1160/6456 # B6_Ant
f 1225/6457 1226/6458 1227/6459 1228/6460 # B7_Ant
f 1229/6461 1230/6462 1231/6463 1232/6464 # B7_Ant
f 1225/6465 1226/6466 1230/6467 1229/6468 # B7_Ant
f 1226/6469 1227/6470 1231/6471 1230/6472 # B7_Ant
f 1227/6473 1228/6474 1232/6475 1231/6476 # B7_Ant
f 1228/6477 1225/6478 1229/6479 1232/6480 # B7_Ant
f 1353/6481 1354/6482 1355/6483 1356/6484 # B9_Ant
f 1357/6485 1358/6486 1359/6487 1360/6488 # B9_Ant
f 1353/6489 1354/6490 1358/6491 1357/6492 # B9_Ant
f 1354/6493 1355/6494 1359/6495 1358/6496 # B9_Ant
f 1355/6497 1356/6498 1360/6499 1359/6500 # B9_Ant
f 1356/6501 1353/6502 1357/6503 1360/6504 # B9_Ant
f 1481/6505 1482/6506 1483/6507 1484/6508 # B11_Ant
f 1485/6509 1486/6510 1487/6511 1488/6512 # B11_Ant
f 1481/6513 1482/6514 1486/6515 1485/6516 # B11_Ant
f 1482/6517 1483/6518 1487/6519 1486/6520 # B11_Ant
f 1483/6521 1484/6522 1488/6523 1487/6524 # B11_Ant
f 1484/6525 1481/6526 1485/6527 1488/6528 # B11_Ant
f 2041/6529 2042/6530 2043/6531 2044/6532 # BB1_Pole
f 2045/6533 2046/6534 2047/6535 2048/6536 # BB1_Pole
f 2041/6537 2042/6538 2046/6539 2045/6540 # BB1_Pole
f 2042/6541 2043/6542 2047/6543 2046/6544 # BB1_Pole
f 2043/6545 2044/6546 2048/6547 2047/6548 # BB1_Pole
f 2044/6549 2041/6550 2045/6551 2048/6552 # BB1_Pole
f 2049/6553 2050/6554 2051/6555 2052/6556 # BB1_Frame
f 2053/6557 2054/6558 2055/6559 2056/6560 # BB1_Frame
f 2049/6561 2050/6562 2054/6563 2053/6564 # BB1_Frame
f 2050/6565 2051/6566 2055/6567 2054/6568 # BB1_Frame
f 2051/6569 2052/6570 2056/6571 2055/6572 # BB1_Frame
f 2052/6573 2049/6574 2053/6575 2056/6576 # BB1_Frame
f 2065/6577 2066/6578 2067/6579 2068/6580 # BB2_Pole
f 2069/6581 2070/6582 2071/6583 2072/6584 # BB2_Pole
f 2065/6585 2066/6586 2070/6587 2069/6588 # BB2_Pole
f 2066/6589 2067/6590 2071/6591 2070/6592 # BB2_Pole
f 2067/6593 2068/6594 2072/6595 2071/6596 # BB2_Pole
f 2068/6597 2065/6598 2069/6599 2072/6600 # BB2_Pole
f 2073/6601 2074/6602 2075/6603 2076/6604 # BB2_Frame
f 2077/6605 2078/6606 2079/6607 2080/6608 # BB2_Frame
f 2073/6609 2074/6610 2078/6611 2077/6612 # BB2_Frame
f 2074/6613 2075/6614 2079/6615 2078/6616 # BB2_Frame
f 2075/6617 2076/6618 2080/6619 2079/6620 # BB2_Frame
f 2076/6621 2073/6622 2077/6623 2080/6624 # BB2_Frame
f 2089/6625 2090/6626 2091/6627 2092/6628 # BB3_Pole
f 2093/6629 2094/6630 2095/6631 2096/6632 # BB3_Pole
f 2089/6633 2090/6634 2094/6635 2093/6636 # BB3_Pole
f 2090/6637 2091/6638 2095/6639 2094/6640 # BB3_Pole
f 2091/6641 2092/6642 2096/6643 2095/6644 # BB3_Pole
f 2092/6645 2089/6646 2093/6647 2096/6648 # BB3_Pole
f 2097/6649 2098/6650 2099/6651 2100/6652 # BB3_Frame
f 2101/6653 2102/6654 2103/6655 2104/6656 # BB3_Frame
f 2097/6657 2098/6658 2102/6659 2101/6660 # BB3_Frame
f 2098/6661 2099/6662 2103/6663 2102/6664 # BB3_Frame
f 2099/6665 2100/6666 2104/6667 2103/6668 # BB3_Frame
f 2100/6669 2097/6670 2101/6671 2104/6672 # BB3_Frame
f 2113/6673 2114/6674 2115/6675 2116/6676 # BB4_Pole
f 2117/6677 2118/6678 2119/6679 2120/6680 # BB4_Pole
f 2113/6681 2114/6682 2118/6683 2117/6684 # BB4_Pole
f 2114/6685 2115/6686 2119/6687 2118/6688 # BB4_Pole
f 2115/6689 2116/6690 2120/6691 2119/6692 # BB4_Pole
f 2116/6693 2113/6694 2117/6695 2120/6696 # BB4_Pole
f 2121/6697 2122/6698 2123/6699 2124/6700 # BB4_Frame
f 2125/6701 2126/6702 2127/6703 2128/6704 # BB4_Frame
f 2121/6705 2122/6706 2126/6707 2125/6708 # BB4_Frame
f 2122/6709 2123/6710 2127/6711 2126/6712 # BB4_Frame
f 2123/6713 2124/6714 2128/6715 2127/6716 # BB4_Frame
f 2124/6717 2121/6718 2125/6719 2128/6720 # BB4_Frame
f 2137/6721 2138/6722 2139/6723 2140/6724 # BB5_Pole
f 2141/6725 2142/6726 2143/6727 2144/6728 # BB5_Pole
f 2137/6729 2138/6730 2142/6731 2141/6732 # BB5_Pole
f 2138/6733 2139/6734 2143/6735 2142/6736 # BB5_Pole
f 2139/6737 2140/6738 2144/6739 2143/6740 # BB5_Pole
f 2140/6741 2137/6742 2141/6743 2144/6744 # BB5_Pole
f 2145/6745 2146/6746 2147/6747 2148/6748 # BB5_Frame
f 2149/6749 2150/6750 2151/6751 2152/6752 # BB5_Frame
f 2145/6753 2146/6754 2150/6755 2149/6756 # BB5_Frame
f 2146/6757 2147/6758 2151/6759 2150/6760 # BB5_Frame
f 2147/6761 2148/6762 2152/6763 2151/6764 # BB5_Frame
f 2148/6765 2145/6766 2149/6767 2152/6768 # BB5_Frame
f 2161/6769 2162/6770 2163/6771 2164/6772 # BB6_Pole
f 2165/6773 2166/6774 2167/6775 2168/6776 # BB6_Pole
f 2161/6777 2162/6778 2166/6779 2165/6780 # BB6_Pole
f 2162/6781 2163/6782 2167/6783 2166/6784 # BB6_Pole
f 2163/6785 2164/6786 2168/6787 2167/6788 # BB6_Pole
f 2164/6789 2161/6790 2165/6791 2168/6792 # BB6_Pole
f 2169/6793 2170/6794 2171/6795 2172/6796 # BB6_Frame
f 2173/6797 2174/6798 2175/6799 2176/6800 # BB6_Frame
f 2169/6801 2170/6802 2174/6803 2173/6804 # BB6_Frame
f 2170/6805 2171/6806 2175/6807 2174/6808 # BB6_Frame
f 2171/6809 2172/6810 2176/6811 2175/6812 # BB6_Frame
f 2172/6813 2169/6814 2173/6815 2176/6816 # BB6_Frame
f 2185/6817 2186/6818 2187/6819 2188/6820 # BB7_Pole
f 2189/6821 2190/6822 2191/6823 2192/6824 # BB7_Pole
f 2185/6825 2186/6826 2190/6827 2189/6828 # BB7_Pole
f 2186/6829 2187/6830 2191/6831 2190/6832 # BB7_Pole
f 2187/6833 2188/6834 2192/6835 2191/6836 # BB7_Pole
f 2188/6837 2185/6838 2189/6839 2192/6840 # BB7_Pole
f 2193/6841 2194/6842 2195/6843 2196/6844 # BB7_Frame
f 2197/6845 2198/6846 2199/6847 2200/6848 # BB7_Frame
f 2193/6849 2194/6850 2198/6851 2197/6852 # BB7_Frame
f 2194/6853 2195/6854 2199/6855 2198/6856 # BB7_Frame
f 2195/6857 2196/6858 2200/6859 2199/6860 # BB7_Frame
f 2196/6861 2193/6862 2197/6863 2200/6864 # BB7_Frame
f 2209/6865 2210/6866 2211/6867 2212/6868 # BB8_Pole
f 2213/6869 2214/6870 2215/6871 2216/6872 # BB8_Pole
f 2209/6873 2210/6874 2214/6875 2213/6876 # BB8_Pole
f 2210/6877 2211/6878 2215/6879 2214/6880 # BB8_Pole
f 2211/6881 2212/6882 2216/6883 2215/6884 # BB8_Pole
f 2212/6885 2209/6886 2213/6887 2216/6888 # BB8_Pole
f 2217/6889 2218/6890 2219/6891 2220/6892 # BB8_Frame
f 2221/6893 2222/6894 2223/6895 2224/6896 # BB8_Frame
f 2217/6897 2218/6898 2222/6899 2221/6900 # BB8_Frame
f 2218/6901 2219/6902 2223/6903 2222/6904 # BB8_Frame
f 2219/6905 2220/6906 2224/6907 2223/6908 # BB8_Frame
f 2220/6909 2217/6910 2221/6911 2224/6912 # BB8_Frame
f 2529/6913 2530/6914 2531/6915 2532/6916 # WheelAxle
f 2533/6917 2534/6918 2535/6919 2536/6920 # WheelAxle
f 2529/6921 2530/6922 2534/6923 2533/6924 # WheelAxle
f 2530/6925 2531/6926 2535/6927 2534/6928 # WheelAxle
f 2531/6929 2532/6930 2536/6931 2535/6932 # WheelAxle
f 2532/6933 2529/6934 2533/6935 2536/6936 # WheelAxle
f 3177/6937 3178/6938 3179/6939 3180/6940 # Pylon210
f 3181/6941 3182/6942 3183/6943 3184/6944 # Pylon210
f 3177/6945 3178/6946 3182/6947 3181/6948 # Pylon210
f 3178/6949 3179/6950 3183/6951 3182/6952 # Pylon210
f 3179/6953 3180/6954 3184/6955 3183/6956 # Pylon210
f 3180/6957 3177/6958 3181/6959 3184/6960 # Pylon210
f 3217/6961 3218/6962 3219/6963 3220/6964 # Pylon290
f 3221/6965 3222/6966 3223/6967 3224/6968 # Pylon290
f 3217/6969 3218/6970 3222/6971 3221/6972 # Pylon290
f 3218/6973 3219/6974 3223/6975 3222/6976 # Pylon290
f 3219/6977 3220/6978 3224/6979 3223/6980 # Pylon290
f 3220/6981 3217/6982 3221/6983 3224/6984 # Pylon290
f 3385/6985 3386/6986 3387/6987 3388/6988 # Car1_W-1.5_-1.0
f 3389/6989 3390/6990 3391/6991 3392/6992 # Car1_W-1.5_-1.0
f 3385/6993 3386/6994 3390/6995 3389/6996 # Car1_W-1.5_-1.0
f 3386/6997 3387/6998 3391/6999 3390/7000 # Car1_W-1.5_-1.0
f 3387/7001 3388/7002 3392/7003 3391/7004 # Car1_W-1.5_-1.0
f 3388/7005 3385/7006 3389/7007 3392/7008 # Car1_W-1.5_-1.0
f 3393/7009 3394/7010 3395/7011 3396/7012 # Car1_W1.5_-1.0
f 3397/7013 3398/7014 3399/7015 3400/7016 # Car1_W1.5_-1.0
f 3393/7017 3394/7018 3398/7019 3397/7020 # Car1_W1.5_-1.0
f 3394/7021 3395/7022 3399/7023 3398/7024 # Car1_W1.5_-1.0
f 3395/7025 3396/7026 3400/7027 3399/7028 # Car1_W1.5_-1.0
f 3396/7029 3393/7030 3397/7031 3400/7032 # Car1_W1.5_-1.0
f 3401/7033 3402/7034 3403/7035 3404/7036 # Car1_W-1.5_1.0
f 3405/7037 3406/7038 3407/7039 3408/7040 # Car1_W-1.5_1.0
f 3401/7041 3402/7042 3406/7043 3405/7044 # Car1_W-1.5_1.0
f 3402/7045 3403/7046 3407/7047 3406/7048 # Car1_W-1.5_1.0
f 3403/7049 3404/7050 3408/7051 3407/7052 # Car1_W-1.5_1.0
f 3404/7053 3401/7054 3405/7055 3408/7056 # Car1_W-1.5_1.0
f 3409/7057 3410/7058 3411/7059 3412/7060 # Car1_W1.5_1.0
f 3413/7061 3414/7062 3415/7063 3416/7064 # Car1_W1.5_1.0
f 3409/7065 3410/7066 3414/7067 3413/7068 # Car1_W1.5_1.0
f 3410/7069 3411/7070 3415/7071 3414/7072 # Car1_W1.5_1.0
f 3411/7073 3412/7074 3416/7075 3415/7076 # Car1_W1.5_1.0
f 3412/7077 3409/7078 3413/7079 3416/7080 # Car1_W1.5_1.0
f 3433/7081 3434/7082 3435/7083 3436/7084 # Car2_W-1.5_-1.0
f 3437/7085 3438/7086 3439/7087 3440/7088 # Car2_W-1.5_-1.0
f 3433/7089 3434/7090 3438/7091 3437/7092 # Car2_W-1.5_-1.0
f 3434/7093 3435/7094 3439/7095 3438/7096 # Car2_W-1.5_-1.0
f 3435/7097 3436/7098 3440/7099 3439/7100 # Car2_W-1.5_-1.0
f 3436/7101 3433/7102 3437/7103 3440/7104 # Car2_W-1.5_-1.0
f 3441/7105 3442/7106 3443/7107 3444/7108 # Car2_W1.5_-1.0
f 3445/7109 3446/7110 3447/7111 3448/7112 # Car2_W1.5_-1.0
f 3441/7113 3442/7114 3446/7115 3445/7116 # Car2_W1.5_-1.0
f 3442/7117 3443/7118 3447/7119 3446/7120 # Car2_W1.5_-1.0
f 3443/7121 3444/7122 3448/7123 3447/7124 # Car2_W1.5_-1.0
f 3444/7125 3441/7126 3445/7127 3448/7128 # Car2_W1.5_-1.0
f 3449/7129 3450/7130 3451/7131 3452/7132 # Car2_W-1.5_1.0
f 3453/7133 3454/7134 3455/7135 3456/7136 # Car2_W-1.5_1.0
f 3449/7137 3450/7138 3454/7139 3453/7140 # Car2_W-1.5_1.0
f 3450/7141 3451/7142 3455/7143 3454/7144 # Car2_W-1.5_1.0
f 3451/7145 3452/7146 3456/7147 3455/7148 # Car2_W-1.5_1.0
f 3452/7149 3449/7150 3453/7151 3456/7152 # Car2_W-1.5_1.0
f 3457/7153 3458/7154 3459/7155 3460/7156 # Car2_W1.5_1.0
f 3461/7157 3462/7158 3463/7159 3464/7160 # Car2_W1.5_1.0
f 3457/7161 3458/7162 3462/7163 3461/7164 # Car2_W1.5_1.0
f 3458/7165 3459/7166 3463/7167 3462/7168 # Car2_W1.5_1.0
f 3459/7169 3460/7170 3464/7171 3463/7172 # Car2_W1.5_1.0
f 3460/7173 3457/7174 3461/7175 3464/7176 # Car2_W1.5_1.0
f 3481/7177 3482/7178 3483/7179 3484/7180 # Car3_W-1.5_-1.0
f 3485/7181 3486/7182 3487/7183 3488/7184 # Car3_W-1.5_-1.0
f 3481/7185 3482/7186 3486/7187 3485/7188 # Car3_W-1.5_-1.0
f 3482/7189 3483/7190 3487/7191 3486/7192 # Car3_W-1.5_-1.0
f 3483/7193 3484/7194 3488/7195 3487/7196 # Car3_W-1.5_-1.0
f 3484/7197 3481/7198 3485/7199 3488/7200 # Car3_W-1.5_-1.0
f 3489/7201 3490/7202 3491/7203 3492/7204 # Car3_W1.5_-1.0
f 3493/7205 3494/7206 3495/7207 3496/7208 # Car3_W1.5_-1.0
f 3489/7209 3490/7210 3494/7211 3493/7212 # Car3_W1.5_-1.0
f 3490/7213 3491/7214 3495/7215 3494/7216 # Car3_W1.5_-1.0
f 3491/7217 3492/7218 3496/7219 3495/7220 # Car3_W1.5_-1.0
f 3492/7221 3489/7222 3493/7223 3496/7224 # Car3_W1.5_-1.0
f 3497/7225 3498/7226 3499/7227 3500/7228 # Car3_W-1.5_1.0
f 3501/7229 3502/7230 3503/7231 3504/7232 # Car3_W-1.5_1.0
f 3497/7233 3498/7234 3502/7235 3501/7236 # Car3_W-1.5_1.0
f 3498/7237 3499/7238 3503/7239 3502/7240 # Car3_W-1.5_1.0
f 3499/7241 3500/7242 3504/7243 3503/7244 # Car3_W-1.5_1.0
f 3500/7245 3497/7246 3501/7247 3504/7248 # Car3_W-1.5_1.0
f 3505/7249 3506/7250 3507/7251 3508/7252 # Car3_W1.5_1.0
f 3509/7253 3510/7254 3511/7255 3512/7256 # Car3_W1.5_1.0
f 3505/7257 3506/7258 3510/7259 3509/7260 # Car3_W1.5_1.0
f 3506/7261 3507/7262 3511/7263 3510/7264 # Car3_W1.5_1.0
f 3507/7265 3508/7266 3512/7267 3511/7268 # Car3_W1.5_1.0
f 3508/7269 3505/7270 3509/7271 3512/7272 # Car3_W1.5_1.0
f 3529/7273 3530/7274 3531/7275 3532/7276 # Car4_W-1.5_-1.0
f 3533/7277 3534/7278 3535/7279 3536/7280 # Car4_W-1.5_-1.0
f 3529/7281 3530/7282 3534/7283 3533/7284 # Car4_W-1.5_-1.0
f 3530/7285 3531/7286 3535/7287 3534/7288 # Car4_W-1.5_-1.0
f 3531/7289 3532/7290 3536/7291 3535/7292 # Car4_W-1.5_-1.0
f 3532/7293 3529/7294 3533/7295 3536/7296 # Car4_W-1.5_-1.0
f 3537/7297 3538/7298 3539/7299 3540/7300 # Car4_W1.5_-1.0
f 3541/7301 3542/7302 3543/7303 3544/7304 # Car4_W1.5_-1.0
f 3537/7305 3538/7306 3542/7307 3541/7308 # Car4_W1.5_-1.0
f 3538/7309 3539/7310 3543/7311 3542/7312 # Car4_W1.5_-1.0
f 3539/7313 3540/7314 3544/7315 3543/7316 # Car4_W1.5_-1.0
f 3540/7317 3537/7318 3541/7319 3544/7320 # Car4_W1.5_-1.0
f 3545/7321 3546/7322 3547/7323 3548/7324 # Car4_W-1.5_1.0
f 3549/7325 3550/7326 3551/7327 3552/7328 # Car4_W-1.5_1.0
f 3545/7329 3546/7330 3550/7331 3549/7332 # Car4_W-1.5_1.0
f 3546/7333 3547/7334 3551/7335 3550/7336 # Car4_W-1.5_1.0
f 3547/7337 3548/7338 3552/7339 3551/7340 # Car4_W-1.5_1.0
f 3548/7341 3545/7342 3549/7343 3552/7344 # Car4_W-1.5_1.0
f 3553/7345 3554/7346 3555/7347 3556/7348 # Car4_W1.5_1.0
f 3557/7349 3558/7350 3559/7351 3560/7352 # Car4_W1.5_1.0
f 3553/7353 3554/7354 3558/7355 3557/7356 # Car4_W1.5_1.0
f 3554/7357 3555/7358 3559/7359 3558/7360 # Car4_W1.5_1.0
f 3555/7361 3556/7362 3560/7363 3559/7364 # Car4_W1.5_1.0
f 3556/7365 3553/7366 3557/7367 3560/7368 # Car4_W1.5_1.0
f 3577/7369 3578/7370 3579/7371 3580/7372 # Car5_W-1.5_-1.0
f 3581/7373 3582/7374 3583/7375 3584/7376 # Car5_W-1.5_-1.0
f 3577/7377 3578/7378 3582/7379 3581/7380 # Car5_W-1.5_-1.0
f 3578/7381 3579/7382 3583/7383 3582/7384 # Car5_W-1.5_-1.0
f 3579/7385 3580/7386 3584/7387 3583/7388 # Car5_W-1.5_-1.0
f 3580/7389 3577/7390 3581/7391 3584/7392 # Car5_W-1.5_-1.0
f 3585/7393 3586/7394 3587/7395 3588/7396 # Car5_W1.5_-1.0
f 3589/7397 3590/7398 3591/7399 3592/7400 # Car5_W1.5_-1.0
f 3585/7401 3586/7402 3590/7403 3589/7404 # Car5_W1.5_-1.0
f 3586/7405 3587/7406 3591/7407 3590/7408 # Car5_W1.5_-1.0
f 3587/7409 3588/7410 3592/7411 3591/7412 # Car5_W1.5_-1.0
f 3588/7413 3585/7414 3589/7415 3592/7416 # Car5_W1.5_-1.0
f 3593/7417 3594/7418 3595/7419 3596/7420 # Car5_W-1.5_1.0
f 3597/7421 3598/7422 3599/7423 3600/7424 # Car5_W-1.5_1.0
f 3593/7425 3594/7426 3598/7427 3597/7428 # Car5_W-1.5_1.0
f 3594/7429 3595/7430 3599/7431 3598/7432 # Car5_W-1.5_1.0
f 3595/7433 3596/7434 3600/7435 3599/7436 # Car5_W-1.5_1.0
f 3596/7437 3593/7438 3597/7439 3600/7440 # Car5_W-1.5_1.0
f 3601/7441 3602/7442 3603/7443 3604/7444 # Car5_W1.5_1.0
f 3605/7445 3606/7446 3607/7447 3608/7448 # Car5_W1.5_1.0
f 3601/7449 3602/7450 3606/7451 3605/7452 # Car5_W1.5_1.0
f 3602/7453 3603/7454 3607/7455 3606/7456 # Car5_W1.5_1.0
f 3603/7457 3604/7458 3608/7459 3607/7460 # Car5_W1.5_1.0
f 3604/7461 3601/7462 3605/7463 3608/7464 # Car5_W1.5_1.0
f 3609/7465 3610/7466 3611/7467 3612/7468 # Car6_Body
f 3613/7469 3614/7470 3615/7471 3616/7472 # Car6_Body
f 3609/7473 3610/7474 3614/7475 3613/7476 # Car6_Body
f 3610/7477 3611/7478 3615/7479 3614/7480 # Car6_Body
f 3611/7481 3612/7482 3616/7483 3615/7484 # Car6_Body
f 3612/7485 3609/7486 3613/7487 3616/7488 # Car6_Body
f 3625/7489 3626/7490 3627/7491 3628/7492 # Car6_W-1.5_-1.0
f 3629/7493 3630/7494 3631/7495 3632/7496 # Car6_W-1.5_-1.0
f 3625/7497 3626/7498 3630/7499 3629/7500 # Car6_W-1.5_-1.0
f 3626/7501 3627/7502 3631/7503 3630/7504 # Car6_W-1.5_-1.0
f 3627/7505 3628/7506 3632/7507 3631/7508 # Car6_W-1.5_-1.0
f 3628/7509 3625/7510 3629/7511 3632/7512 # Car6_W-1.5_-1.0
f 3633/7513 3634/7514 3635/7515 3636/7516 # Car6_W1.5_-1.0
f 3637/7517 3638/7518 3639/7519 3640/7520 # Car6_W1.5_-1.0
f 3633/7521 3634/7522 3638/7523 3637/7524 # Car6_W1.5_-1.0
f 3634/7525 3635/7526 3639/7527 3638/7528 # Car6_W1.5_-1.0
f 3635/7529 3636/7530 3640/7531 3639/7532 # Car6_W1.5_-1.0
f 3636/7533 3633/7534 3637/7535 3640/7536 # Car6_W1.5_-1.0
f 3641/7537 3642/7538 3643/7539 3644/7540 # Car6_W-1.5_1.0
f 3645/7541 3646/7542 3647/7543 3648/7544 # Car6_W-1.5_1.0
f 3641/7545 3642/7546 3646/7547 3645/7548 # Car6_W-1.5_1.0
f 3642/7549 3643/7550 3647/7551 3646/7552 # Car6_W-1.5_1.0
f 3643/7553 3644/7554 3648/7555 3647/7556 # Car6_W-1.5_1.0
f 3644/7557 3641/7558 3645/7559 3648/7560 # Car6_W-1.5_1.0
f 3649/7561 3650/7562 3651/7563 3652/7564 # Car6_W1.5_1.0
f 3653/7565 3654/7566 3655/7567 3656/7568 # Car6_W1.5_1.0
f 3649/7569 3650/7570 3654/7571 3653/7572 # Car6_W1.5_1.0
f 3650/7573 3651/7574 3655/7575 3654/7576 # Car6_W1.5_1.0
f 3651/7577 3652/7578 3656/7579 3655/7580 # Car6_W1.5_1.0
f 3652/7581 3649/7582 3653/7583 3656/7584 # Car6_W1.5_1.0
f 3657/7585 3658/7586 3659/7587 3660/7588 # LampP0
f 3661/7589 3662/7590 3663/7591 3664/7592 # LampP0
f 3657/7593 3658/7594 3662/7595 3661/7596 # LampP0
f 3658/7597 3659/7598 3663/7599 3662/7600 # LampP0
f 3659/7601 3660/7602 3664/7603 3663/7604 # LampP0
f 3660/7605 3657/7606 3661/7607 3664/7608 # LampP0
f 3673/7609 3674/7610 3675/7611 3676/7612 # LampP1
f 3677/7613 3678/7614 3679/7615 3680/7616 # LampP1
f 3673/7617 3674/7618 3678/7619 3677/7620 # LampP1
f 3674/7621 3675/7622 3679/7623 3678/7624 # LampP1
f 3675/7625 3676/7626 3680/7627 3679/7628 # LampP1
f 3676/7629 3673/7630 3677/7631 3680/7632 # LampP1
f 3689/7633 3690/7634 3691/7635 3692/7636 # LampP2
f 3693/7637 3694/7638 3695/7639 3696/7640 # LampP2
f 3689/7641 3690/7642 3694/7643 3693/7644 # LampP2
f 3690/7645 3691/7646 3695/7647 3694/7648 # LampP2
f 3691/7649 3692/7650 3696/7651 3695/7652 # LampP2
f 3692/7653 3689/7654 3693/7655 3696/7656 # LampP2
f 3705/7657 3706/7658 3707/7659 3708/7660 # LampP3
f 3709/7661 3710/7662 3711/7663 3712/7664 # LampP3
f 3705/7665 3706/7666 3710/7667 3709/7668 # LampP3
f 3706/7669 3707/7670 3711/7671 3710/7672 # LampP3
f 3707/7673 3708/7674 3712/7675 3711/7676 # LampP3
f 3708/7677 3705/7678 3709/7679 3712/7680 # LampP3
f 3721/7681 3722/7682 3723/7683 3724/7684 # LampP4
f 3725/7685 3726/7686 3727/7687 3728/7688 # LampP4
f 3721/7689 3722/7690 3726/7691 3725/7692 # LampP4
f 3722/7693 3723/7694 3727/7695 3726/7696 # LampP4
f 3723/7697 3724/7698 3728/7699 3727/7700 # LampP4
f 3724/7701 3721/7702 3725/7703 3728/7704 # LampP4
f 3737/7705 3738/7706 3739/7707 3740/7708 # LampP5
f 3741/7709 3742/7710 3743/7711 3744/7712 # LampP5
f 3737/7713 3738/7714 3742/7715 3741/7716 # LampP5
f 3738/7717 3739/7718 3743/7719 3742/7720 # LampP5
f 3739/7721 3740/7722 3744/7723 3743/7724 # LampP5
f 3740/7725 3737/7726 3741/7727 3744/7728 # LampP5
f 3753/7729 3754/7730 3755/7731 3756/7732 # LampP6
f 3757/7733 3758/7734 3759/7735 3760/7736 # LampP6
f 3753/7737 3754/7738 3758/7739 3757/7740 # LampP6
f 3754/7741 3755/7742 3759/7743 3758/7744 # LampP6
f 3755/7745 3756/7746 3760/7747 3759/7748 # LampP6
f 3756/7749 3753/7750 3757/7751 3760/7752 # LampP6
f 3769/7753 3770/7754 3771/7755 3772/7756 # LampP7
f 3773/7757 3774/7758 3775/7759 3776/7760 # LampP7
f 3769/7761 3770/7762 3774/7763 3773/7764 # LampP7
f 3770/7765 3771/7766 3775/7767 3774/7768 # LampP7
f 3771/7769 3772/7770 3776/7771 3775/7772 # LampP7
f 3772/7773 3769/7774 3773/7775 3776/7776 # LampP7
f 3785/7777 3786/7778 3787/7779 3788/7780 # LampP8
f 3789/7781 3790/7782 3791/7783 3792/7784 # LampP8
f 3785/7785 3786/7786 3790/7787 3789/7788 # LampP8
f 3786/7789 3787/7790 3791/7791 3790/7792 # LampP8
f 3787/7793 3788/7794 3792/7795 3791/7796 # LampP8
f 3788/7797 3785/7798 3789/7799 3792/7800 # LampP8
f 3801/7801 3802/7802 3803/7803 3804/7804 # LampP9
f 3805/7805 3806/7806 3807/7807 3808/7808 # LampP9
f 3801/7809 3802/7810 3806/7811 3805/7812 # LampP9
f 3802/7813 3803/7814 3807/7815 3806/7816 # LampP9
f 3803/7817 3804/7818 3808/7819 3807/7820 # LampP9
f 3804/7821 3801/7822 3805/7823 3808/7824 # LampP9
f 3817/7825 3818/7826 3819/7827 3820/7828 # LampP10
f 3821/7829 3822/7830 3823/7831 3824/7832 # LampP10
f 3817/7833 3818/7834 3822/7835 3821/7836 # LampP10
f 3818/7837 3819/7838 3823/7839 3822/7840 # LampP10
f 3819/7841 3820/7842 3824/7843 3823/7844 # LampP10
f 3820/7845 3817/7846 3821/7847 3824/7848 # LampP10
f 3833/7849 3834/7850 3835/7851 3836/7852 # LampP11
f 3837/7853 3838/7854 3839/7855 3840/7856 # LampP11
f 3833/7857 3834/7858 3838/7859 3837/7860 # LampP11
f 3834/7861 3835/7862 3839/7863 3838/7864 # LampP11
f 3835/7865 3836/7866 3840/7867 3839/7868 # LampP11
f 3836/7869 3833/7870 3837/7871 3840/7872 # LampP11
f 3849/7873 3850/7874 3851/7875 3852/7876 # LampP12
f 3853/7877 3854/7878 3855/7879 3856/7880 # LampP12
f 3849/7881 3850/7882 3854/7883 3853/7884 # LampP12
f 3850/7885 3851/7886 3855/7887 3854/7888 # LampP12
f 3851/7889 3852/7890 3856/7891 3855/7892 # LampP12
f 3852/7893 3849/7894 3853/7895 3856/7896 # LampP12
f 3865/7897 3866/7898 3867/7899 3868/7900 # LampP13
f 3869/7901 3870/7902 3871/7903 3872/7904 # LampP13
f 3865/7905 3866/7906 3870/7907 3869/7908 # LampP13
f 3866/7909 3867/7910 3871/7911 3870/7912 # LampP13
f 3867/7913 3868/7914 3872/7915 3871/7916 # LampP13
f 3868/7917 3865/7918 3869/7919 3872/7920 # LampP13
f 3881/7921 3882/7922 3883/7923 3884/7924 # LampP14
f 3885/7925 3886/7926 3887/7927 3888/7928 # LampP14
f 3881/7929 3882/7930 3886/7931 3885/7932 # LampP14
f 3882/7933 3883/7934 3887/7935 3886/7936 # LampP14
f 3883/7937 3884/7938 3888/7939 3887/7940 # LampP14
f 3884/7941 3881/7942 3885/7943 3888/7944 # LampP14
f 3897/7945 3898/7946 3899/7947 3900/7948 # LampP15
f 3901/7949 3902/7950 3903/7951 3904/7952 # LampP15
f 3897/7953 3898/7954 3902/7955 3901/7956 # LampP15
f 3898/7957 3899/7958 3903/7959 3902/7960 # LampP15
f 3899/7961 3900/7962 3904/7963 3903/7964 # LampP15
f 3900/7965 3897/7966 3901/7967 3904/7968 # LampP15
f 3913/7969 3914/7970 3915/7971 3916/7972 # LampP16
f 3917/7973 3918/7974 3919/7975 3920/7976 # LampP16
f 3913/7977 3914/7978 3918/7979 3917/7980 # LampP16
f 3914/7981 3915/7982 3919/7983 3918/7984 # LampP16
f 3915/7985 3916/7986 3920/7987 3919/7988 # LampP16
f 3916/7989 3913/7990 3917/7991 3920/7992 # LampP16
f 3929/7993 3930/7994 3931/7995 3932/7996 # LampP17
f 3933/7997 3934/7998 3935/7999 3936/8000 # LampP17
f 3929/8001 3930/8002 3934/8003 3933/8004 # LampP17
f 3930/8005 3931/8006 3935/8007 3934/8008 # LampP17
f 3931/8009 3932/8010 3936/8011 3935/8012 # LampP17
f 3932/8013 3929/8014 3933/8015 3936/8016 # LampP17
f 3945/8017 3946/8018 3947/8019 3948/8020 # LampP18
f 3949/8021 3950/8022 3951/8023 3952/8024 # LampP18
f 3945/8025 3946/8026 3950/8027 3949/8028 # LampP18
f 3946/8029 3947/8030 3951/8031 3950/8032 # LampP18
f 3947/8033 3948/8034 3952/8035 3951/8036 # LampP18
f 3948/8037 3945/8038 3949/8039 3952/8040 # LampP18
f 3961/8041 3962/8042 3963/8043 3964/8044 # LampP19
f 3965/8045 3966/8046 3967/8047 3968/8048 # LampP19
f 3961/8049 3962/8050 3966/8051 3965/8052 # LampP19
f 3962/8053 3963/8054 3967/8055 3966/8056 # LampP19
f 3963/8057 3964/8058 3968/8059 3967/8060 # LampP19
f 3964/8061 3961/8062 3965/8063 3968/8064 # LampP19
f 3977/8065 3978/8066 3979/8067 3980/8068 # LampP20
f 3981/8069 3982/8070 3983/8071 3984/8072 # LampP20
f 3977/8073 3978/8074 3982/8075 3981/8076 # LampP20
f 3978/8077 3979/8078 3983/8079 3982/8080 # LampP20
f 3979/8081 3980/8082 3984/8083 3983/8084 # LampP20
f 3980/8085 3977/8086 3981/8087 3984/8088 # LampP20
f 3993/8089 3994/8090 3995/8091 3996/8092 # LampP21
f 3997/8093 3998/8094 3999/8095 4000/8096 # LampP21
f 3993/8097 3994/8098 3998/8099 3997/8100 # LampP21
f 3994/8101 3995/8102 3999/8103 3998/8104 # LampP21
f 3995/8105 3996/8106 4000/8107 3999/8108 # LampP21
f 3996/8109 3993/8110 3997/8111 4000/8112 # LampP21
f 4009/8113 4010/8114 4011/8115 4012/8116 # LampP22
f 4013/8117 4014/8118 4015/8119 4016/8120 # LampP22
f 4009/8121 4010/8122 4014/8123 4013/8124 # LampP22
f 4010/8125 4011/8126 4015/8127 4014/8128 # LampP22
f 4011/8129 4012/8130 4016/8131 4015/8132 # LampP22
f 4012/8133 4009/8134 4013/8135 4016/8136 # LampP22
f 4025/8137 4026/8138 4027/8139 4028/8140 # LampP23
f 4029/8141 4030/8142 4031/8143 4032/8144 # LampP23
f 4025/8145 4026/8146 4030/8147 4029/8148 # LampP23
f 4026/8149 4027/8150 4031/8151 4030/8152 # LampP23
f 4027/8153 4028/8154 4032/8155 4031/8156 # LampP23
f 4028/8157 4025/8158 4029/8159 4032/8160 # LampP23
f 4041/8161 4042/8162 4043/8163 4044/8164 # LampP24
f 4045/8165 4046/8166 4047/8167 4048/8168 # LampP24
f 4041/8169 4042/8170 4046/8171 4045/8172 # LampP24
f 4042/8173 4043/8174 4047/8175 4046/8176 # LampP24
f 4043/8177 4044/8178 4048/8179 4047/8180 # LampP24
f 4044/8181 4041/8182 4045/8183 4048/8184 # LampP24
f 4057/8185 4058/8186 4059/8187 4060/8188 # LampP25
f 4061/8189 4062/8190 4063/8191 4064/8192 # LampP25
f 4057/8193 4058/8194 4062/8195 4061/8196 # LampP25
f 4058/8197 4059/8198 4063/8199 4062/8200 # LampP25
f 4059/8201 4060/8202 4064/8203 4063/8204 # LampP25
f 4060/8205 4057/8206 4061/8207 4064/8208 # LampP25
f 4073/8209 4074/8210 4075/8211 4076/8212 # LampP26
f 4077/8213 4078/8214 4079/8215 4080/8216 # LampP26
f 4073/8217 4074/8218 4078/8219 4077/8220 # LampP26
f 4074/8221 4075/8222 4079/8223 4078/8224 # LampP26
f 4075/8225 4076/8226 4080/8227 4079/8228 # LampP26
f 4076/8229 4073/8230 4077/8231 4080/8232 # LampP26
f 4089/8233 4090/8234 4091/8235 4092/8236 # LampP27
f 4093/8237 4094/8238 4095/8239 4096/8240 # LampP27
f 4089/8241 4090/8242 4094/8243 4093/8244 # LampP27
f 4090/8245 4091/8246 4095/8247 4094/8248 # LampP27
f 4091/8249 4092/8250 4096/8251 4095/8252 # LampP27
f 4092/8253 4089/8254 4093/8255 4096/8256 # LampP27
f 4105/8257 4106/8258 4107/8259 4108/8260 # LampP28
f 4109/8261 4110/8262 4111/8263 4112/8264 # LampP28
f 4105/8265 4106/8266 4110/8267 4109/8268 # LampP28
f 4106/8269 4107/8270 4111/8271 4110/8272 # LampP28
f 4107/8273 4108/8274 4112/8275 4111/8276 # LampP28
f 4108/8277 4105/8278 4109/8279 4112/8280 # LampP28
f 4121/8281 4122/8282 4123/8283 4124/8284 # LampP29
f 4125/8285 4126/8286 4127/8287 4128/8288 # LampP29
f 4121/8289 4122/8290 4126/8291 4125/8292 # LampP29
f 4122/8293 4123/8294 4127/8295 4126/8296 # LampP29
f 4123/8297 4124/8298 4128/8299 4127/8300 # LampP29
f 4124/8301 4121/8302 4125/8303 4128/8304 # LampP29
f 4137/8305 4138/8306 4139/8307 4140/8308 # LampP30
f 4141/8309 4142/8310 4143/8311 4144/8312 # LampP30
f 4137/8313 4138/8314 4142/8315 4141/8316 # LampP30
f 4138/8317 4139/8318 4143/8319 4142/8320 # LampP30
f 4139/8321 4140/8322 4144/8323 4143/8324 # LampP30
f 4140/8325 4137/8326 4141/8327 4144/8328 # LampP30
f 4153/8329 4154/8330 4155/8331 4156/8332 # LampP31
f 4157/8333 4158/8334 4159/8335 4160/8336 # LampP31
f 4153/8337 4154/8338 4158/8339 4157/8340 # LampP31
f 4154/8341 4155/8342 4159/8343 4158/8344 # LampP31
f 4155/8345 4156/8346 4160/8347 4159/8348 # LampP31
f 4156/8349 4153/8350 4157/8351 4160/8352 # LampP31
f 4169/8353 4170/8354 4171/8355 4172/8356 # LampP32
f 4173/8357 4174/8358 4175/8359 4176/8360 # LampP32
f 4169/8361 4170/8362 4174/8363 4173/8364 # LampP32
f 4170/8365 4171/8366 4175/8367 4174/8368 # LampP32
f 4171/8369 4172/8370 4176/8371 4175/8372 # LampP32
f 4172/8373 4169/8374 4173/8375 4176/8376 # LampP32
f 4185/8377 4186/8378 4187/8379 4188/8380 # LampP33
f 4189/8381 4190/8382 4191/8383 4192/8384 # LampP33
f 4185/8385 4186/8386 4190/8387 4189/8388 # LampP33
f 4186/8389 4187/8390 4191/8391 4190/8392 # LampP33
f 4187/8393 4188/8394 4192/8395 4191/8396 # LampP33
f 4188/8397 4185/8398 4189/8399 4192/8400 # LampP33
f 4201/8401 4202/8402 4203/8403 4204/8404 # LampP34
f 4205/8405 4206/8406 4207/8407 4208/8408 # LampP34
f 4201/8409 4202/8410 4206/8411 4205/8412 # LampP34
f 4202/8413 4203/8414 4207/8415 4206/8416 # LampP34
f 4203/8417 4204/8418 4208/8419 4207/8420 # LampP34
f 4204/8421 4201/8422 4205/8423 4208/8424 # LampP34
f 4217/8425 4218/8426 4219/8427 4220/8428 # LampP35
f 4221/8429 4222/8430 4223/8431 4224/8432 # LampP35
f 4217/8433 4218/8434 4222/8435 4221/8436 # LampP35
f 4218/8437 4219/8438 4223/8439 4222/8440 # LampP35
f 4219/8441 4220/8442 4224/8443 4223/8444 # LampP35
f 4220/8445 4217/8446 4221/8447 4224/8448 # LampP35
f 4233/8449 4234/8450 4235/8451 4236/8452 # LampP36
f 4237/8453 4238/8454 4239/8455 4240/8456 # LampP36
f 4233/8457 4234/8458 4238/8459 4237/8460 # LampP36
f 4234/8461 4235/8462 4239/8463 4238/8464 # LampP36
f 4235/8465 4236/8466 4240/8467 4239/8468 # LampP36
f 4236/8469 4233/8470 4237/8471 4240/8472 # LampP36
f 4249/8473 4250/8474 4251/8475 4252/8476 # LampP37
f 4253/8477 4254/8478 4255/8479 4256/8480 # LampP37
f 4249/8481 4250/8482 4254/8483 4253/8484 # LampP37
f 4250/8485 4251/8486 4255/8487 4254/8488 # LampP37
f 4251/8489 4252/8490 4256/8491 4255/8492 # LampP37
f 4252/8493 4249/8494 4253/8495 4256/8496 # LampP37
f 4265/8497 4266/8498 4267/8499 4268/8500 # LampP38
f 4269/8501 4270/8502 4271/8503 4272/8504 # LampP38
f 4265/8505 4266/8506 4270/8507 4269/8508 # LampP38
f 4266/8509 4267/8510 4271/8511 4270/8512 # LampP38
f 4267/8513 4268/8514 4272/8515 4271/8516 # LampP38
f 4268/8517 4265/8518 4269/8519 4272/8520 # LampP38
f 4281/8521 4282/8522 4283/8523 4284/8524 # LampP39
f 4285/8525 4286/8526 4287/8527 4288/8528 # LampP39
f 4281/8529 4282/8530 4286/8531 4285/8532 # LampP39
f 4282/8533 4283/8534 4287/8535 4286/8536 # LampP39
f 4283/8537 4284/8538 4288/8539 4287/8540 # LampP39
f 4284/8541 4281/8542 4285/8543 4288/8544 # LampP39
f 4297/8545 4298/8546 4299/8547 4300/8548 # LampP40
f 4301/8549 4302/8550 4303/8551 4304/8552 # LampP40
f 4297/8553 4298/8554 4302/8555 4301/8556 # LampP40
f 4298/8557 4299/8558 4303/8559 4302/8560 # LampP40
f 4299/8561 4300/8562 4304/8563 4303/8564 # LampP40
f 4300/8565 4297/8566 4301/8567 4304/8568 # LampP40
f 4313/8569 4314/8570 4315/8571 4316/8572 # LampP41
f 4317/8573 4318/8574 4319/8575 4320/8576 # LampP41
f 4313/8577 4314/8578 4318/8579 4317/8580 # LampP41
f 4314/8581 4315/8582 4319/8583 4318/8584 # LampP41
f 4315/8585 4316/8586 4320/8587 4319/8588 # LampP41
f 4316/8589 4313/8590 4317/8591 4320/8592 # LampP41
f 4329/8593 4330/8594 4331/8595 4332/8596 # LampP42
f 4333/8597 4334/8598 4335/8599 4336/8600 # LampP42
f 4329/8601 4330/8602 4334/8603 4333/8604 # LampP42
f 4330/8605 4331/8606 4335/8607 4334/8608 # LampP42
f 4331/8609 4332/8610 4336/8611 4335/8612 # LampP42
f 4332/8613 4329/8614 4333/8615 4336/8616 # LampP42
f 4345/8617 4346/8618 4347/8619 4348/8620 # LampP43
f 4349/8621 4350/8622 4351/8623 4352/8624 # LampP43
f 4345/8625 4346/8626 4350/8627 4349/8628 # LampP43
f 4346/8629 4347/8630 4351/8631 4350/8632 # LampP43
f 4347/8633 4348/8634 4352/8635 4351/8636 # LampP43
f 4348/8637 4345/8638 4349/8639 4352/8640 # LampP43
f 4361/8641 4362/8642 4363/8643 4364/8644 # LampP44
f 4365/8645 4366/8646 4367/8647 4368/8648 # LampP44
f 4361/8649 4362/8650 4366/8651 4365/8652 # LampP44
f 4362/8653 4363/8654 4367/8655 4366/8656 # LampP44
f 4363/8657 4364/8658 4368/8659 4367/8660 # LampP44
f 4364/8661 4361/8662 4365/8663 4368/8664 # LampP44
f 4377/8665 4378/8666 4379/8667 4380/8668 # LampP45
f 4381/8669 4382/8670 4383/8671 4384/8672 # LampP45
f 4377/8673 4378/8674 4382/8675 4381/8676 # LampP45
f 4378/8677 4379/8678 4383/8679 4382/8680 # LampP45
f 4379/8681 4380/8682 4384/8683 4383/8684 # LampP45
f 4380/8685 4377/8686 4381/8687 4384/8688 # LampP45
f 4393/8689 4394/8690 4395/8691 4396/8692 # LampP46
f 4397/8693 4398/8694 4399/8695 4400/8696 # LampP46
f 4393/8697 4394/8698 4398/8699 4397/8700 # LampP46
f 4394/8701 4395/8702 4399/8703 4398/8704 # LampP46
f 4395/8705 4396/8706 4400/8707 4399/8708 # LampP46
f 4396/8709 4393/8710 4397/8711 4400/8712 # LampP46
f 4409/8713 4410/8714 4411/8715 4412/8716 # LampP47
f 4413/8717 4414/8718 4415/8719 4416/8720 # LampP47
f 4409/8721 4410/8722 4414/8723 4413/8724 # LampP47
f 4410/8725 4411/8726 4415/8727 4414/8728 # LampP47
f 4411/8729 4412/8730 4416/8731 4415/8732 # LampP47
f 4412/8733 4409/8734 4413/8735 4416/8736 # LampP47
o Beacon
usemtl Beacon
f 441/8737 442/8738 443/8739 444/8740 # Tall2_Beacon
f 445/8741 446/8742 447/8743 448/8744 # Tall2_Beacon
f 441/8745 442/8746 446/8747 445/8748 # Tall2_Beacon
f 442/8749 443/8750 447/8751 446/8752 # Tall2_Beacon
f 443/8753 444/8754 448/8755 447/8756 # Tall2_Beacon
f 444/8757 441/8758 445/8759 448/8760 # Tall2_Beacon
f 521/8761 522/8762 523/8763 524/8764 # Tall3_Beacon
f 525/8765 526/8766 527/8767 528/8768 # Tall3_Beacon
f 521/8769 522/8770 526/8771 525/8772 # Tall3_Beacon
f 522/8773 523/8774 527/8775 526/8776 # Tall3_Beacon
f 523/8777 524/8778 528/8779 527/8780 # Tall3_Beacon
f 524/8781 521/8782 525/8783 528/8784 # Tall3_Beacon
f 601/8785 602/8786 603/8787 604/8788 # Tall4_Beacon
f 605/8789 606/8790 607/8791 608/8792 # Tall4_Beacon
f 601/8793 602/8794 606/8795 605/8796 # Tall4_Beacon
f 602/8797 603/8798 607/8799 606/8800 # Tall4_Beacon
f 603/8801 604/8802 608/8803 607/8804 # Tall4_Beacon
f 604/8805 601/8806 605/8807 608/8808 # Tall4_Beacon
f 673/8809 674/8810 675/8811 676/8812 # Tall5_Beacon
f 677/8813 678/8814 679/8815 680/8816 # Tall5_Beacon
f 673/8817 674/8818 678/8819 677/8820 # Tall5_Beacon
f 674/8821 675/8822 679/8823 678/8824 # Tall5_Beacon
f 675/8825 676/8826 680/8827 679/8828 # Tall5_Beacon
f 676/8829 673/8830 677/8831 680/8832 # Tall5_Beacon
f 745/8833 746/8834 747/8835 748/8836 # B0_Beacon
f 749/8837 750/8838 751/8839 752/8840 # B0_Beacon
f 745/8841 746/8842 750/8843 749/8844 # B0_Beacon
f 746/8845 747/8846 751/8847 750/8848 # B0_Beacon
f 747/8849 748/8850 752/8851 751/8852 # B0_Beacon
f 748/8853 745/8854 749/8855 752/8856 # B0_Beacon
f 881/8857 882/8858 883/8859 884/8860 # B2_Beacon
f 885/8861 886/8862 887/8863 888/8864 # B2_Beacon
f 881/8865 882/8866 886/8867 885/8868 # B2_Beacon
f 882/8869 883/8870 887/8871 886/8872 # B2_Beacon
f 883/8873 884/8874 888/8875 887/8876 # B2_Beacon
f 884/8877 881/8878 885/8879 888/8880 # B2_Beacon
f 1017/8881 1018/8882 1019/8883 1020/8884 # B4_Beacon
f 1021/8885 1022/8886 1023/8887 1024/8888 # B4_Beacon
f 1017/8889 1018/8890 1022/8891 1021/8892 # B4_Beacon
f 1018/8893 1019/8894 1023/8895 1022/8896 # B4_Beacon
f 1019/8897 1020/8898 1024/8899 1023/8900 # B4_Beacon
f 1020/8901 1017/8902 1021/8903 1024/8904 # B4_Beacon
f 1089/8905 1090/8906 1091/8907 1092/8908 # B5_Beacon
f 1093/8909 1094/8910 1095/8911 1096/8912 # B5_Beacon
f 1089/8913 1090/8914 1094/8915 1093/8916 # B5_Beacon
f 1090/8917 1091/8918 1095/8919 1094/8920 # B5_Beacon
f 1091/8921 1092/8922 1096/8923 1095/8924 # B5_Beacon
f 1092/8925 1089/8926 1093/8927 1096/8928 # B5_Beacon
f 1161/8929 1162/8930 1163/8931 1164/8932 # B6_Beacon
f 1165/8933 1166/8934 1167/8935 1168/8936 # B6_Beacon
f 1161/8937 1162/8938 1166/8939 1165/8940 # B6_Beacon
f 1162/8941 1163/8942 1167/8943 1166/8944 # B6_Beacon
f 1163/8945 1164/8946 1168/8947 1167/8948 # B6_Beacon
f 1164/8949 1161/8950 1165/8951 1168/8952 # B6_Beacon
f 1233/8953 1234/8954 1235/8955 1236/8956 # B7_Beacon
f 1237/8957 1238/8958 1239/8959 1240/8960 # B7_Beacon
f 1233/8961 1234/8962 1238/8963 1237/8964 # B7_Beacon
f 1234/8965 1235/8966 1239/8967 1238/8968 # B7_Beacon
f 1235/8969 1236/8970 1240/8971 1239/8972 # B7_Beacon
f 1236/8973 1233/8974 1237/8975 1240/8976 # B7_Beacon
f 1361/8977 1362/8978 1363/8979 1364/8980 # B9_Beacon
f 1365/8981 1366/8982 1367/8983 1368/8984 # B9_Beacon
f 1361/8985 1362/8986 1366/8987 1365/8988 # B9_Beacon
f 1362/8989 1363/8990 1367/8991 1366/8992 # B9_Beacon
f 1363/8993 1364/8994 1368/8995 1367/8996 # B9_Beacon
f 1364/8997 1361/8998 1365/8999 1368/9000 # B9_Beacon
f 1489/9001 1490/9002 1491/9003 1492/9004 # B11_Beacon
f 1493/9005 1494/9006 1495/9007 1496/9008 # B11_Beacon
f 1489/9009 1490/9010 1494/9011 1493/9012 # B11_Beacon
f 1490/9013 1491/9014 1495/9015 1494/9016 # B11_Beacon
f 1491/9017 1492/9018 1496/9019 1495/9020 # B11_Beacon
f 1492/9021 1489/9022 1493/9023 1496/9024 # B11_Beacon
o FacadeB
usemtl FacadeB
f 465/9025 466/9026 467/9027 468/9028 # Tall3_T0
f 469/9029 470/9030 471/9031 472/9032 # Tall3_T0
f 465/9033 466/9034 470/9035 469/9036 # Tall3_T0
f 466/9037 467/9038 471/9039 470/9040 # Tall3_T0
f 467/9041 468/9042 472/9043 471/9044 # Tall3_T0
f 468/9045 465/9046 469/9047 472/9048 # Tall3_T0
f 473/9049 474/9050 475/9051 476/9052 # Tall3_T1
f 477/9053 478/9054 479/9055 480/9056 # Tall3_T1
f 473/9057 474/9058 478/9059 477/9060 # Tall3_T1
f 474/9061 475/9062 479/9063 478/9064 # Tall3_T1
f 475/9065 476/9066 480/9067 479/9068 # Tall3_T1
f 476/9069 473/9070 477/9071 480/9072 # Tall3_T1
f 481/9073 482/9074 483/9075 484/9076 # Tall3_T2
f 485/9077 486/9078 487/9079 488/9080 # Tall3_T2
f 481/9081 482/9082 486/9083 485/9084 # Tall3_T2
f 482/9085 483/9086 487/9087 486/9088 # Tall3_T2
f 483/9089 484/9090 488/9091 487/9092 # Tall3_T2
f 484/9093 481/9094 485/9095 488/9096 # Tall3_T2
f 769/9097 770/9098 771/9099 772/9100 # B1_T0
f 773/9101 774/9102 775/9103 776/9104 # B1_T0
f 769/9105 770/9106 774/9107 773/9108 # B1_T0
f 770/9109 771/9110 775/9111 774/9112 # B1_T0
f 771/9113 772/9114 776/9115 775/9116 # B1_T0
f 772/9117 769/9118 773/9119 776/9120 # B1_T0
f 777/9121 778/9122 779/9123 780/9124 # B1_T1
f 781/9125 782/9126 783/9127 784/9128 # B1_T1
f 777/9129 778/9130 782/9131 781/9132 # B1_T1
f 778/9133 779/9134 783/9135 782/9136 # B1_T1
f 779/9137 780/9138 784/9139 783/9140 # B1_T1
f 780/9141 777/9142 781/9143 784/9144 # B1_T1
f 961/9145 962/9146 963/9147 964/9148 # B4_T0
f 965/9149 966/9150 967/9151 968/9152 # B4_T0
f 961/9153 962/9154 966/9155 965/9156 # B4_T0
f 962/9157 963/9158 967/9159 966/9160 # B4_T0
f 963/9161 964/9162 968/9163 967/9164 # B4_T0
f 964/9165 961/9166 965/9167 968/9168 # B4_T0
f 969/9169 970/9170 971/9171 972/9172 # B4_T1
f 973/9173 974/9174 975/9175 976/9176 # B4_T1
f 969/9177 970/9178 974/9179 973/9180 # B4_T1
f 970/9181 971/9182 975/9183 974/9184 # B4_T1
f 971/9185 972/9186 976/9187 975/9188 # B4_T1
f 972/9189 969/9190 973/9191 976/9192 # B4_T1
f 977/9193 978/9194 979/9195 980/9196 # B4_T2
f 981/9197 982/9198 983/9199 984/9200 # B4_T2
f 977/9201 978/9202 982/9203 981/9204 # B4_T2
f 978/9205 979/9206 983/9207 982/9208 # B4_T2
f 979/9209 980/9210 984/9211 983/9212 # B4_T2
f 980/9213 977/9214 981/9215 984/9216 # B4_T2
f 1185/9217 1186/9218 1187/9219 1188/9220 # B7_T0
f 1189/9221 1190/9222 1191/9223 1192/9224 # B7_T0
f 1185/9225 1186/9226 1190/9227 1189/9228 # B7_T0
f 1186/9229 1187/9230 1191/9231 1190/9232 # B7_T0
f 1187/9233 1188/9234 1192/9235 1191/9236 # B7_T0
f 1188/9237 1185/9238 1189/9239 1192/9240 # B7_T0
f 1193/9241 1194/9242 1195/9243 1196/9244 # B7_T1
f 1197/9245 1198/9246 1199/9247 1200/9248 # B7_T1
f 1193/9249 1194/9250 1198/9251 1197/9252 # B7_T1
f 1194/9253 1195/9254 1199/9255 1198/9256 # B7_T1
f 1195/9257 1196/9258 1200/9259 1199/9260 # B7_T1
f 1196/9261 1193/9262 1197/9263 1200/9264 # B7_T1
f 1385/9265 1386/9266 1387/9267 1388/9268 # B10_T0
f 1389/9269 1390/9270 1391/9271 1392/9272 # B10_T0
f 1385/9273 1386/9274 1390/9275 1389/9276 # B10_T0
f 1386/9277 1387/9278 1391/9279 1390/9280 # B10_T0
f 1387/9281 1388/9282 1392/9283 1391/9284 # B10_T0
f 1388/9285 1385/9286 1389/9287 1392/9288 # B10_T0
f 1393/9289 1394/9290 1395/9291 1396/9292 # B10_T1
f 1397/9293 1398/9294 1399/9295 1400/9296 # B10_T1
f 1393/9297 1394/9298 1398/9299 1397/9300 # B10_T1
f 1394/9301 1395/9302 1399/9303 1398/9304 # B10_T1
f 1395/9305 1396/9306 1400/9307 1399/9308 # B10_T1
f 1396/9309 1393/9310 1397/9311 1400/9312 # B10_T1
f 1569/9313 1570/9314 1571/9315 1572/9316 # B13_T0
f 1573/9317 1574/9318 1575/9319 1576/9320 # B13_T0
f 1569/9321 1570/9322 1574/9323 1573/9324 # B13_T0
f 1570/9325 1571/9326 1575/9327 1574/9328 # B13_T0
f 1571/9329 1572/9330 1576/9331 1575/9332 # B13_T0
f 1572/9333 1569/9334 1573/9335 1576/9336 # B13_T0
f 1577/9337 1578/9338 1579/9339 1580/9340 # B13_T1
f 1581/9341 1582/9342 1583/9343 1584/9344 # B13_T1
f 1577/9345 1578/9346 1582/9347 1581/9348 # B13_T1
f 1578/9349 1579/9350 1583/9351 1582/9352 # B13_T1
f 1579/9353 1580/9354 1584/9355 1583/9356 # B13_T1
f 1580/9357 1577/9358 1581/9359 1584/9360 # B13_T1
f 2993/9361 2994/9362 2995/9363 2996/9364 # Boat2_Hull
f 2997/9365 2998/9366 2999/9367 3000/9368 # Boat2_Hull
f 2993/9369 2994/9370 2998/9371 2997/9372 # Boat2_Hull
f 2994/9373 2995/9374 2999/9375 2998/9376 # Boat2_Hull
f 2995/9377 2996/9378 3000/9379 2999/9380 # Boat2_Hull
f 2996/9381 2993/9382 2997/9383 3000/9384 # Boat2_Hull
f 3001/9385 3002/9386 3003/9387 3004/9388 # Boat2_Bow
f 3005/9389 3006/9390 3007/9391 3008/9392 # Boat2_Bow
f 3001/9393 3002/9394 3006/9395 3005/9396 # Boat2_Bow
f 3002/9397 3003/9398 3007/9399 3006/9400 # Boat2_Bow
f 3003/9401 3004/9402 3008/9403 3007/9404 # Boat2_Bow
f 3004/9405 3001/9406 3005/9407 3008/9408 # Boat2_Bow
f 3417/9409 3418/9410 3419/9411 3420/9412 # Car2_Body
f 3421/9413 3422/9414 3423/9415 3424/9416 # Car2_Body
f 3417/9417 3418/9418 3422/9419 3421/9420 # Car2_Body
f 3418/9421 3419/9422 3423/9423 3422/9424 # Car2_Body
f 3419/9425 3420/9426 3424/9427 3423/9428 # Car2_Body
f 3420/9429 3417/9430 3421/9431 3424/9432 # Car2_Body
o Plaster
usemtl Plaster
f 1609/9433 1610/9434 1611/9435 1612/9436 # Shop0_Base
f 1613/9437 1614/9438 1615/9439 1616/9440 # Shop0_Base
f 1609/9441 1610/9442 1614/9443 1613/9444 # Shop0_Base
f 1610/9445 1611/9446 1615/9447 1614/9448 # Shop0_Base
f 1611/9449 1612/9450 1616/9451 1615/9452 # Shop0_Base
f 1612/9453 1609/9454 1613/9455 1616/9456 # Shop0_Base
f 1681/9457 1682/9458 1683/9459 1684/9460 # Shop1_Base
f 1685/9461 1686/9462 1687/9463 1688/9464 # Shop1_Base
f 1681/9465 1682/9466 1686/9467 1685/9468 # Shop1_Base
f 1682/9469 1683/9470 1687/9471 1686/9472 # Shop1_Base
f 1683/9473 1684/9474 1688/9475 1687/9476 # Shop1_Base
f 1684/9477 1681/9478 1685/9479 1688/9480 # Shop1_Base
f 1753/9481 1754/9482 1755/9483 1756/9484 # Shop2_Base
f 1757/9485 1758/9486 1759/9487 1760/9488 # Shop2_Base
f 1753/9489 1754/9490 1758/9491 1757/9492 # Shop2_Base
f 1754/9493 1755/9494 1759/9495 1758/9496 # Shop2_Base
f 1755/9497 1756/9498 1760/9499 1759/9500 # Shop2_Base
f 1756/9501 1753/9502 1757/9503 1760/9504 # Shop2_Base
f 1825/9505 1826/9506 1827/9507 1828/9508 # Shop3_Base
f 1829/9509 1830/9510 1831/9511 1832/9512 # Shop3_Base
f 1825/9513 1826/9514 1830/9515 1829/9516 # Shop3_Base
f 1826/9517 1827/9518 1831/9519 1830/9520 # Shop3_Base
f 1827/9521 1828/9522 1832/9523 1831/9524 # Shop3_Base
f 1828/9525 1825/9526 1829/9527 1832/9528 # Shop3_Base
f 1897/9529 1898/9530 1899/9531 1900/9532 # Shop4_Base
f 1901/9533 1902/9534 1903/9535 1904/9536 # Shop4_Base
f 1897/9537 1898/9538 1902/9539 1901/9540 # Shop4_Base
f 1898/9541 1899/9542 1903/9543 1902/9544 # Shop4_Base
f 1899/9545 1900/9546 1904/9547 1903/9548 # Shop4_Base
f 1900/9549 1897/9550 1901/9551 1904/9552 # Shop4_Base
f 1969/9553 1970/9554 1971/9555 1972/9556 # Shop5_Base
f 1973/9557 1974/9558 1975/9559 1976/9560 # Shop5_Base
f 1969/9561 1970/9562 1974/9563 1973/9564 # Shop5_Base
f 1970/9565 1971/9566 1975/9567 1974/9568 # Shop5_Base
f 1971/9569 1972/9570 1976/9571 1975/9572 # Shop5_Base
f 1972/9573 1969/9574 1973/9575 1976/9576 # Shop5_Base
f 2473/9577 2474/9578 2475/9579 2476/9580 # PierShop
f 2477/9581 2478/9582 2479/9583 2480/9584 # PierShop
f 2473/9585 2474/9586 2478/9587 2477/9588 # PierShop
f 2474/9589 2475/9590 2479/9591 2478/9592 # PierShop
f 2475/9593 2476/9594 2480/9595 2479/9596 # PierShop
f 2476/9597 2473/9598 2477/9599 2480/9600 # PierShop
o Roof
usemtl Roof
f 1641/9601 1642/9602 1643/9603 1644/9604 # Shop0_Aw1
f 1645/9605 1646/9606 1647/9607 1648/9608 # Shop0_Aw1
f 1641/9609 1642/9610 1646/9611 1645/9612 # Shop0_Aw1
f 1642/9613 1643/9614 1647/9615 1646/9616 # Shop0_Aw1
f 1643/9617 1644/9618 1648/9619 1647/9620 # Shop0_Aw1
f 1644/9621 1641/9622 1645/9623 1648/9624 # Shop0_Aw1
f 1657/9625 1658/9626 1659/9627 1660/9628 # Shop0_Aw3
f 1661/9629 1662/9630 1663/9631 1664/9632 # Shop0_Aw3
f 1657/9633 1658/9634 1662/9635 1661/9636 # Shop0_Aw3
f 1658/9637 1659/9638 1663/9639 1662/9640 # Shop0_Aw3
f 1659/9641 1660/9642 1664/9643 1663/9644 # Shop0_Aw3
f 1660/9645 1657/9646 1661/9647 1664/9648 # Shop0_Aw3
f 1705/9649 1706/9650 1707/9651 1708/9652 # Shop1_Aw0
f 1709/9653 1710/9654 1711/9655 1712/9656 # Shop1_Aw0
f 1705/9657 1706/9658 1710/9659 1709/9660 # Shop1_Aw0
f 1706/9661 1707/9662 1711/9663 1710/9664 # Shop1_Aw0
f 1707/9665 1708/9666 1712/9667 1711/9668 # Shop1_Aw0
f 1708/9669 1705/9670 1709/9671 1712/9672 # Shop1_Aw0
f 1721/9673 1722/9674 1723/9675 1724/9676 # Shop1_Aw2
f 1725/9677 1726/9678 1727/9679 1728/9680 # Shop1_Aw2
f 1721/9681 1722/9682 1726/9683 1725/9684 # Shop1_Aw2
f 1722/9685 1723/9686 1727/9687 1726/9688 # Shop1_Aw2
f 1723/9689 1724/9690 1728/9691 1727/9692 # Shop1_Aw2
f 1724/9693 1721/9694 1725/9695 1728/9696 # Shop1_Aw2
f 1737/9697 1738/9698 1739/9699 1740/9700 # Shop1_Aw4
f 1741/9701 1742/9702 1743/9703 1744/9704 # Shop1_Aw4
f 1737/9705 1738/9706 1742/9707 1741/9708 # Shop1_Aw4
f 1738/9709 1739/9710 1743/9711 1742/9712 # Shop1_Aw4
f 1739/9713 1740/9714 1744/9715 1743/9716 # Shop1_Aw4
f 1740/9717 1737/9718 1741/9719 1744/9720 # Shop1_Aw4
f 1785/9721 1786/9722 1787/9723 1788/9724 # Shop2_Aw1
f 1789/9725 1790/9726 1791/9727 1792/9728 # Shop2_Aw1
f 1785/9729 1786/9730 1790/9731 1789/9732 # Shop2_Aw1
f 1786/9733 1787/9734 1791/9735 1790/9736 # Shop2_Aw1
f 1787/9737 1788/9738 1792/9739 1791/9740 # Shop2_Aw1
f 1788/9741 1785/9742 1789/9743 1792/9744 # Shop2_Aw1
f 1801/9745 1802/9746 1803/9747 1804/9748 # Shop2_Aw3
f 1805/9749 1806/9750 1807/9751 1808/9752 # Shop2_Aw3
f 1801/9753 1802/9754 1806/9755 1805/9756 # Shop2_Aw3
f 1802/9757 1803/9758 1807/9759 1806/9760 # Shop2_Aw3
f 1803/9761 1804/9762 1808/9763 1807/9764 # Shop2_Aw3
f 1804/9765 1801/9766 1805/9767 1808/9768 # Shop2_Aw3
f 1849/9769 1850/9770 1851/9771 1852/9772 # Shop3_Aw0
f 1853/9773 1854/9774 1855/9775 1856/9776 # Shop3_Aw0
f 1849/9777 1850/9778 1854/9779 1853/9780 # Shop3_Aw0
f 1850/9781 1851/9782 1855/9783 1854/9784 # Shop3_Aw0
f 1851/9785 1852/9786 1856/9787 1855/9788 # Shop3_Aw0
f 1852/9789 1849/9790 1853/9791 1856/9792 # Shop3_Aw0
f 1865/9793 1866/9794 1867/9795 1868/9796 # Shop3_Aw2
f 1869/9797 1870/9798 1871/9799 1872/9800 # Shop3_Aw2
f 1865/9801 1866/9802 1870/9803 1869/9804 # Shop3_Aw2
f 1866/9805 1867/9806 1871/9807 1870/9808 # Shop3_Aw2
f 1867/9809 1868/9810 1872/9811 1871/9812 # Shop3_Aw2
f 1868/9813 1865/9814 1869/9815 1872/9816 # Shop3_Aw2
f 1881/9817 1882/9818 1883/9819 1884/9820 # Shop3_Aw4
f 1885/9821 1886/9822 1887/9823 1888/9824 # Shop3_Aw4
f 1881/9825 1882/9826 1886/9827 1885/9828 # Shop3_Aw4
f 1882/9829 1883/9830 1887/9831 1886/9832 # Shop3_Aw4
f 1883/9833 1884/9834 1888/9835 1887/9836 # Shop3_Aw4
f 1884/9837 1881/9838 1885/9839 1888/9840 # Shop3_Aw4
f 1929/9841 1930/9842 1931/9843 1932/9844 # Shop4_Aw1
f 1933/9845 1934/9846 1935/9847 1936/9848 # Shop4_Aw1
f 1929/9849 1930/9850 1934/9851 1933/9852 # Shop4_Aw1
f 1930/9853 1931/9854 1935/9855 1934/9856 # Shop4_Aw1
f 1931/9857 1932/9858 1936/9859 1935/9860 # Shop4_Aw1
f 1932/9861 1929/9862 1933/9863 1936/9864 # Shop4_Aw1
f 1945/9865 1946/9866 1947/9867 1948/9868 # Shop4_Aw3
f 1949/9869 1950/9870 1951/9871 1952/9872 # Shop4_Aw3
f 1945/9873 1946/9874 1950/9875 1949/9876 # Shop4_Aw3
f 1946/9877 1947/9878 1951/9879 1950/9880 # Shop4_Aw3
f 1947/9881 1948/9882 1952/9883 1951/9884 # Shop4_Aw3
f 1948/9885 1945/9886 1949/9887 1952/9888 # Shop4_Aw3
f 1993/9889 1994/9890 1995/9891 1996/9892 # Shop5_Aw0
f 1997/9893 1998/9894 1999/9895 2000/9896 # Shop5_Aw0
f 1993/9897 1994/9898 1998/9899 1997/9900 # Shop5_Aw0
f 1994/9901 1995/9902 1999/9903 1998/9904 # Shop5_Aw0
f 1995/9905 1996/9906 2000/9907 1999/9908 # Shop5_Aw0
f 1996/9909 1993/9910 1997/9911 2000/9912 # Shop5_Aw0
f 2009/9913 2010/9914 2011/9915 2012/9916 # Shop5_Aw2
f 2013/9917 2014/9918 2015/9919 2016/9920 # Shop5_Aw2
f 2009/9921 2010/9922 2014/9923 2013/9924 # Shop5_Aw2
f 2010/9925 2011/9926 2015/9927 2014/9928 # Shop5_Aw2
f 2011/9929 2012/9930 2016/9931 2015/9932 # Shop5_Aw2
f 2012/9933 2009/9934 2013/9935 2016/9936 # Shop5_Aw2
f 2025/9937 2026/9938 2027/9939 2028/9940 # Shop5_Aw4
f 2029/9941 2030/9942 2031/9943 2032/9944 # Shop5_Aw4
f 2025/9945 2026/9946 2030/9947 2029/9948 # Shop5_Aw4
f 2026/9949 2027/9950 2031/9951 2030/9952 # Shop5_Aw4
f 2027/9953 2028/9954 2032/9955 2031/9956 # Shop5_Aw4
f 2028/9957 2025/9958 2029/9959 2032/9960 # Shop5_Aw4
f 2481/9961 2482/9962 2483/9963 2484/9964 # PierRoof1
f 2485/9965 2486/9966 2487/9967 2488/9968 # PierRoof1
f 2481/9969 2482/9970 2486/9971 2485/9972 # PierRoof1
f 2482/9973 2483/9974 2487/9975 2486/9976 # PierRoof1
f 2483/9977 2484/9978 2488/9979 2487/9980 # PierRoof1
f 2484/9981 2481/9982 2485/9983 2488/9984 # PierRoof1
f 2489/9985 2490/9986 2491/9987 2492/9988 # PierRoof2
f 2493/9989 2494/9990 2495/9991 2496/9992 # PierRoof2
f 2489/9993 2490/9994 2494/9995 2493/9996 # PierRoof2
f 2490/9997 2491/9998 2495/9999 2494/10000 # PierRoof2
f 2491/10001 2492/10002 2496/10003 2495/10004 # PierRoof2
f 2492/10005 2489/10006 2493/10007 2496/10008 # PierRoof2
f 2505/10009 2506/10010 2507/10011 2508/10012 # TicketTop
f 2509/10013 2510/10014 2511/10015 2512/10016 # TicketTop
f 2505/10017 2506/10018 2510/10019 2509/10020 # TicketTop
f 2506/10021 2507/10022 2511/10023 2510/10024 # TicketTop
f 2507/10025 2508/10026 2512/10027 2511/10028 # TicketTop
f 2508/10029 2505/10030 2509/10031 2512/10032 # TicketTop
f 2961/10033 2962/10034 2963/10035 2964/10036 # Boat1_Hull
f 2965/10037 2966/10038 2967/10039 2968/10040 # Boat1_Hull
f 2961/10041 2962/10042 2966/10043 2965/10044 # Boat1_Hull
f 2962/10045 2963/10046 2967/10047 2966/10048 # Boat1_Hull
f 2963/10049 2964/10050 2968/10051 2967/10052 # Boat1_Hull
f 2964/10053 2961/10054 2965/10055 2968/10056 # Boat1_Hull
f 2969/10057 2970/10058 2971/10059 2972/10060 # Boat1_Bow
f 2973/10061 2974/10062 2975/10063 2976/10064 # Boat1_Bow
f 2969/10065 2970/10066 2974/10067 2973/10068 # Boat1_Bow
f 2970/10069 2971/10070 2975/10071 2974/10072 # Boat1_Bow
f 2971/10073 2972/10074 2976/10075 2975/10076 # Boat1_Bow
f 2972/10077 2969/10078 2973/10079 2976/10080 # Boat1_Bow
f 3369/10081 3370/10082 3371/10083 3372/10084 # Car1_Body
f 3373/10085 3374/10086 3375/10087 3376/10088 # Car1_Body
f 3369/10089 3370/10090 3374/10091 3373/10092 # Car1_Body
f 3370/10093 3371/10094 3375/10095 3374/10096 # Car1_Body
f 3371/10097 3372/10098 3376/10099 3375/10100 # Car1_Body
f 3372/10101 3369/10102 3373/10103 3376/10104 # Car1_Body
o Ad1
usemtl Ad1
f 1673/10105 1674/10106 1675/10107 1676/10108 # Shop0_Sign
f 1677/10109 1678/10110 1679/10111 1680/10112 # Shop0_Sign
f 1673/10113 1674/10114 1678/10115 1677/10116 # Shop0_Sign
f 1674/10117 1675/10118 1679/10119 1678/10120 # Shop0_Sign
f 1675/10121 1676/10122 1680/10123 1679/10124 # Shop0_Sign
f 1676/10125 1673/10126 1677/10127 1680/10128 # Shop0_Sign
f 1961/10129 1962/10130 1963/10131 1964/10132 # Shop4_Sign
f 1965/10133 1966/10134 1967/10135 1968/10136 # Shop4_Sign
f 1961/10137 1962/10138 1966/10139 1965/10140 # Shop4_Sign
f 1962/10141 1963/10142 1967/10143 1966/10144 # Shop4_Sign
f 1963/10145 1964/10146 1968/10147 1967/10148 # Shop4_Sign
f 1964/10149 1961/10150 1965/10151 1968/10152 # Shop4_Sign
f 2057/10153 2058/10154 2059/10155 2060/10156 # BB1_Face
f 2061/10157 2062/10158 2063/10159 2064/10160 # BB1_Face
f 2057/10161 2058/10162 2062/10163 2061/10164 # BB1_Face
f 2058/10165 2059/10166 2063/10167 2062/10168 # BB1_Face
f 2059/10169 2060/10170 2064/10171 2063/10172 # BB1_Face
f 2060/10173 2057/10174 2061/10175 2064/10176 # BB1_Face
f 2153/10177 2154/10178 2155/10179 2156/10180 # BB5_Face
f 2157/10181 2158/10182 2159/10183 2160/10184 # BB5_Face
f 2153/10185 2154/10186 2158/10187 2157/10188 # BB5_Face
f 2154/10189 2155/10190 2159/10191 2158/10192 # BB5_Face
f 2155/10193 2156/10194 2160/10195 2159/10196 # BB5_Face
f 2156/10197 2153/10198 2157/10199 2160/10200 # BB5_Face
f 3065/10201 3066/10202 3067/10203 3068/10204 # UmbT0
f 3069/10205 3070/10206 3071/10207 3072/10208 # UmbT0
f 3065/10209 3066/10210 3070/10211 3069/10212 # UmbT0
f 3066/10213 3067/10214 3071/10215 3070/10216 # UmbT0
f 3067/10217 3068/10218 3072/10219 3071/10220 # UmbT0
f 3068/10221 3065/10222 3069/10223 3072/10224 # UmbT0
f 3073/10225 3074/10226 3075/10227 3076/10228 # UmbT2_0
f 3077/10229 3078/10230 3079/10231 3080/10232 # UmbT2_0
f 3073/10233 3074/10234 3078/10235 3077/10236 # UmbT2_0
f 3074/10237 3075/10238 3079/10239 3078/10240 # UmbT2_0
f 3075/10241 3076/10242 3080/10243 3079/10244 # UmbT2_0
f 3076/10245 3073/10246 3077/10247 3080/10248 # UmbT2_0
o Ad2
usemtl Ad2
f 1745/10249 1746/10250 1747/10251 1748/10252 # Shop1_Sign
f 1749/10253 1750/10254 1751/10255 1752/10256 # Shop1_Sign
f 1745/10257 1746/10258 1750/10259 1749/10260 # Shop1_Sign
f 1746/10261 1747/10262 1751/10263 1750/10264 # Shop1_Sign
f 1747/10265 1748/10266 1752/10267 1751/10268 # Shop1_Sign
f 1748/10269 1745/10270 1749/10271 1752/10272 # Shop1_Sign
f 2033/10273 2034/10274 2035/10275 2036/10276 # Shop5_Sign
f 2037/10277 2038/10278 2039/10279 2040/10280 # Shop5_Sign
f 2033/10281 2034/10282 2038/10283 2037/10284 # Shop5_Sign
f 2034/10285 2035/10286 2039/10287 2038/10288 # Shop5_Sign
f 2035/10289 2036/10290 2040/10291 2039/10292 # Shop5_Sign
f 2036/10293 2033/10294 2037/10295 2040/10296 # Shop5_Sign
f 2081/10297 2082/10298 2083/10299 2084/10300 # BB2_Face
f 2085/10301 2086/10302 2087/10303 2088/10304 # BB2_Face
f 2081/10305 2082/10306 2086/10307 2085/10308 # BB2_Face
f 2082/10309 2083/10310 2087/10311 2086/10312 # BB2_Face
f 2083/10313 2084/10314 2088/10315 2087/10316 # BB2_Face
f 2084/10317 2081/10318 2085/10319 2088/10320 # BB2_Face
f 2177/10321 2178/10322 2179/10323 2180/10324 # BB6_Face
f 2181/10325 2182/10326 2183/10327 2184/10328 # BB6_Face
f 2177/10329 2178/10330 2182/10331 2181/10332 # BB6_Face
f 2178/10333 2179/10334 2183/10335 2182/10336 # BB6_Face
f 2179/10337 2180/10338 2184/10339 2183/10340 # BB6_Face
f 2180/10341 2177/10342 2181/10343 2184/10344 # BB6_Face
f 3089/10345 3090/10346 3091/10347 3092/10348 # UmbT1
f 3093/10349 3094/10350 3095/10351 3096/10352 # UmbT1
f 3089/10353 3090/10354 3094/10355 3093/10356 # UmbT1
f 3090/10357 3091/10358 3095/10359 3094/10360 # UmbT1
f 3091/10361 3092/10362 3096/10363 3095/10364 # UmbT1
f 3092/10365 3089/10366 3093/10367 3096/10368 # UmbT1
f 3097/10369 3098/10370 3099/10371 3100/10372 # UmbT2_1
f 3101/10373 3102/10374 3103/10375 3104/10376 # UmbT2_1
f 3097/10377 3098/10378 3102/10379 3101/10380 # UmbT2_1
f 3098/10381 3099/10382 3103/10383 3102/10384 # UmbT2_1
f 3099/10385 3100/10386 3104/10387 3103/10388 # UmbT2_1
f 3100/10389 3097/10390 3101/10391 3104/10392 # UmbT2_1
o Ad3
usemtl Ad3
f 1817/10393 1818/10394 1819/10395 1820/10396 # Shop2_Sign
f 1821/10397 1822/10398 1823/10399 1824/10400 # Shop2_Sign
f 1817/10401 1818/10402 1822/10403 1821/10404 # Shop2_Sign
f 1818/10405 1819/10406 1823/10407 1822/10408 # Shop2_Sign
f 1819/10409 1820/10410 1824/10411 1823/10412 # Shop2_Sign
f 1820/10413 1817/10414 1821/10415 1824/10416 # Shop2_Sign
f 2105/10417 2106/10418 2107/10419 2108/10420 # BB3_Face
f 2109/10421 2110/10422 2111/10423 2112/10424 # BB3_Face
f 2105/10425 2106/10426 2110/10427 2109/10428 # BB3_Face
f 2106/10429 2107/10430 2111/10431 2110/10432 # BB3_Face
f 2107/10433 2108/10434 2112/10435 2111/10436 # BB3_Face
f 2108/10437 2105/10438 2109/10439 2112/10440 # BB3_Face
f 2201/10441 2202/10442 2203/10443 2204/10444 # BB7_Face
f 2205/10445 2206/10446 2207/10447 2208/10448 # BB7_Face
f 2201/10449 2202/10450 2206/10451 2205/10452 # BB7_Face
f 2202/10453 2203/10454 2207/10455 2206/10456 # BB7_Face
f 2203/10457 2204/10458 2208/10459 2207/10460 # BB7_Face
f 2204/10461 2201/10462 2205/10463 2208/10464 # BB7_Face
f 3137/10465 3138/10466 3139/10467 3140/10468 # UmbT3
f 3141/10469 3142/10470 3143/10471 3144/10472 # UmbT3
f 3137/10473 3138/10474 3142/10475 3141/10476 # UmbT3
f 3138/10477 3139/10478 3143/10479 3142/10480 # UmbT3
f 3139/10481 3140/10482 3144/10483 3143/10484 # UmbT3
f 3140/10485 3137/10486 3141/10487 3144/10488 # UmbT3
f 3145/10489 3146/10490 3147/10491 3148/10492 # UmbT2_3
f 3149/10493 3150/10494 3151/10495 3152/10496 # UmbT2_3
f 3145/10497 3146/10498 3150/10499 3149/10500 # UmbT2_3
f 3146/10501 3147/10502 3151/10503 3150/10504 # UmbT2_3
f 3147/10505 3148/10506 3152/10507 3151/10508 # UmbT2_3
f 3148/10509 3145/10510 3149/10511 3152/10512 # UmbT2_3
o Ad4
usemtl Ad4
f 1889/10513 1890/10514 1891/10515 1892/10516 # Shop3_Sign
f 1893/10517 1894/10518 1895/10519 1896/10520 # Shop3_Sign
f 1889/10521 1890/10522 1894/10523 1893/10524 # Shop3_Sign
f 1890/10525 1891/10526 1895/10527 1894/10528 # Shop3_Sign
f 1891/10529 1892/10530 1896/10531 1895/10532 # Shop3_Sign
f 1892/10533 1889/10534 1893/10535 1896/10536 # Shop3_Sign
f 2129/10537 2130/10538 2131/10539 2132/10540 # BB4_Face
f 2133/10541 2134/10542 2135/10543 2136/10544 # BB4_Face
f 2129/10545 2130/10546 2134/10547 2133/10548 # BB4_Face
f 2130/10549 2131/10550 2135/10551 2134/10552 # BB4_Face
f 2131/10553 2132/10554 2136/10555 2135/10556 # BB4_Face
f 2132/10557 2129/10558 2133/10559 2136/10560 # BB4_Face
f 2225/10561 2226/10562 2227/10563 2228/10564 # BB8_Face
f 2229/10565 2230/10566 2231/10567 2232/10568 # BB8_Face
f 2225/10569 2226/10570 2230/10571 2229/10572 # BB8_Face
f 2226/10573 2227/10574 2231/10575 2230/10576 # BB8_Face
f 2227/10577 2228/10578 2232/10579 2231/10580 # BB8_Face
f 2228/10581 2225/10582 2229/10583 2232/10584 # BB8_Face
f 3113/10585 3114/10586 3115/10587 3116/10588 # UmbT2
f 3117/10589 3118/10590 3119/10591 3120/10592 # UmbT2
f 3113/10593 3114/10594 3118/10595 3117/10596 # UmbT2
f 3114/10597 3115/10598 3119/10599 3118/10600 # UmbT2
f 3115/10601 3116/10602 3120/10603 3119/10604 # UmbT2
f 3116/10605 3113/10606 3117/10607 3120/10608 # UmbT2
f 3121/10609 3122/10610 3123/10611 3124/10612 # UmbT2_2
f 3125/10613 3126/10614 3127/10615 3128/10616 # UmbT2_2
f 3121/10617 3122/10618 3126/10619 3125/10620 # UmbT2_2
f 3122/10621 3123/10622 3127/10623 3126/10624 # UmbT2_2
f 3123/10625 3124/10626 3128/10627 3127/10628 # UmbT2_2
f 3124/10629 3121/10630 3125/10631 3128/10632 # UmbT2_2
o Trunk
usemtl Trunk
f 2241/10633 2242/10634 2243/10635 2244/10636 # Pile_-51_118
f 2245/10637 2246/10638 2247/10639 2248/10640 # Pile_-51_118
f 2241/10641 2242/10642 2246/10643 2245/10644 # Pile_-51_118
f 2242/10645 2243/10646 2247/10647 2246/10648 # Pile_-51_118
f 2243/10649 2244/10650 2248/10651 2247/10652 # Pile_-51_118
f 2244/10653 2241/10654 2245/10655 2248/10656 # Pile_-51_118
f 2249/10657 2250/10658 2251/10659 2252/10660 # Pile_-51_126
f 2253/10661 2254/10662 2255/10663 2256/10664 # Pile_-51_126
f 2249/10665 2250/10666 2254/10667 2253/10668 # Pile_-51_126
f 2250/10669 2251/10670 2255/10671 2254/10672 # Pile_-51_126
f 2251/10673 2252/10674 2256/10675 2255/10676 # Pile_-51_126
f 2252/10677 2249/10678 2253/10679 2256/10680 # Pile_-51_126
f 2257/10681 2258/10682 2259/10683 2260/10684 # Pile_-51_134
f 2261/10685 2262/10686 2263/10687 2264/10688 # Pile_-51_134
f 2257/10689 2258/10690 2262/10691 2261/10692 # Pile_-51_134
f 2258/10693 2259/10694 2263/10695 2262/10696 # Pile_-51_134
f 2259/10697 2260/10698 2264/10699 2263/10700 # Pile_-51_134
f 2260/10701 2257/10702 2261/10703 2264/10704 # Pile_-51_134
f 2265/10705 2266/10706 2267/10707 2268/10708 # Pile_-51_142
f 2269/10709 2270/10710 2271/10711 2272/10712 # Pile_-51_142
f 2265/10713 2266/10714 2270/10715 2269/10716 # Pile_-51_142
f 2266/10717 2267/10718 2271/10719 2270/10720 # Pile_-51_142
f 2267/10721 2268/10722 2272/10723 2271/10724 # Pile_-51_142
f 2268/10725 2265/10726 2269/10727 2272/10728 # Pile_-51_142
f 2273/10729 2274/10730 2275/10731 2276/10732 # Pile_-51_150
f 2277/10733 2278/10734 2279/10735 2280/10736 # Pile_-51_150
f 2273/10737 2274/10738 2278/10739 2277/10740 # Pile_-51_150
f 2274/10741 2275/10742 2279/10743 2278/10744 # Pile_-51_150
f 2275/10745 2276/10746 2280/10747 2279/10748 # Pile_-51_150
f 2276/10749 2273/10750 2277/10751 2280/10752 # Pile_-51_150
f 2281/10753 2282/10754 2283/10755 2284/10756 # Pile_-51_158
f 2285/10757 2286/10758 2287/10759 2288/10760 # Pile_-51_158
f 2281/10761 2282/10762 2286/10763 2285/10764 # Pile_-51_158
f 2282/10765 2283/10766 2287/10767 2286/10768 # Pile_-51_158
f 2283/10769 2284/10770 2288/10771 2287/10772 # Pile_-51_158
f 2284/10773 2281/10774 2285/10775 2288/10776 # Pile_-51_158
f 2289/10777 2290/10778 2291/10779 2292/10780 # Pile_-51_166
f 2293/10781 2294/10782 2295/10783 2296/10784 # Pile_-51_166
f 2289/10785 2290/10786 2294/10787 2293/10788 # Pile_-51_166
f 2290/10789 2291/10790 2295/10791 2294/10792 # Pile_-51_166
f 2291/10793 2292/10794 2296/10795 2295/10796 # Pile_-51_166
f 2292/10797 2289/10798 2293/10799 2296/10800 # Pile_-51_166
f 2297/10801 2298/10802 2299/10803 2300/10804 # Pile_-51_174
f 2301/10805 2302/10806 2303/10807 2304/10808 # Pile_-51_174
f 2297/10809 2298/10810 2302/10811 2301/10812 # Pile_-51_174
f 2298/10813 2299/10814 2303/10815 2302/10816 # Pile_-51_174
f 2299/10817 2300/10818 2304/10819 2303/10820 # Pile_-51_174
f 2300/10821 2297/10822 2301/10823 2304/10824 # Pile_-51_174
f 2305/10825 2306/10826 2307/10827 2308/10828 # Pile_-51_182
f 2309/10829 2310/10830 2311/10831 2312/10832 # Pile_-51_182
f 2305/10833 2306/10834 2310/10835 2309/10836 # Pile_-51_182
f 2306/10837 2307/10838 2311/10839 2310/10840 # Pile_-51_182
f 2307/10841 2308/10842 2312/10843 2311/10844 # Pile_-51_182
f 2308/10845 2305/10846 2309/10847 2312/10848 # Pile_-51_182
f 2313/10849 2314/10850 2315/10851 2316/10852 # Pile_-40_118
f 2317/10853 2318/10854 2319/10855 2320/10856 # Pile_-40_118
f 2313/10857 2314/10858 2318/10859 2317/10860 # Pile_-40_118
f 2314/10861 2315/10862 2319/10863 2318/10864 # Pile_-40_118
f 2315/10865 2316/10866 2320/10867 2319/10868 # Pile_-40_118
f 2316/10869 2313/10870 2317/10871 2320/10872 # Pile_-40_118
f 2321/10873 2322/10874 2323/10875 2324/10876 # Pile_-40_126
f 2325/10877 2326/10878 2327/10879 2328/10880 # Pile_-40_126
f 2321/10881 2322/10882 2326/10883 2325/10884 # Pile_-40_126
f 2322/10885 2323/10886 2327/10887 2326/10888 # Pile_-40_126
f 2323/10889 2324/10890 2328/10891 2327/10892 # Pile_-40_126
f 2324/10893 2321/10894 2325/10895 2328/10896 # Pile_-40_126
f 2329/10897 2330/10898 2331/10899 2332/10900 # Pile_-40_134
f 2333/10901 2334/10902 2335/10903 2336/10904 # Pile_-40_134
f 2329/10905 2330/10906 2334/10907 2333/10908 # Pile_-40_134
f 2330/10909 2331/10910 2335/10911 2334/10912 # Pile_-40_134
f 2331/10913 2332/10914 2336/10915 2335/10916 # Pile_-40_134
f 2332/10917 2329/10918 2333/10919 2336/10920 # Pile_-40_134
f 2337/10921 2338/10922 2339/10923 2340/10924 # Pile_-40_142
f 2341/10925 2342/10926 2343/10927 2344/10928 # Pile_-40_142
f 2337/10929 2338/10930 2342/10931 2341/10932 # Pile_-40_142
f 2338/10933 2339/10934 2343/10935 2342/10936 # Pile_-40_142
f 2339/10937 2340/10938 2344/10939 2343/10940 # Pile_-40_142
f 2340/10941 2337/10942 2341/10943 2344/10944 # Pile_-40_142
f 2345/10945 2346/10946 2347/10947 2348/10948 # Pile_-40_150
f 2349/10949 2350/10950 2351/10951 2352/10952 # Pile_-40_150
f 2345/10953 2346/10954 2350/10955 2349/10956 # Pile_-40_150
f 2346/10957 2347/10958 2351/10959 2350/10960 # Pile_-40_150
f 2347/10961 2348/10962 2352/10963 2351/10964 # Pile_-40_150
f 2348/10965 2345/10966 2349/10967 2352/10968 # Pile_-40_150
f 2353/10969 2354/10970 2355/10971 2356/10972 # Pile_-40_158
f 2357/10973 2358/10974 2359/10975 2360/10976 # Pile_-40_158
f 2353/10977 2354/10978 2358/10979 2357/10980 # Pile_-40_158
f 2354/10981 2355/10982 2359/10983 2358/10984 # Pile_-40_158
f 2355/10985 2356/10986 2360/10987 2359/10988 # Pile_-40_158
f 2356/10989 2353/10990 2357/10991 2360/10992 # Pile_-40_158
f 2361/10993 2362/10994 2363/10995 2364/10996 # Pile_-40_166
f 2365/10997 2366/10998 2367/10999 2368/11000 # Pile_-40_166
f 2361/11001 2362/11002 2366/11003 2365/11004 # Pile_-40_166
f 2362/11005 2363/11006 2367/11007 2366/11008 # Pile_-40_166
f 2363/11009 2364/11010 2368/11011 2367/11012 # Pile_-40_166
f 2364/11013 2361/11014 2365/11015 2368/11016 # Pile_-40_166
f 2369/11017 2370/11018 2371/11019 2372/11020 # Pile_-40_174
f 2373/11021 2374/11022 2375/11023 2376/11024 # Pile_-40_174
f 2369/11025 2370/11026 2374/11027 2373/11028 # Pile_-40_174
f 2370/11029 2371/11030 2375/11031 2374/11032 # Pile_-40_174
f 2371/11033 2372/11034 2376/11035 2375/11036 # Pile_-40_174
f 2372/11037 2369/11038 2373/11039 2376/11040 # Pile_-40_174
f 2377/11041 2378/11042 2379/11043 2380/11044 # Pile_-40_182
f 2381/11045 2382/11046 2383/11047 2384/11048 # Pile_-40_182
f 2377/11049 2378/11050 2382/11051 2381/11052 # Pile_-40_182
f 2378/11053 2379/11054 2383/11055 2382/11056 # Pile_-40_182
f 2379/11057 2380/11058 2384/11059 2383/11060 # Pile_-40_182
f 2380/11061 2377/11062 2381/11063 2384/11064 # Pile_-40_182
f 2385/11065 2386/11066 2387/11067 2388/11068 # Pile_-29_118
f 2389/11069 2390/11070 2391/11071 2392/11072 # Pile_-29_118
f 2385/11073 2386/11074 2390/11075 2389/11076 # Pile_-29_118
f 2386/11077 2387/11078 2391/11079 2390/11080 # Pile_-29_118
f 2387/11081 2388/11082 2392/11083 2391/11084 # Pile_-29_118
f 2388/11085 2385/11086 2389/11087 2392/11088 # Pile_-29_118
f 2393/11089 2394/11090 2395/11091 2396/11092 # Pile_-29_126
f 2397/11093 2398/11094 2399/11095 2400/11096 # Pile_-29_126
f 2393/11097 2394/11098 2398/11099 2397/11100 # Pile_-29_126
f 2394/11101 2395/11102 2399/11103 2398/11104 # Pile_-29_126
f 2395/11105 2396/11106 2400/11107 2399/11108 # Pile_-29_126
f 2396/11109 2393/11110 2397/11111 2400/11112 # Pile_-29_126
f 2401/11113 2402/11114 2403/11115 2404/11116 # Pile_-29_134
f 2405/11117 2406/11118 2407/11119 2408/11120 # Pile_-29_134
f 2401/11121 2402/11122 2406/11123 2405/11124 # Pile_-29_134
f 2402/11125 2403/11126 2407/11127 2406/11128 # Pile_-29_134
f 2403/11129 2404/11130 2408/11131 2407/11132 # Pile_-29_134
f 2404/11133 2401/11134 2405/11135 2408/11136 # Pile_-29_134
f 2409/11137 2410/11138 2411/11139 2412/11140 # Pile_-29_142
f 2413/11141 2414/11142 2415/11143 2416/11144 # Pile_-29_142
f 2409/11145 2410/11146 2414/11147 2413/11148 # Pile_-29_142
f 2410/11149 2411/11150 2415/11151 2414/11152 # Pile_-29_142
f 2411/11153 2412/11154 2416/11155 2415/11156 # Pile_-29_142
f 2412/11157 2409/11158 2413/11159 2416/11160 # Pile_-29_142
f 2417/11161 2418/11162 2419/11163 2420/11164 # Pile_-29_150
f 2421/11165 2422/11166 2423/11167 2424/11168 # Pile_-29_150
f 2417/11169 2418/11170 2422/11171 2421/11172 # Pile_-29_150
f 2418/11173 2419/11174 2423/11175 2422/11176 # Pile_-29_150
f 2419/11177 2420/11178 2424/11179 2423/11180 # Pile_-29_150
f 2420/11181 2417/11182 2421/11183 2424/11184 # Pile_-29_150
f 2425/11185 2426/11186 2427/11187 2428/11188 # Pile_-29_158
f 2429/11189 2430/11190 2431/11191 2432/11192 # Pile_-29_158
f 2425/11193 2426/11194 2430/11195 2429/11196 # Pile_-29_158
f 2426/11197 2427/11198 2431/11199 2430/11200 # Pile_-29_158
f 2427/11201 2428/11202 2432/11203 2431/11204 # Pile_-29_158
f 2428/11205 2425/11206 2429/11207 2432/11208 # Pile_-29_158
f 2433/11209 2434/11210 2435/11211 2436/11212 # Pile_-29_166
f 2437/11213 2438/11214 2439/11215 2440/11216 # Pile_-29_166
f 2433/11217 2434/11218 2438/11219 2437/11220 # Pile_-29_166
f 2434/11221 2435/11222 2439/11223 2438/11224 # Pile_-29_166
f 2435/11225 2436/11226 2440/11227 2439/11228 # Pile_-29_166
f 2436/11229 2433/11230 2437/11231 2440/11232 # Pile_-29_166
f 2441/11233 2442/11234 2443/11235 2444/11236 # Pile_-29_174
f 2445/11237 2446/11238 2447/11239 2448/11240 # Pile_-29_174
f 2441/11241 2442/11242 2446/11243 2445/11244 # Pile_-29_174
f 2442/11245 2443/11246 2447/11247 2446/11248 # Pile_-29_174
f 2443/11249 2444/11250 2448/11251 2447/11252 # Pile_-29_174
f 2444/11253 2441/11254 2445/11255 2448/11256 # Pile_-29_174
f 2449/11257 2450/11258 2451/11259 2452/11260 # Pile_-29_182
f 2453/11261 2454/11262 2455/11263 2456/11264 # Pile_-29_182
f 2449/11265 2450/11266 2454/11267 2453/11268 # Pile_-29_182
f 2450/11269 2451/11270 2455/11271 2454/11272 # Pile_-29_182
f 2451/11273 2452/11274 2456/11275 2455/11276 # Pile_-29_182
f 2452/11277 2449/11278 2453/11279 2456/11280 # Pile_-29_182
f 2801/11281 2802/11282 2803/11283 2804/11284 # DockP0_130
f 2805/11285 2806/11286 2807/11287 2808/11288 # DockP0_130
f 2801/11289 2802/11290 2806/11291 2805/11292 # DockP0_130
f 2802/11293 2803/11294 2807/11295 2806/11296 # DockP0_130
f 2803/11297 2804/11298 2808/11299 2807/11300 # DockP0_130
f 2804/11301 2801/11302 2805/11303 2808/11304 # DockP0_130
f 2809/11305 2810/11306 2811/11307 2812/11308 # DockP0_140
f 2813/11309 2814/11310 2815/11311 2816/11312 # DockP0_140
f 2809/11313 2810/11314 2814/11315 2813/11316 # DockP0_140
f 2810/11317 2811/11318 2815/11319 2814/11320 # DockP0_140
f 2811/11321 2812/11322 2816/11323 2815/11324 # DockP0_140
f 2812/11325 2809/11326 2813/11327 2816/11328 # DockP0_140
f 2817/11329 2818/11330 2819/11331 2820/11332 # DockP0_150
f 2821/11333 2822/11334 2823/11335 2824/11336 # DockP0_150
f 2817/11337 2818/11338 2822/11339 2821/11340 # DockP0_150
f 2818/11341 2819/11342 2823/11343 2822/11344 # DockP0_150
f 2819/11345 2820/11346 2824/11347 2823/11348 # DockP0_150
f 2820/11349 2817/11350 2821/11351 2824/11352 # DockP0_150
f 2825/11353 2826/11354 2827/11355 2828/11356 # DockP0_160
f 2829/11357 2830/11358 2831/11359 2832/11360 # DockP0_160
f 2825/11361 2826/11362 2830/11363 2829/11364 # DockP0_160
f 2826/11365 2827/11366 2831/11367 2830/11368 # DockP0_160
f 2827/11369 2828/11370 2832/11371 2831/11372 # DockP0_160
f 2828/11373 2825/11374 2829/11375 2832/11376 # DockP0_160
f 2833/11377 2834/11378 2835/11379 2836/11380 # DockP0_170
f 2837/11381 2838/11382 2839/11383 2840/11384 # DockP0_170
f 2833/11385 2834/11386 2838/11387 2837/11388 # DockP0_170
f 2834/11389 2835/11390 2839/11391 2838/11392 # DockP0_170
f 2835/11393 2836/11394 2840/11395 2839/11396 # DockP0_170
f 2836/11397 2833/11398 2837/11399 2840/11400 # DockP0_170
f 2841/11401 2842/11402 2843/11403 2844/11404 # DockP0_180
f 2845/11405 2846/11406 2847/11407 2848/11408 # DockP0_180
f 2841/11409 2842/11410 2846/11411 2845/11412 # DockP0_180
f 2842/11413 2843/11414 2847/11415 2846/11416 # DockP0_180
f 2843/11417 2844/11418 2848/11419 2847/11420 # DockP0_180
f 2844/11421 2841/11422 2845/11423 2848/11424 # DockP0_180
f 2857/11425 2858/11426 2859/11427 2860/11428 # DockP1_130
f 2861/11429 2862/11430 2863/11431 2864/11432 # DockP1_130
f 2857/11433 2858/11434 2862/11435 2861/11436 # DockP1_130
f 2858/11437 2859/11438 2863/11439 2862/11440 # DockP1_130
f 2859/11441 2860/11442 2864/11443 2863/11444 # DockP1_130
f 2860/11445 2857/11446 2861/11447 2864/11448 # DockP1_130
f 2865/11449 2866/11450 2867/11451 2868/11452 # DockP1_140
f 2869/11453 2870/11454 2871/11455 2872/11456 # DockP1_140
f 2865/11457 2866/11458 2870/11459 2869/11460 # DockP1_140
f 2866/11461 2867/11462 2871/11463 2870/11464 # DockP1_140
f 2867/11465 2868/11466 2872/11467 2871/11468 # DockP1_140
f 2868/11469 2865/11470 2869/11471 2872/11472 # DockP1_140
f 2873/11473 2874/11474 2875/11475 2876/11476 # DockP1_150
f 2877/11477 2878/11478 2879/11479 2880/11480 # DockP1_150
f 2873/11481 2874/11482 2878/11483 2877/11484 # DockP1_150
f 2874/11485 2875/11486 2879/11487 2878/11488 # DockP1_150
f 2875/11489 2876/11490 2880/11491 2879/11492 # DockP1_150
f 2876/11493 2873/11494 2877/11495 2880/11496 # DockP1_150
f 2881/11497 2882/11498 2883/11499 2884/11500 # DockP1_160
f 2885/11501 2886/11502 2887/11503 2888/11504 # DockP1_160
f 2881/11505 2882/11506 2886/11507 2885/11508 # DockP1_160
f 2882/11509 2883/11510 2887/11511 2886/11512 # DockP1_160
f 2883/11513 2884/11514 2888/11515 2887/11516 # DockP1_160
f 2884/11517 2881/11518 2885/11519 2888/11520 # DockP1_160
f 2889/11521 2890/11522 2891/11523 2892/11524 # DockP1_170
f 2893/11525 2894/11526 2895/11527 2896/11528 # DockP1_170
f 2889/11529 2890/11530 2894/11531 2893/11532 # DockP1_170
f 2890/11533 2891/11534 2895/11535 2894/11536 # DockP1_170
f 2891/11537 2892/11538 2896/11539 2895/11540 # DockP1_170
f 2892/11541 2889/11542 2893/11543 2896/11544 # DockP1_170
f 2897/11545 2898/11546 2899/11547 2900/11548 # DockP1_180
f 2901/11549 2902/11550 2903/11551 2904/11552 # DockP1_180
f 2897/11553 2898/11554 2902/11555 2901/11556 # DockP1_180
f 2898/11557 2899/11558 2903/11559 2902/11560 # DockP1_180
f 2899/11561 2900/11562 2904/11563 2903/11564 # DockP1_180
f 2900/11565 2897/11566 2901/11567 2904/11568 # DockP1_180
f 2913/11569 2914/11570 2915/11571 2916/11572 # DockP2_130
f 2917/11573 2918/11574 2919/11575 2920/11576 # DockP2_130
f 2913/11577 2914/11578 2918/11579 2917/11580 # DockP2_130
f 2914/11581 2915/11582 2919/11583 2918/11584 # DockP2_130
f 2915/11585 2916/11586 2920/11587 2919/11588 # DockP2_130
f 2916/11589 2913/11590 2917/11591 2920/11592 # DockP2_130
f 2921/11593 2922/11594 2923/11595 2924/11596 # DockP2_140
f 2925/11597 2926/11598 2927/11599 2928/11600 # DockP2_140
f 2921/11601 2922/11602 2926/11603 2925/11604 # DockP2_140
f 2922/11605 2923/11606 2927/11607 2926/11608 # DockP2_140
f 2923/11609 2924/11610 2928/11611 2927/11612 # DockP2_140
f 2924/11613 2921/11614 2925/11615 2928/11616 # DockP2_140
f 2929/11617 2930/11618 2931/11619 2932/11620 # DockP2_150
f 2933/11621 2934/11622 2935/11623 2936/11624 # DockP2_150
f 2929/11625 2930/11626 2934/11627 2933/11628 # DockP2_150
f 2930/11629 2931/11630 2935/11631 2934/11632 # DockP2_150
f 2931/11633 2932/11634 2936/11635 2935/11636 # DockP2_150
f 2932/11637 2929/11638 2933/11639 2936/11640 # DockP2_150
f 2937/11641 2938/11642 2939/11643 2940/11644 # DockP2_160
f 2941/11645 2942/11646 2943/11647 2944/11648 # DockP2_160
f 2937/11649 2938/11650 2942/11651 2941/11652 # DockP2_160
f 2938/11653 2939/11654 2943/11655 2942/11656 # DockP2_160
f 2939/11657 2940/11658 2944/11659 2943/11660 # DockP2_160
f 2940/11661 2937/11662 2941/11663 2944/11664 # DockP2_160
f 2945/11665 2946/11666 2947/11667 2948/11668 # DockP2_170
f 2949/11669 2950/11670 2951/11671 2952/11672 # DockP2_170
f 2945/11673 2946/11674 2950/11675 2949/11676 # DockP2_170
f 2946/11677 2947/11678 2951/11679 2950/11680 # DockP2_170
f 2947/11681 2948/11682 2952/11683 2951/11684 # DockP2_170
f 2948/11685 2945/11686 2949/11687 2952/11688 # DockP2_170
f 2953/11689 2954/11690 2955/11691 2956/11692 # DockP2_180
f 2957/11693 2958/11694 2959/11695 2960/11696 # DockP2_180
f 2953/11697 2954/11698 2958/11699 2957/11700 # DockP2_180
f 2954/11701 2955/11702 2959/11703 2958/11704 # DockP2_180
f 2955/11705 2956/11706 2960/11707 2959/11708 # DockP2_180
f 2956/11709 2953/11710 2957/11711 2960/11712 # DockP2_180
f 2985/11713 2986/11714 2987/11715 2988/11716 # Boat1_Mast
f 2989/11717 2990/11718 2991/11719 2992/11720 # Boat1_Mast
f 2985/11721 2986/11722 2990/11723 2989/11724 # Boat1_Mast
f 2986/11725 2987/11726 2991/11727 2990/11728 # Boat1_Mast
f 2987/11729 2988/11730 2992/11731 2991/11732 # Boat1_Mast
f 2988/11733 2985/11734 2989/11735 2992/11736 # Boat1_Mast
f 3017/11737 3018/11738 3019/11739 3020/11740 # Boat2_Mast
f 3021/11741 3022/11742 3023/11743 3024/11744 # Boat2_Mast
f 3017/11745 3018/11746 3022/11747 3021/11748 # Boat2_Mast
f 3018/11749 3019/11750 3023/11751 3022/11752 # Boat2_Mast
f 3019/11753 3020/11754 3024/11755 3023/11756 # Boat2_Mast
f 3020/11757 3017/11758 3021/11759 3024/11760 # Boat2_Mast
f 3049/11761 3050/11762 3051/11763 3052/11764 # Boat3_Mast
f 3053/11765 3054/11766 3055/11767 3056/11768 # Boat3_Mast
f 3049/11769 3050/11770 3054/11771 3053/11772 # Boat3_Mast
f 3050/11773 3051/11774 3055/11775 3054/11776 # Boat3_Mast
f 3051/11777 3052/11778 3056/11779 3055/11780 # Boat3_Mast
f 3052/11781 3049/11782 3053/11783 3056/11784 # Boat3_Mast
f 3057/11785 3058/11786 3059/11787 3060/11788 # UmbP0
f 3061/11789 3062/11790 3063/11791 3064/11792 # UmbP0
f 3057/11793 3058/11794 3062/11795 3061/11796 # UmbP0
f 3058/11797 3059/11798 3063/11799 3062/11800 # UmbP0
f 3059/11801 3060/11802 3064/11803 3063/11804 # UmbP0
f 3060/11805 3057/11806 3061/11807 3064/11808 # UmbP0
f 3081/11809 3082/11810 3083/11811 3084/11812 # UmbP1
f 3085/11813 3086/11814 3087/11815 3088/11816 # UmbP1
f 3081/11817 3082/11818 3086/11819 3085/11820 # UmbP1
f 3082/11821 3083/11822 3087/11823 3086/11824 # UmbP1
f 3083/11825 3084/11826 3088/11827 3087/11828 # UmbP1
f 3084/11829 3081/11830 3085/11831 3088/11832 # UmbP1
f 3105/11833 3106/11834 3107/11835 3108/11836 # UmbP2
f 3109/11837 3110/11838 3111/11839 3112/11840 # UmbP2
f 3105/11841 3106/11842 3110/11843 3109/11844 # UmbP2
f 3106/11845 3107/11846 3111/11847 3110/11848 # UmbP2
f 3107/11849 3108/11850 3112/11851 3111/11852 # UmbP2
f 3108/11853 3105/11854 3109/11855 3112/11856 # UmbP2
f 3129/11857 3130/11858 3131/11859 3132/11860 # UmbP3
f 3133/11861 3134/11862 3135/11863 3136/11864 # UmbP3
f 3129/11865 3130/11866 3134/11867 3133/11868 # UmbP3
f 3130/11869 3131/11870 3135/11871 3134/11872 # UmbP3
f 3131/11873 3132/11874 3136/11875 3135/11876 # UmbP3
f 3132/11877 3129/11878 3133/11879 3136/11880 # UmbP3
f 4521/11881 4522/11882 4523/11883 4524/11884 # ST_T0
f 4525/11885 4526/11886 4527/11887 4528/11888 # ST_T0
f 4521/11889 4522/11890 4526/11891 4525/11892 # ST_T0
f 4522/11893 4523/11894 4527/11895 4526/11896 # ST_T0
f 4523/11897 4524/11898 4528/11899 4527/11900 # ST_T0
f 4524/11901 4521/11902 4525/11903 4528/11904 # ST_T0
f 4537/11905 4538/11906 4539/11907 4540/11908 # ST_T1
f 4541/11909 4542/11910 4543/11911 4544/11912 # ST_T1
f 4537/11913 4538/11914 4542/11915 4541/11916 # ST_T1
f 4538/11917 4539/11918 4543/11919 4542/11920 # ST_T1
f 4539/11921 4540/11922 4544/11923 4543/11924 # ST_T1
f 4540/11925 4537/11926 4541/11927 4544/11928 # ST_T1
f 4553/11929 4554/11930 4555/11931 4556/11932 # ST_T2
f 4557/11933 4558/11934 4559/11935 4560/11936 # ST_T2
f 4553/11937 4554/11938 4558/11939 4557/11940 # ST_T2
f 4554/11941 4555/11942 4559/11943 4558/11944 # ST_T2
f 4555/11945 4556/11946 4560/11947 4559/11948 # ST_T2
f 4556/11949 4553/11950 4557/11951 4560/11952 # ST_T2
f 4569/11953 4570/11954 4571/11955 4572/11956 # ST_T3
f 4573/11957 4574/11958 4575/11959 4576/11960 # ST_T3
f 4569/11961 4570/11962 4574/11963 4573/11964 # ST_T3
f 4570/11965 4571/11966 4575/11967 4574/11968 # ST_T3
f 4571/11969 4572/11970 4576/11971 4575/11972 # ST_T3
f 4572/11973 4569/11974 4573/11975 4576/11976 # ST_T3
f 4585/11977 4586/11978 4587/11979 4588/11980 # ST_T4
f 4589/11981 4590/11982 4591/11983 4592/11984 # ST_T4
f 4585/11985 4586/11986 4590/11987 4589/11988 # ST_T4
f 4586/11989 4587/11990 4591/11991 4590/11992 # ST_T4
f 4587/11993 4588/11994 4592/11995 4591/11996 # ST_T4
f 4588/11997 4585/11998 4589/11999 4592/12000 # ST_T4
f 4601/12001 4602/12002 4603/12003 4604/12004 # ST_T5
f 4605/12005 4606/12006 4607/12007 4608/12008 # ST_T5
f 4601/12009 4602/12010 4606/12011 4605/12012 # ST_T5
f 4602/12013 4603/12014 4607/12015 4606/12016 # ST_T5
f 4603/12017 4604/12018 4608/12019 4607/12020 # ST_T5
f 4604/12021 4601/12022 4605/12023 4608/12024 # ST_T5
f 4617/12025 4618/12026 4619/12027 4620/12028 # ST_T6
f 4621/12029 4622/12030 4623/12031 4624/12032 # ST_T6
f 4617/12033 4618/12034 4622/12035 4621/12036 # ST_T6
f 4618/12037 4619/12038 4623/12039 4622/12040 # ST_T6
f 4619/12041 4620/12042 4624/12043 4623/12044 # ST_T6
f 4620/12045 4617/12046 4621/12047 4624/12048 # ST_T6
f 4633/12049 4634/12050 4635/12051 4636/12052 # ST_T7
f 4637/12053 4638/12054 4639/12055 4640/12056 # ST_T7
f 4633/12057 4634/12058 4638/12059 4637/12060 # ST_T7
f 4634/12061 4635/12062 4639/12063 4638/12064 # ST_T7
f 4635/12065 4636/12066 4640/12067 4639/12068 # ST_T7
f 4636/12069 4633/12070 4637/12071 4640/12072 # ST_T7
f 4649/12073 4650/12074 4651/12075 4652/12076 # ST_T8
f 4653/12077 4654/12078 4655/12079 4656/12080 # ST_T8
f 4649/12081 4650/12082 4654/12083 4653/12084 # ST_T8
f 4650/12085 4651/12086 4655/12087 4654/12088 # ST_T8
f 4651/12089 4652/12090 4656/12091 4655/12092 # ST_T8
f 4652/12093 4649/12094 4653/12095 4656/12096 # ST_T8
f 4665/12097 4666/12098 4667/12099 4668/12100 # ST_T9
f 4669/12101 4670/12102 4671/12103 4672/12104 # ST_T9
f 4665/12105 4666/12106 4670/12107 4669/12108 # ST_T9
f 4666/12109 4667/12110 4671/12111 4670/12112 # ST_T9
f 4667/12113 4668/12114 4672/12115 4671/12116 # ST_T9
f 4668/12117 4665/12118 4669/12119 4672/12120 # ST_T9
f 4681/12121 4682/12122 4683/12123 4684/12124 # ST_T10
f 4685/12125 4686/12126 4687/12127 4688/12128 # ST_T10
f 4681/12129 4682/12130 4686/12131 4685/12132 # ST_T10
f 4682/12133 4683/12134 4687/12135 4686/12136 # ST_T10
f 4683/12137 4684/12138 4688/12139 4687/12140 # ST_T10
f 4684/12141 4681/12142 4685/12143 4688/12144 # ST_T10
f 4697/12145 4698/12146 4699/12147 4700/12148 # ST_T11
f 4701/12149 4702/12150 4703/12151 4704/12152 # ST_T11
f 4697/12153 4698/12154 4702/12155 4701/12156 # ST_T11
f 4698/12157 4699/12158 4703/12159 4702/12160 # ST_T11
f 4699/12161 4700/12162 4704/12163 4703/12164 # ST_T11
f 4700/12165 4697/12166 4701/12167 4704/12168 # ST_T11
f 4713/12169 4714/12170 4715/12171 4716/12172 # ST_T12
f 4717/12173 4718/12174 4719/12175 4720/12176 # ST_T12
f 4713/12177 4714/12178 4718/12179 4717/12180 # ST_T12
f 4714/12181 4715/12182 4719/12183 4718/12184 # ST_T12
f 4715/12185 4716/12186 4720/12187 4719/12188 # ST_T12
f 4716/12189 4713/12190 4717/12191 4720/12192 # ST_T12
f 4729/12193 4730/12194 4731/12195 4732/12196 # ST_T13
f 4733/12197 4734/12198 4735/12199 4736/12200 # ST_T13
f 4729/12201 4730/12202 4734/12203 4733/12204 # ST_T13
f 4730/12205 4731/12206 4735/12207 4734/12208 # ST_T13
f 4731/12209 4732/12210 4736/12211 4735/12212 # ST_T13
f 4732/12213 4729/12214 4733/12215 4736/12216 # ST_T13
f 4745/12217 4746/12218 4747/12219 4748/12220 # ST_T14
f 4749/12221 4750/12222 4751/12223 4752/12224 # ST_T14
f 4745/12225 4746/12226 4750/12227 4749/12228 # ST_T14
f 4746/12229 4747/12230 4751/12231 4750/12232 # ST_T14
f 4747/12233 4748/12234 4752/12235 4751/12236 # ST_T14
f 4748/12237 4745/12238 4749/12239 4752/12240 # ST_T14
f 4761/12241 4762/12242 4763/12243 4764/12244 # ST_T15
f 4765/12245 4766/12246 4767/12247 4768/12248 # ST_T15
f 4761/12249 4762/12250 4766/12251 4765/12252 # ST_T15
f 4762/12253 4763/12254 4767/12255 4766/12256 # ST_T15
f 4763/12257 4764/12258 4768/12259 4767/12260 # ST_T15
f 4764/12261 4761/12262 4765/12263 4768/12264 # ST_T15
f 4777/12265 4778/12266 4779/12267 4780/12268 # ST_T16
f 4781/12269 4782/12270 4783/12271 4784/12272 # ST_T16
f 4777/12273 4778/12274 4782/12275 4781/12276 # ST_T16
f 4778/12277 4779/12278 4783/12279 4782/12280 # ST_T16
f 4779/12281 4780/12282 4784/12283 4783/12284 # ST_T16
f 4780/12285 4777/12286 4781/12287 4784/12288 # ST_T16
f 4793/12289 4794/12290 4795/12291 4796/12292 # ST_T17
f 4797/12293 4798/12294 4799/12295 4800/12296 # ST_T17
f 4793/12297 4794/12298 4798/12299 4797/12300 # ST_T17
f 4794/12301 4795/12302 4799/12303 4798/12304 # ST_T17
f 4795/12305 4796/12306 4800/12307 4799/12308 # ST_T17
f 4796/12309 4793/12310 4797/12311 4800/12312 # ST_T17
f 4809/12313 4810/12314 4811/12315 4812/12316 # ST_T18
f 4813/12317 4814/12318 4815/12319 4816/12320 # ST_T18
f 4809/12321 4810/12322 4814/12323 4813/12324 # ST_T18
f 4810/12325 4811/12326 4815/12327 4814/12328 # ST_T18
f 4811/12329 4812/12330 4816/12331 4815/12332 # ST_T18
f 4812/12333 4809/12334 4813/12335 4816/12336 # ST_T18
f 4825/12337 4826/12338 4827/12339 4828/12340 # ST_T19
f 4829/12341 4830/12342 4831/12343 4832/12344 # ST_T19
f 4825/12345 4826/12346 4830/12347 4829/12348 # ST_T19
f 4826/12349 4827/12350 4831/12351 4830/12352 # ST_T19
f 4827/12353 4828/12354 4832/12355 4831/12356 # ST_T19
f 4828/12357 4825/12358 4829/12359 4832/12360 # ST_T19
f 4841/12361 4842/12362 4843/12363 4844/12364 # BigT0
f 4845/12365 4846/12366 4847/12367 4848/12368 # BigT0
f 4841/12369 4842/12370 4846/12371 4845/12372 # BigT0
f 4842/12373 4843/12374 4847/12375 4846/12376 # BigT0
f 4843/12377 4844/12378 4848/12379 4847/12380 # BigT0
f 4844/12381 4841/12382 4845/12383 4848/12384 # BigT0
f 4857/12385 4858/12386 4859/12387 4860/12388 # BigT1
f 4861/12389 4862/12390 4863/12391 4864/12392 # BigT1
f 4857/12393 4858/12394 4862/12395 4861/12396 # BigT1
f 4858/12397 4859/12398 4863/12399 4862/12400 # BigT1
f 4859/12401 4860/12402 4864/12403 4863/12404 # BigT1
f 4860/12405 4857/12406 4861/12407 4864/12408 # BigT1
f 4873/12409 4874/12410 4875/12411 4876/12412 # BigT2
f 4877/12413 4878/12414 4879/12415 4880/12416 # BigT2
f 4873/12417 4874/12418 4878/12419 4877/12420 # BigT2
f 4874/12421 4875/12422 4879/12423 4878/12424 # BigT2
f 4875/12425 4876/12426 4880/12427 4879/12428 # BigT2
f 4876/12429 4873/12430 4877/12431 4880/12432 # BigT2
f 4889/12433 4890/12434 4891/12435 4892/12436 # BigT3
f 4893/12437 4894/12438 4895/12439 4896/12440 # BigT3
f 4889/12441 4890/12442 4894/12443 4893/12444 # BigT3
f 4890/12445 4891/12446 4895/12447 4894/12448 # BigT3
f 4891/12449 4892/12450 4896/12451 4895/12452 # BigT3
f 4892/12453 4889/12454 4893/12455 4896/12456 # BigT3
o WheelRed
usemtl WheelRed
f 2513/12457 2514/12458 2515/12459 2516/12460 # WheelLeg1
f 2517/12461 2518/12462 2519/12463 2520/12464 # WheelLeg1
f 2513/12465 2514/12466 2518/12467 2517/12468 # WheelLeg1
f 2514/12469 2515/12470 2519/12471 2518/12472 # WheelLeg1
f 2515/12473 2516/12474 2520/12475 2519/12476 # WheelLeg1
f 2516/12477 2513/12478 2517/12479 2520/12480 # WheelLeg1
f 2521/12481 2522/12482 2523/12483 2524/12484 # WheelLeg2
f 2525/12485 2526/12486 2527/12487 2528/12488 # WheelLeg2
f 2521/12489 2522/12490 2526/12491 2525/12492 # WheelLeg2
f 2522/12493 2523/12494 2527/12495 2526/12496 # WheelLeg2
f 2523/12497 2524/12498 2528/12499 2527/12500 # WheelLeg2
f 2524/12501 2521/12502 2525/12503 2528/12504 # WheelLeg2
f 2537/12505 2538/12506 2539/12507 2540/12508 # Spoke0
f 2541/12509 2542/12510 2543/12511 2544/12512 # Spoke0
f 2537/12513 2538/12514 2542/12515 2541/12516 # Spoke0
f 2538/12517 2539/12518 2543/12519 2542/12520 # Spoke0
f 2539/12521 2540/12522 2544/12523 2543/12524 # Spoke0
f 2540/12525 2537/12526 2541/12527 2544/12528 # Spoke0
f 2569/12529 2570/12530 2571/12531 2572/12532 # Spoke2
f 2573/12533 2574/12534 2575/12535 2576/12536 # Spoke2
f 2569/12537 2570/12538 2574/12539 2573/12540 # Spoke2
f 2570/12541 2571/12542 2575/12543 2574/12544 # Spoke2
f 2571/12545 2572/12546 2576/12547 2575/12548 # Spoke2
f 2572/12549 2569/12550 2573/12551 2576/12552 # Spoke2
f 2601/12553 2602/12554 2603/12555 2604/12556 # Spoke4
f 2605/12557 2606/12558 2607/12559 2608/12560 # Spoke4
f 2601/12561 2602/12562 2606/12563 2605/12564 # Spoke4
f 2602/12565 2603/12566 2607/12567 2606/12568 # Spoke4
f 2603/12569 2604/12570 2608/12571 2607/12572 # Spoke4
f 2604/12573 2601/12574 2605/12575 2608/12576 # Spoke4
f 2633/12577 2634/12578 2635/12579 2636/12580 # Spoke6
f 2637/12581 2638/12582 2639/12583 2640/12584 # Spoke6
f 2633/12585 2634/12586 2638/12587 2637/12588 # Spoke6
f 2634/12589 2635/12590 2639/12591 2638/12592 # Spoke6
f 2635/12593 2636/12594 2640/12595 2639/12596 # Spoke6
f 2636/12597 2633/12598 2637/12599 2640/12600 # Spoke6
f 3513/12601 3514/12602 3515/12603 3516/12604 # Car4_Body
f 3517/12605 3518/12606 3519/12607 3520/12608 # Car4_Body
f 3513/12609 3514/12610 3518/12611 3517/12612 # Car4_Body
f 3514/12613 3515/12614 3519/12615 3518/12616 # Car4_Body
f 3515/12617 3516/12618 3520/12619 3519/12620 # Car4_Body
f 3516/12621 3513/12622 3517/12623 3520/12624 # Car4_Body
o Cabin
usemtl Cabin
f 2545/12625 2546/12626 2547/12627 2548/12628 # Cabin0
f 2549/12629 2550/12630 2551/12631 2552/12632 # Cabin0
f 2545/12633 2546/12634 2550/12635 2549/12636 # Cabin0
f 2546/12637 2547/12638 2551/12639 2550/12640 # Cabin0
f 2547/12641 2548/12642 2552/12643 2551/12644 # Cabin0
f 2548/12645 2545/12646 2549/12647 2552/12648 # Cabin0
f 2561/12649 2562/12650 2563/12651 2564/12652 # Cabin1
f 2565/12653 2566/12654 2567/12655 2568/12656 # Cabin1
f 2561/12657 2562/12658 2566/12659 2565/12660 # Cabin1
f 2562/12661 2563/12662 2567/12663 2566/12664 # Cabin1
f 2563/12665 2564/12666 2568/12667 2567/12668 # Cabin1
f 2564/12669 2561/12670 2565/12671 2568/12672 # Cabin1
f 2577/12673 2578/12674 2579/12675 2580/12676 # Cabin2
f 2581/12677 2582/12678 2583/12679 2584/12680 # Cabin2
f 2577/12681 2578/12682 2582/12683 2581/12684 # Cabin2
f 2578/12685 2579/12686 2583/12687 2582/12688 # Cabin2
f 2579/12689 2580/12690 2584/12691 2583/12692 # Cabin2
f 2580/12693 2577/12694 2581/12695 2584/12696 # Cabin2
f 2593/12697 2594/12698 2595/12699 2596/12700 # Cabin3
f 2597/12701 2598/12702 2599/12703 2600/12704 # Cabin3
f 2593/12705 2594/12706 2598/12707 2597/12708 # Cabin3
f 2594/12709 2595/12710 2599/12711 2598/12712 # Cabin3
f 2595/12713 2596/12714 2600/12715 2599/12716 # Cabin3
f 2596/12717 2593/12718 2597/12719 2600/12720 # Cabin3
f 2609/12721 2610/12722 2611/12723 2612/12724 # Cabin4
f 2613/12725 2614/12726 2615/12727 2616/12728 # Cabin4
f 2609/12729 2610/12730 2614/12731 2613/12732 # Cabin4
f 2610/12733 2611/12734 2615/12735 2614/12736 # Cabin4
f 2611/12737 2612/12738 2616/12739 2615/12740 # Cabin4
f 2612/12741 2609/12742 2613/12743 2616/12744 # Cabin4
f 2625/12745 2626/12746 2627/12747 2628/12748 # Cabin5
f 2629/12749 2630/12750 2631/12751 2632/12752 # Cabin5
f 2625/12753 2626/12754 2630/12755 2629/12756 # Cabin5
f 2626/12757 2627/12758 2631/12759 2630/12760 # Cabin5
f 2627/12761 2628/12762 2632/12763 2631/12764 # Cabin5
f 2628/12765 2625/12766 2629/12767 2632/12768 # Cabin5
f 2641/12769 2642/12770 2643/12771 2644/12772 # Cabin6
f 2645/12773 2646/12774 2647/12775 2648/12776 # Cabin6
f 2641/12777 2642/12778 2646/12779 2645/12780 # Cabin6
f 2642/12781 2643/12782 2647/12783 2646/12784 # Cabin6
f 2643/12785 2644/12786 2648/12787 2647/12788 # Cabin6
f 2644/12789 2641/12790 2645/12791 2648/12792 # Cabin6
f 2657/12793 2658/12794 2659/12795 2660/12796 # Cabin7
f 2661/12797 2662/12798 2663/12799 2664/12800 # Cabin7
f 2657/12801 2658/12802 2662/12803 2661/12804 # Cabin7
f 2658/12805 2659/12806 2663/12807 2662/12808 # Cabin7
f 2659/12809 2660/12810 2664/12811 2663/12812 # Cabin7
f 2660/12813 2657/12814 2661/12815 2664/12816 # Cabin7
o WheelGreen
usemtl WheelGreen
f 2553/12817 2554/12818 2555/12819 2556/12820 # Spoke1
f 2557/12821 2558/12822 2559/12823 2560/12824 # Spoke1
f 2553/12825 2554/12826 2558/12827 2557/12828 # Spoke1
f 2554/12829 2555/12830 2559/12831 2558/12832 # Spoke1
f 2555/12833 2556/12834 2560/12835 2559/12836 # Spoke1
f 2556/12837 2553/12838 2557/12839 2560/12840 # Spoke1
f 2585/12841 2586/12842 2587/12843 2588/12844 # Spoke3
f 2589/12845 2590/12846 2591/12847 2592/12848 # Spoke3
f 2585/12849 2586/12850 2590/12851 2589/12852 # Spoke3
f 2586/12853 2587/12854 2591/12855 2590/12856 # Spoke3
f 2587/12857 2588/12858 2592/12859 2591/12860 # Spoke3
f 2588/12861 2585/12862 2589/12863 2592/12864 # Spoke3
f 2617/12865 2618/12866 2619/12867 2620/12868 # Spoke5
f 2621/12869 2622/12870 2623/12871 2624/12872 # Spoke5
f 2617/12873 2618/12874 2622/12875 2621/12876 # Spoke5
f 2618/12877 2619/12878 2623/12879 2622/12880 # Spoke5
f 2619/12881 2620/12882 2624/12883 2623/12884 # Spoke5
f 2620/12885 2617/12886 2621/12887 2624/12888 # Spoke5
f 2649/12889 2650/12890 2651/12891 2652/12892 # Spoke7
f 2653/12893 2654/12894 2655/12895 2656/12896 # Spoke7
f 2649/12897 2650/12898 2654/12899 2653/12900 # Spoke7
f 2650/12901 2651/12902 2655/12903 2654/12904 # Spoke7
f 2651/12905 2652/12906 2656/12907 2655/12908 # Spoke7
f 2652/12909 2649/12910 2653/12911 2656/12912 # Spoke7
f 3025/12913 3026/12914 3027/12915 3028/12916 # Boat3_Hull
f 3029/12917 3030/12918 3031/12919 3032/12920 # Boat3_Hull
f 3025/12921 3026/12922 3030/12923 3029/12924 # Boat3_Hull
f 3026/12925 3027/12926 3031/12927 3030/12928 # Boat3_Hull
f 3027/12929 3028/12930 3032/12931 3031/12932 # Boat3_Hull
f 3028/12933 3025/12934 3029/12935 3032/12936 # Boat3_Hull
f 3033/12937 3034/12938 3035/12939 3036/12940 # Boat3_Bow
f 3037/12941 3038/12942 3039/12943 3040/12944 # Boat3_Bow
f 3033/12945 3034/12946 3038/12947 3037/12948 # Boat3_Bow
f 3034/12949 3035/12950 3039/12951 3038/12952 # Boat3_Bow
f 3035/12953 3036/12954 3040/12955 3039/12956 # Boat3_Bow
f 3036/12957 3033/12958 3037/12959 3040/12960 # Boat3_Bow
o Grass
usemtl Grass
f 3257/12961 3258/12962 3259/12963 3260/12964 # ParkGrass
f 3261/12965 3262/12966 3263/12967 3264/12968 # ParkGrass
f 3257/12969 3258/12970 3262/12971 3261/12972 # ParkGrass
f 3258/12973 3259/12974 3263/12975 3262/12976 # ParkGrass
f 3259/12977 3260/12978 3264/12979 3263/12980 # ParkGrass
f 3260/12981 3257/12982 3261/12983 3264/12984 # ParkGrass
o LampGlow
usemtl LampGlow
f 3665/12985 3666/12986 3667/12987 3668/12988 # LampH0
f 3669/12989 3670/12990 3671/12991 3672/12992 # LampH0
f 3665/12993 3666/12994 3670/12995 3669/12996 # LampH0
f 3666/12997 3667/12998 3671/12999 3670/13000 # LampH0
f 3667/13001 3668/13002 3672/13003 3671/13004 # LampH0
f 3668/13005 3665/13006 3669/13007 3672/13008 # LampH0
f 3681/13009 3682/13010 3683/13011 3684/13012 # LampH1
f 3685/13013 3686/13014 3687/13015 3688/13016 # LampH1
f 3681/13017 3682/13018 3686/13019 3685/13020 # LampH1
f 3682/13021 3683/13022 3687/13023 3686/13024 # LampH1
f 3683/13025 3684/13026 3688/13027 3687/13028 # LampH1
f 3684/13029 3681/13030 3685/13031 3688/13032 # LampH1
f 3697/13033 3698/13034 3699/13035 3700/13036 # LampH2
f 3701/13037 3702/13038 3703/13039 3704/13040 # LampH2
f 3697/13041 3698/13042 3702/13043 3701/13044 # LampH2
f 3698/13045 3699/13046 3703/13047 3702/13048 # LampH2
f 3699/13049 3700/13050 3704/13051 3703/13052 # LampH2
f 3700/13053 3697/13054 3701/13055 3704/13056 # LampH2
f 3713/13057 3714/13058 3715/13059 3716/13060 # LampH3
f 3717/13061 3718/13062 3719/13063 3720/13064 # LampH3
f 3713/13065 3714/13066 3718/13067 3717/13068 # LampH3
f 3714/13069 3715/13070 3719/13071 3718/13072 # LampH3
f 3715/13073 3716/13074 3720/13075 3719/13076 # LampH3
f 3716/13077 3713/13078 3717/13079 3720/13080 # LampH3
f 3729/13081 3730/13082 3731/13083 3732/13084 # LampH4
f 3733/13085 3734/13086 3735/13087 3736/13088 # LampH4
f 3729/13089 3730/13090 3734/13091 3733/13092 # LampH4
f 3730/13093 3731/13094 3735/13095 3734/13096 # LampH4
f 3731/13097 3732/13098 3736/13099 3735/13100 # LampH4
f 3732/13101 3729/13102 3733/13103 3736/13104 # LampH4
f 3745/13105 3746/13106 3747/13107 3748/13108 # LampH5
f 3749/13109 3750/13110 3751/13111 3752/13112 # LampH5
f 3745/13113 3746/13114 3750/13115 3749/13116 # LampH5
f 3746/13117 3747/13118 3751/13119 3750/13120 # LampH5
f 3747/13121 3748/13122 3752/13123 3751/13124 # LampH5
f 3748/13125 3745/13126 3749/13127 3752/13128 # LampH5
f 3761/13129 3762/13130 3763/13131 3764/13132 # LampH6
f 3765/13133 3766/13134 3767/13135 3768/13136 # LampH6
f 3761/13137 3762/13138 3766/13139 3765/13140 # LampH6
f 3762/13141 3763/13142 3767/13143 3766/13144 # LampH6
f 3763/13145 3764/13146 3768/13147 3767/13148 # LampH6
f 3764/13149 3761/13150 3765/13151 3768/13152 # LampH6
f 3777/13153 3778/13154 3779/13155 3780/13156 # LampH7
f 3781/13157 3782/13158 3783/13159 3784/13160 # LampH7
f 3777/13161 3778/13162 3782/13163 3781/13164 # LampH7
f 3778/13165 3779/13166 3783/13167 3782/13168 # LampH7
f 3779/13169 3780/13170 3784/13171 3783/13172 # LampH7
f 3780/13173 3777/13174 3781/13175 3784/13176 # LampH7
f 3793/13177 3794/13178 3795/13179 3796/13180 # LampH8
f 3797/13181 3798/13182 3799/13183 3800/13184 # LampH8
f 3793/13185 3794/13186 3798/13187 3797/13188 # LampH8
f 3794/13189 3795/13190 3799/13191 3798/13192 # LampH8
f 3795/13193 3796/13194 3800/13195 3799/13196 # LampH8
f 3796/13197 3793/13198 3797/13199 3800/13200 # LampH8
f 3809/13201 3810/13202 3811/13203 3812/13204 # LampH9
f 3813/13205 3814/13206 3815/13207 3816/13208 # LampH9
f 3809/13209 3810/13210 3814/13211 3813/13212 # LampH9
f 3810/13213 3811/13214 3815/13215 3814/13216 # LampH9
f 3811/13217 3812/13218 3816/13219 3815/13220 # LampH9
f 3812/13221 3809/13222 3813/13223 3816/13224 # LampH9
f 3825/13225 3826/13226 3827/13227 3828/13228 # LampH10
f 3829/13229 3830/13230 3831/13231 3832/13232 # LampH10
f 3825/13233 3826/13234 3830/13235 3829/13236 # LampH10
f 3826/13237 3827/13238 3831/13239 3830/13240 # LampH10
f 3827/13241 3828/13242 3832/13243 3831/13244 # LampH10
f 3828/13245 3825/13246 3829/13247 3832/13248 # LampH10
f 3841/13249 3842/13250 3843/13251 3844/13252 # LampH11
f 3845/13253 3846/13254 3847/13255 3848/13256 # LampH11
f 3841/13257 3842/13258 3846/13259 3845/13260 # LampH11
f 3842/13261 3843/13262 3847/13263 3846/13264 # LampH11
f 3843/13265 3844/13266 3848/13267 3847/13268 # LampH11
f 3844/13269 3841/13270 3845/13271 3848/13272 # LampH11
f 3857/13273 3858/13274 3859/13275 3860/13276 # LampH12
f 3861/13277 3862/13278 3863/13279 3864/13280 # LampH12
f 3857/13281 3858/13282 3862/13283 3861/13284 # LampH12
f 3858/13285 3859/13286 3863/13287 3862/13288 # LampH12
f 3859/13289 3860/13290 3864/13291 3863/13292 # LampH12
f 3860/13293 3857/13294 3861/13295 3864/13296 # LampH12
f 3873/13297 3874/13298 3875/13299 3876/13300 # LampH13
f 3877/13301 3878/13302 3879/13303 3880/13304 # LampH13
f 3873/13305 3874/13306 3878/13307 3877/13308 # LampH13
f 3874/13309 3875/13310 3879/13311 3878/13312 # LampH13
f 3875/13313 3876/13314 3880/13315 3879/13316 # LampH13
f 3876/13317 3873/13318 3877/13319 3880/13320 # LampH13
f 3889/13321 3890/13322 3891/13323 3892/13324 # LampH14
f 3893/13325 3894/13326 3895/13327 3896/13328 # LampH14
f 3889/13329 3890/13330 3894/13331 3893/13332 # LampH14
f 3890/13333 3891/13334 3895/13335 3894/13336 # LampH14
f 3891/13337 3892/13338 3896/13339 3895/13340 # LampH14
f 3892/13341 3889/13342 3893/13343 3896/13344 # LampH14
f 3905/13345 3906/13346 3907/13347 3908/13348 # LampH15
f 3909/13349 3910/13350 3911/13351 3912/13352 # LampH15
f 3905/13353 3906/13354 3910/13355 3909/13356 # LampH15
f 3906/13357 3907/13358 3911/13359 3910/13360 # LampH15
f 3907/13361 3908/13362 3912/13363 3911/13364 # LampH15
f 3908/13365 3905/13366 3909/13367 3912/13368 # LampH15
f 3921/13369 3922/13370 3923/13371 3924/13372 # LampH16
f 3925/13373 3926/13374 3927/13375 3928/13376 # LampH16
f 3921/13377 3922/13378 3926/13379 3925/13380 # LampH16
f 3922/13381 3923/13382 3927/13383 3926/13384 # LampH16
f 3923/13385 3924/13386 3928/13387 3927/13388 # LampH16
f 3924/13389 3921/13390 3925/13391 3928/13392 # LampH16
f 3937/13393 3938/13394 3939/13395 3940/13396 # LampH17
f 3941/13397 3942/13398 3943/13399 3944/13400 # LampH17
f 3937/13401 3938/13402 3942/13403 3941/13404 # LampH17
f 3938/13405 3939/13406 3943/13407 3942/13408 # LampH17
f 3939/13409 3940/13410 3944/13411 3943/13412 # LampH17
f 3940/13413 3937/13414 3941/13415 3944/13416 # LampH17
f 3953/13417 3954/13418 3955/13419 3956/13420 # LampH18
f 3957/13421 3958/13422 3959/13423 3960/13424 # LampH18
f 3953/13425 3954/13426 3958/13427 3957/13428 # LampH18
f 3954/13429 3955/13430 3959/13431 3958/13432 # LampH18
f 3955/13433 3956/13434 3960/13435 3959/13436 # LampH18
f 3956/13437 3953/13438 3957/13439 3960/13440 # LampH18
f 3969/13441 3970/13442 3971/13443 3972/13444 # LampH19
f 3973/13445 3974/13446 3975/13447 3976/13448 # LampH19
f 3969/13449 3970/13450 3974/13451 3973/13452 # LampH19
f 3970/13453 3971/13454 3975/13455 3974/13456 # LampH19
f 3971/13457 3972/13458 3976/13459 3975/13460 # LampH19
f 3972/13461 3969/13462 3973/13463 3976/13464 # LampH19
f 3985/13465 3986/13466 3987/13467 3988/13468 # LampH20
f 3989/13469 3990/13470 3991/13471 3992/13472 # LampH20
f 3985/13473 3986/13474 3990/13475 3989/13476 # LampH20
f 3986/13477 3987/13478 3991/13479 3990/13480 # LampH20
f 3987/13481 3988/13482 3992/13483 3991/13484 # LampH20
f 3988/13485 3985/13486 3989/13487 3992/13488 # LampH20
f 4001/13489 4002/13490 4003/13491 4004/13492 # LampH21
f 4005/13493 4006/13494 4007/13495 4008/13496 # LampH21
f 4001/13497 4002/13498 4006/13499 4005/13500 # LampH21
f 4002/13501 4003/13502 4007/13503 4006/13504 # LampH21
f 4003/13505 4004/13506 4008/13507 4007/13508 # LampH21
f 4004/13509 4001/13510 4005/13511 4008/13512 # LampH21
f 4017/13513 4018/13514 4019/13515 4020/13516 # LampH22
f 4021/13517 4022/13518 4023/13519 4024/13520 # LampH22
f 4017/13521 4018/13522 4022/13523 4021/13524 # LampH22
f 4018/13525 4019/13526 4023/13527 4022/13528 # LampH22
f 4019/13529 4020/13530 4024/13531 4023/13532 # LampH22
f 4020/13533 4017/13534 4021/13535 4024/13536 # LampH22
f 4033/13537 4034/13538 4035/13539 4036/13540 # LampH23
f 4037/13541 4038/13542 4039/13543 4040/13544 # LampH23
f 4033/13545 4034/13546 4038/13547 4037/13548 # LampH23
f 4034/13549 4035/13550 4039/13551 4038/13552 # LampH23
f 4035/13553 4036/13554 4040/13555 4039/13556 # LampH23
f 4036/13557 4033/13558 4037/13559 4040/13560 # LampH23
f 4049/13561 4050/13562 4051/13563 4052/13564 # LampH24
f 4053/13565 4054/13566 4055/13567 4056/13568 # LampH24
f 4049/13569 4050/13570 4054/13571 4053/13572 # LampH24
f 4050/13573 4051/13574 4055/13575 4054/13576 # LampH24
f 4051/13577 4052/13578 4056/13579 4055/13580 # LampH24
f 4052/13581 4049/13582 4053/13583 4056/13584 # LampH24
f 4065/13585 4066/13586 4067/13587 4068/13588 # LampH25
f 4069/13589 4070/13590 4071/13591 4072/13592 # LampH25
f 4065/13593 4066/13594 4070/13595 4069/13596 # LampH25
f 4066/13597 4067/13598 4071/13599 4070/13600 # LampH25
f 4067/13601 4068/13602 4072/13603 4071/13604 # LampH25
f 4068/13605 4065/13606 4069/13607 4072/13608 # LampH25
f 4081/13609 4082/13610 4083/13611 4084/13612 # LampH26
f 4085/13613 4086/13614 4087/13615 4088/13616 # LampH26
f 4081/13617 4082/13618 4086/13619 4085/13620 # LampH26
f 4082/13621 4083/13622 4087/13623 4086/13624 # LampH26
f 4083/13625 4084/13626 4088/13627 4087/13628 # LampH26
f 4084/13629 4081/13630 4085/13631 4088/13632 # LampH26
f 4097/13633 4098/13634 4099/13635 4100/13636 # LampH27
f 4101/13637 4102/13638 4103/13639 4104/13640 # LampH27
f 4097/13641 4098/13642 4102/13643 4101/13644 # LampH27
f 4098/13645 4099/13646 4103/13647 4102/13648 # LampH27
f 4099/13649 4100/13650 4104/13651 4103/13652 # LampH27
f 4100/13653 4097/13654 4101/13655 4104/13656 # LampH27
f 4113/13657 4114/13658 4115/13659 4116/13660 # LampH28
f 4117/13661 4118/13662 4119/13663 4120/13664 # LampH28
f 4113/13665 4114/13666 4118/13667 4117/13668 # LampH28
f 4114/13669 4115/13670 4119/13671 4118/13672 # LampH28
f 4115/13673 4116/13674 4120/13675 4119/13676 # LampH28
f 4116/13677 4113/13678 4117/13679 4120/13680 # LampH28
f 4129/13681 4130/13682 4131/13683 4132/13684 # LampH29
f 4133/13685 4134/13686 4135/13687 4136/13688 # LampH29
f 4129/13689 4130/13690 4134/13691 4133/13692 # LampH29
f 4130/13693 4131/13694 4135/13695 4134/13696 # LampH29
f 4131/13697 4132/13698 4136/13699 4135/13700 # LampH29
f 4132/13701 4129/13702 4133/13703 4136/13704 # LampH29
f 4145/13705 4146/13706 4147/13707 4148/13708 # LampH30
f 4149/13709 4150/13710 4151/13711 4152/13712 # LampH30
f 4145/13713 4146/13714 4150/13715 4149/13716 # LampH30
f 4146/13717 4147/13718 4151/13719 4150/13720 # LampH30
f 4147/13721 4148/13722 4152/13723 4151/13724 # LampH30
f 4148/13725 4145/13726 4149/13727 4152/13728 # LampH30
f 4161/13729 4162/13730 4163/13731 4164/13732 # LampH31
f 4165/13733 4166/13734 4167/13735 4168/13736 # LampH31
f 4161/13737 4162/13738 4166/13739 4165/13740 # LampH31
f 4162/13741 4163/13742 4167/13743 4166/13744 # LampH31
f 4163/13745 4164/13746 4168/13747 4167/13748 # LampH31
f 4164/13749 4161/13750 4165/13751 4168/13752 # LampH31
f 4177/13753 4178/13754 4179/13755 4180/13756 # LampH32
f 4181/13757 4182/13758 4183/13759 4184/13760 # LampH32
f 4177/13761 4178/13762 4182/13763 4181/13764 # LampH32
f 4178/13765 4179/13766 4183/13767 4182/13768 # LampH32
f 4179/13769 4180/13770 4184/13771 4183/13772 # LampH32
f 4180/13773 4177/13774 4181/13775 4184/13776 # LampH32
f 4193/13777 4194/13778 4195/13779 4196/13780 # LampH33
f 4197/13781 4198/13782 4199/13783 4200/13784 # LampH33
f 4193/13785 4194/13786 4198/13787 4197/13788 # LampH33
f 4194/13789 4195/13790 4199/13791 4198/13792 # LampH33
f 4195/13793 4196/13794 4200/13795 4199/13796 # LampH33
f 4196/13797 4193/13798 4197/13799 4200/13800 # LampH33
f 4209/13801 4210/13802 4211/13803 4212/13804 # LampH34
f 4213/13805 4214/13806 4215/13807 4216/13808 # LampH34
f 4209/13809 4210/13810 4214/13811 4213/13812 # LampH34
f 4210/13813 4211/13814 4215/13815 4214/13816 # LampH34
f 4211/13817 4212/13818 4216/13819 4215/13820 # LampH34
f 4212/13821 4209/13822 4213/13823 4216/13824 # LampH34
f 4225/13825 4226/13826 4227/13827 4228/13828 # LampH35
f 4229/13829 4230/13830 4231/13831 4232/13832 # LampH35
f 4225/13833 4226/13834 4230/13835 4229/13836 # LampH35
f 4226/13837 4227/13838 4231/13839 4230/13840 # LampH35
f 4227/13841 4228/13842 4232/13843 4231/13844 # LampH35
f 4228/13845 4225/13846 4229/13847 4232/13848 # LampH35
f 4241/13849 4242/13850 4243/13851 4244/13852 # LampH36
f 4245/13853 4246/13854 4247/13855 4248/13856 # LampH36
f 4241/13857 4242/13858 4246/13859 4245/13860 # LampH36
f 4242/13861 4243/13862 4247/13863 4246/13864 # LampH36
f 4243/13865 4244/13866 4248/13867 4247/13868 # LampH36
f 4244/13869 4241/13870 4245/13871 4248/13872 # LampH36
f 4257/13873 4258/13874 4259/13875 4260/13876 # LampH37
f 4261/13877 4262/13878 4263/13879 4264/13880 # LampH37
f 4257/13881 4258/13882 4262/13883 4261/13884 # LampH37
f 4258/13885 4259/13886 4263/13887 4262/13888 # LampH37
f 4259/13889 4260/13890 4264/13891 4263/13892 # LampH37
f 4260/13893 4257/13894 4261/13895 4264/13896 # LampH37
f 4273/13897 4274/13898 4275/13899 4276/13900 # LampH38
f 4277/13901 4278/13902 4279/13903 4280/13904 # LampH38
f 4273/13905 4274/13906 4278/13907 4277/13908 # LampH38
f 4274/13909 4275/13910 4279/13911 4278/13912 # LampH38
f 4275/13913 4276/13914 4280/13915 4279/13916 # LampH38
f 4276/13917 4273/13918 4277/13919 4280/13920 # LampH38
f 4289/13921 4290/13922 4291/13923 4292/13924 # LampH39
f 4293/13925 4294/13926 4295/13927 4296/13928 # LampH39
f 4289/13929 4290/13930 4294/13931 4293/13932 # LampH39
f 4290/13933 4291/13934 4295/13935 4294/13936 # LampH39
f 4291/13937 4292/13938 4296/13939 4295/13940 # LampH39
f 4292/13941 4289/13942 4293/13943 4296/13944 # LampH39
f 4305/13945 4306/13946 4307/13947 4308/13948 # LampH40
f 4309/13949 4310/13950 4311/13951 4312/13952 # LampH40
f 4305/13953 4306/13954 4310/13955 4309/13956 # LampH40
f 4306/13957 4307/13958 4311/13959 4310/13960 # LampH40
f 4307/13961 4308/13962 4312/13963 4311/13964 # LampH40
f 4308/13965 4305/13966 4309/13967 4312/13968 # LampH40
f 4321/13969 4322/13970 4323/13971 4324/13972 # LampH41
f 4325/13973 4326/13974 4327/13975 4328/13976 # LampH41
f 4321/13977 4322/13978 4326/13979 4325/13980 # LampH41
f 4322/13981 4323/13982 4327/13983 4326/13984 # LampH41
f 4323/13985 4324/13986 4328/13987 4327/13988 # LampH41
f 4324/13989 4321/13990 4325/13991 4328/13992 # LampH41
f 4337/13993 4338/13994 4339/13995 4340/13996 # LampH42
f 4341/13997 4342/13998 4343/13999 4344/14000 # LampH42
f 4337/14001 4338/14002 4342/14003 4341/14004 # LampH42
f 4338/14005 4339/14006 4343/14007 4342/14008 # LampH42
f 4339/14009 4340/14010 4344/14011 4343/14012 # LampH42
f 4340/14013 4337/14014 4341/14015 4344/14016 # LampH42
f 4353/14017 4354/14018 4355/14019 4356/14020 # LampH43
f 4357/14021 4358/14022 4359/14023 4360/14024 # LampH43
f 4353/14025 4354/14026 4358/14027 4357/14028 # LampH43
f 4354/14029 4355/14030 4359/14031 4358/14032 # LampH43
f 4355/14033 4356/14034 4360/14035 4359/14036 # LampH43
f 4356/14037 4353/14038 4357/14039 4360/14040 # LampH43
f 4369/14041 4370/14042 4371/14043 4372/14044 # LampH44
f 4373/14045 4374/14046 4375/14047 4376/14048 # LampH44
f 4369/14049 4370/14050 4374/14051 4373/14052 # LampH44
f 4370/14053 4371/14054 4375/14055 4374/14056 # LampH44
f 4371/14057 4372/14058 4376/14059 4375/14060 # LampH44
f 4372/14061 4369/14062 4373/14063 4376/14064 # LampH44
f 4385/14065 4386/14066 4387/14067 4388/14068 # LampH45
f 4389/14069 4390/14070 4391/14071 4392/14072 # LampH45
f 4385/14073 4386/14074 4390/14075 4389/14076 # LampH45
f 4386/14077 4387/14078 4391/14079 4390/14080 # LampH45
f 4387/14081 4388/14082 4392/14083 4391/14084 # LampH45
f 4388/14085 4385/14086 4389/14087 4392/14088 # LampH45
f 4401/14089 4402/14090 4403/14091 4404/14092 # LampH46
f 4405/14093 4406/14094 4407/14095 4408/14096 # LampH46
f 4401/14097 4402/14098 4406/14099 4405/14100 # LampH46
f 4402/14101 4403/14102 4407/14103 4406/14104 # LampH46
f 4403/14105 4404/14106 4408/14107 4407/14108 # LampH46
f 4404/14109 4401/14110 4405/14111 4408/14112 # LampH46
f 4417/14113 4418/14114 4419/14115 4420/14116 # LampH47
f 4421/14117 4422/14118 4423/14119 4424/14120 # LampH47
f 4417/14121 4418/14122 4422/14123 4421/14124 # LampH47
f 4418/14125 4419/14126 4423/14127 4422/14128 # LampH47
f 4419/14129 4420/14130 4424/14131 4423/14132 # LampH47
f 4420/14133 4417/14134 4421/14135 4424/14136 # LampH47
o Leaf
usemtl Leaf
f 4529/14137 4530/14138 4531/14139 4532/14140 # ST_C0
f 4533/14141 4534/14142 4535/14143 4536/14144 # ST_C0
f 4529/14145 4530/14146 4534/14147 4533/14148 # ST_C0
f 4530/14149 4531/14150 4535/14151 4534/14152 # ST_C0
f 4531/14153 4532/14154 4536/14155 4535/14156 # ST_C0
f 4532/14157 4529/14158 4533/14159 4536/14160 # ST_C0
f 4545/14161 4546/14162 4547/14163 4548/14164 # ST_C1
f 4549/14165 4550/14166 4551/14167 4552/14168 # ST_C1
f 4545/14169 4546/14170 4550/14171 4549/14172 # ST_C1
f 4546/14173 4547/14174 4551/14175 4550/14176 # ST_C1
f 4547/14177 4548/14178 4552/14179 4551/14180 # ST_C1
f 4548/14181 4545/14182 4549/14183 4552/14184 # ST_C1
f 4561/14185 4562/14186 4563/14187 4564/14188 # ST_C2
f 4565/14189 4566/14190 4567/14191 4568/14192 # ST_C2
f 4561/14193 4562/14194 4566/14195 4565/14196 # ST_C2
f 4562/14197 4563/14198 4567/14199 4566/14200 # ST_C2
f 4563/14201 4564/14202 4568/14203 4567/14204 # ST_C2
f 4564/14205 4561/14206 4565/14207 4568/14208 # ST_C2
f 4577/14209 4578/14210 4579/14211 4580/14212 # ST_C3
f 4581/14213 4582/14214 4583/14215 4584/14216 # ST_C3
f 4577/14217 4578/14218 4582/14219 4581/14220 # ST_C3
f 4578/14221 4579/14222 4583/14223 4582/14224 # ST_C3
f 4579/14225 4580/14226 4584/14227 4583/14228 # ST_C3
f 4580/14229 4577/14230 4581/14231 4584/14232 # ST_C3
f 4593/14233 4594/14234 4595/14235 4596/14236 # ST_C4
f 4597/14237 4598/14238 4599/14239 4600/14240 # ST_C4
f 4593/14241 4594/14242 4598/14243 4597/14244 # ST_C4
f 4594/14245 4595/14246 4599/14247 4598/14248 # ST_C4
f 4595/14249 4596/14250 4600/14251 4599/14252 # ST_C4
f 4596/14253 4593/14254 4597/14255 4600/14256 # ST_C4
f 4609/14257 4610/14258 4611/14259 4612/14260 # ST_C5
f 4613/14261 4614/14262 4615/14263 4616/14264 # ST_C5
f 4609/14265 4610/14266 4614/14267 4613/14268 # ST_C5
f 4610/14269 4611/14270 4615/14271 4614/14272 # ST_C5
f 4611/14273 4612/14274 4616/14275 4615/14276 # ST_C5
f 4612/14277 4609/14278 4613/14279 4616/14280 # ST_C5
f 4625/14281 4626/14282 4627/14283 4628/14284 # ST_C6
f 4629/14285 4630/14286 4631/14287 4632/14288 # ST_C6
f 4625/14289 4626/14290 4630/14291 4629/14292 # ST_C6
f 4626/14293 4627/14294 4631/14295 4630/14296 # ST_C6
f 4627/14297 4628/14298 4632/14299 4631/14300 # ST_C6
f 4628/14301 4625/14302 4629/14303 4632/14304 # ST_C6
f 4641/14305 4642/14306 4643/14307 4644/14308 # ST_C7
f 4645/14309 4646/14310 4647/14311 4648/14312 # ST_C7
f 4641/14313 4642/14314 4646/14315 4645/14316 # ST_C7
f 4642/14317 4643/14318 4647/14319 4646/14320 # ST_C7
f 4643/14321 4644/14322 4648/14323 4647/14324 # ST_C7
f 4644/14325 4641/14326 4645/14327 4648/14328 # ST_C7
f 4657/14329 4658/14330 4659/14331 4660/14332 # ST_C8
f 4661/14333 4662/14334 4663/14335 4664/14336 # ST_C8
f 4657/14337 4658/14338 4662/14339 4661/14340 # ST_C8
f 4658/14341 4659/14342 4663/14343 4662/14344 # ST_C8
f 4659/14345 4660/14346 4664/14347 4663/14348 # ST_C8
f 4660/14349 4657/14350 4661/14351 4664/14352 # ST_C8
f 4673/14353 4674/14354 4675/14355 4676/14356 # ST_C9
f 4677/14357 4678/14358 4679/14359 4680/14360 # ST_C9
f 4673/14361 4674/14362 4678/14363 4677/14364 # ST_C9
f 4674/14365 4675/14366 4679/14367 4678/14368 # ST_C9
f 4675/14369 4676/14370 4680/14371 4679/14372 # ST_C9
f 4676/14373 4673/14374 4677/14375 4680/14376 # ST_C9
f 4689/14377 4690/14378 4691/14379 4692/14380 # ST_C10
f 4693/14381 4694/14382 4695/14383 4696/14384 # ST_C10
f 4689/14385 4690/14386 4694/14387 4693/14388 # ST_C10
f 4690/14389 4691/14390 4695/14391 4694/14392 # ST_C10
f 4691/14393 4692/14394 4696/14395 4695/14396 # ST_C10
f 4692/14397 4689/14398 4693/14399 4696/14400 # ST_C10
f 4705/14401 4706/14402 4707/14403 4708/14404 # ST_C11
f 4709/14405 4710/14406 4711/14407 4712/14408 # ST_C11
f 4705/14409 4706/14410 4710/14411 4709/14412 # ST_C11
f 4706/14413 4707/14414 4711/14415 4710/14416 # ST_C11
f 4707/14417 4708/14418 4712/14419 4711/14420 # ST_C11
f 4708/14421 4705/14422 4709/14423 4712/14424 # ST_C11
f 4721/14425 4722/14426 4723/14427 4724/14428 # ST_C12
f 4725/14429 4726/14430 4727/14431 4728/14432 # ST_C12
f 4721/14433 4722/14434 4726/14435 4725/14436 # ST_C12
f 4722/14437 4723/14438 4727/14439 4726/14440 # ST_C12
f 4723/14441 4724/14442 4728/14443 4727/14444 # ST_C12
f 4724/14445 4721/14446 4725/14447 4728/14448 # ST_C12
f 4737/14449 4738/14450 4739/14451 4740/14452 # ST_C13
f 4741/14453 4742/14454 4743/14455 4744/14456 # ST_C13
f 4737/14457 4738/14458 4742/14459 4741/14460 # ST_C13
f 4738/14461 4739/14462 4743/14463 4742/14464 # ST_C13
f 4739/14465 4740/14466 4744/14467 4743/14468 # ST_C13
f 4740/14469 4737/14470 4741/14471 4744/14472 # ST_C13
f 4753/14473 4754/14474 4755/14475 4756/14476 # ST_C14
f 4757/14477 4758/14478 4759/14479 4760/14480 # ST_C14
f 4753/14481 4754/14482 4758/14483 4757/14484 # ST_C14
f 4754/14485 4755/14486 4759/14487 4758/14488 # ST_C14
f 4755/14489 4756/14490 4760/14491 4759/14492 # ST_C14
f 4756/14493 4753/14494 4757/14495 4760/14496 # ST_C14
f 4769/14497 4770/14498 4771/14499 4772/14500 # ST_C15
f 4773/14501 4774/14502 4775/14503 4776/14504 # ST_C15
f 4769/14505 4770/14506 4774/14507 4773/14508 # ST_C15
f 4770/14509 4771/14510 4775/14511 4774/14512 # ST_C15
f 4771/14513 4772/14514 4776/14515 4775/14516 # ST_C15
f 4772/14517 4769/14518 4773/14519 4776/14520 # ST_C15
f 4785/14521 4786/14522 4787/14523 4788/14524 # ST_C16
f 4789/14525 4790/14526 4791/14527 4792/14528 # ST_C16
f 4785/14529 4786/14530 4790/14531 4789/14532 # ST_C16
f 4786/14533 4787/14534 4791/14535 4790/14536 # ST_C16
f 4787/14537 4788/14538 4792/14539 4791/14540 # ST_C16
f 4788/14541 4785/14542 4789/14543 4792/14544 # ST_C16
f 4801/14545 4802/14546 4803/14547 4804/14548 # ST_C17
f 4805/14549 4806/14550 4807/14551 4808/14552 # ST_C17
f 4801/14553 4802/14554 4806/14555 4805/14556 # ST_C17
f 4802/14557 4803/14558 4807/14559 4806/14560 # ST_C17
f 4803/14561 4804/14562 4808/14563 4807/14564 # ST_C17
f 4804/14565 4801/14566 4805/14567 4808/14568 # ST_C17
f 4817/14569 4818/14570 4819/14571 4820/14572 # ST_C18
f 4821/14573 4822/14574 4823/14575 4824/14576 # ST_C18
f 4817/14577 4818/14578 4822/14579 4821/14580 # ST_C18
f 4818/14581 4819/14582 4823/14583 4822/14584 # ST_C18
f 4819/14585 4820/14586 4824/14587 4823/14588 # ST_C18
f 4820/14589 4817/14590 4821/14591 4824/14592 # ST_C18
f 4833/14593 4834/14594 4835/14595 4836/14596 # ST_C19
f 4837/14597 4838/14598 4839/14599 4840/14600 # ST_C19
f 4833/14601 4834/14602 4838/14603 4837/14604 # ST_C19
f 4834/14605 4835/14606 4839/14607 4838/14608 # ST_C19
f 4835/14609 4836/14610 4840/14611 4839/14612 # ST_C19
f 4836/14613 4833/14614 4837/14615 4840/14616 # ST_C19
f 4849/14617 4850/14618 4851/14619 4852/14620 # BigC0
f 4853/14621 4854/14622 4855/14623 4856/14624 # BigC0
f 4849/14625 4850/14626 4854/14627 4853/14628 # BigC0
f 4850/14629 4851/14630 4855/14631 4854/14632 # BigC0
f 4851/14633 4852/14634 4856/14635 4855/14636 # BigC0
f 4852/14637 4849/14638 4853/14639 4856/14640 # BigC0
f 4865/14641 4866/14642 4867/14643 4868/14644 # BigC1
f 4869/14645 4870/14646 4871/14647 4872/14648 # BigC1
f 4865/14649 4866/14650 4870/14651 4869/14652 # BigC1
f 4866/14653 4867/14654 4871/14655 4870/14656 # BigC1
f 4867/14657 4868/14658 4872/14659 4871/14660 # BigC1
f 4868/14661 4865/14662 4869/14663 4872/14664 # BigC1
f 4881/14665 4882/14666 4883/14667 4884/14668 # BigC2
f 4885/14669 4886/14670 4887/14671 4888/14672 # BigC2
f 4881/14673 4882/14674 4886/14675 4885/14676 # BigC2
f 4882/14677 4883/14678 4887/14679 4886/14680 # BigC2
f 4883/14681 4884/14682 4888/14683 4887/14684 # BigC2
f 4884/14685 4881/14686 4885/14687 4888/14688 # BigC2
f 4897/14689 4898/14690 4899/14691 4900/14692 # BigC3
f 4901/14693 4902/14694 4903/14695 4904/14696 # BigC3
f 4897/14697 4898/14698 4902/14699 4901/14700 # BigC3
f 4898/14701 4899/14702 4903/14703 4902/14704 # BigC3
f 4899/14705 4900/14706 4904/14707 4903/14708 # BigC3
f 4900/14709 4897/14710 4901/14711 4904/14712 # BigC3
